time,x,y,left_dist
365867,313.576770408538,375.839456827592,10.3253173828125
365905.43,326.121857677351,375.122569270638,10.4174995422363
365931.47,341.039948943669,374.322289101644,10.4563236236572
365963.38,354.655856966676,371.307216057012,10.413007736206
365999.01,359.936795644212,372.121642048392,10.4955196380615
366027.92,357.187245323297,373.080504572161,10.5650424957275
366084.86,353.07519629607,375.174922558817,10.2439498901367
366107.86,347.630048416278,373.431030862182,10.468053817749
366140.74,341.698902591467,371.965664170058,10.7183933258056
366171.81,336.864975763862,368.816508482144,10.6567955017089
366205.44,336.199090551284,363.288534451195,10.4969501495361
366239.49,335.658957004653,359.039585060303,10.8338928222656
366273.33,335.326858510652,355.472188119891,10.6228351593017
366301.09,336.23635069527,353.60079617134,10.6114482879638
366331.24,336.747346689626,353.626552347031,10.5914211273193
366365.27,337.104100481818,357.588069835971,10.5484199523925
366401.9,336.815326971239,360.340928387366,10.4792118072509
366430.38,336.248618280669,364.676466818419,10.3500366210937
366476.15,334.15122481823,369.337552447884,10.4907989501953
366513.13,335.812172953231,371.765414071507,10.5656433105468
366541.4,341.198785037762,370.306689300496,10.5586051940917
366574.36,348.770540685782,367.734327399146,10.3821372985839
366603.54,359.839624726104,366.425661538853,10.5691051483154
366639,371.431006516891,363.088623566846,10.4221630096435
366668.19,380.702143647912,361.08221103983,10.7315254211425
366699.74,383.381712582706,361.551582429235,10.5933380126953
366737.05,384.651668233276,360.768938962098,10.6286430358886
366764.62,387.529718174334,359.965999991015,10.4174995422363
366797.53,392.008850186445,360.165147056765,10.4180717468261
366833.61,396.408868514336,360.880049932675,10.2766227722167
366877.82,405.080073403273,360.110036196184,10.6942176818847
366909.96,413.633865806643,362.590011141324,10.3274059295654
366946.46,418.656669742569,364.253638303722,10.2154827117919
366974.33,419.409468391309,365.217251146521,10.5900764465332
367005.57,418.326736522599,368.085560880074,10.5895042419433
367037.26,418.249660278086,373.723418565973,10.6430625915527
367070.22,418.281066932121,378.072099071811,10.6064701080322
367104.49,417.222639732188,381.522430856675,10.4407882690429
367132.81,418.973723915818,382.624384042056,10.3935241699218
367162.95,416.786645164975,377.84189172749,10.4965782165527
367196.72,407.529956660912,370.207505009033,10.4872798919677
367234.02,395.738633439068,361.688407515569,10.3914642333984
367276.27,384.249774984502,353.008666710587,10.4790115356445
367310.52,370.820380954453,347.500562240614,10.5586624145507
367344.69,361.259081624424,344.175635732138,10.5502796173095
367372.42,359.001284553798,341.699503439263,10.7670021057128
367407.69,372.729826377153,343.361756508709,10.7691192626953
367440.16,395.905190693525,347.362084919284,10.6299877166748
367467.53,427.375584795673,352.325187924764,10.5939674377441
367500.91,460.840516883644,354.77432248319,10.737018585205
367534.96,492.919960888891,355.314172668203,10.8241367340087
367567.9,518.70878784955,350.617525770065,10.4233932495117
367595.57,543.701177147119,343.272560325992,10.4580974578857
367632.25,566.51480546246,334.761950517508,10.6424617767333
367675.2,589.68307409511,328.031458326032,10.5694770812988
367708.73,612.943273856165,322.775238519702,10.7347297668457
367742.29,628.843098418538,319.316657824647,10.7025432586669
367774.23,634.540414115563,316.504963900008,10.5329132080078
367804.61,634.387721002486,313.915381349186,10.4411888122558
367836.81,630.453734159869,315.894358464795,10.7438278198242
367870.09,621.964439365435,320.926166427347,10.8839893341064
367906.16,612.603800389146,327.638641189429,10.6541633605957
367932.28,604.724565033628,336.830409057452,10.7419395446777
367964.51,597.111404725368,345.622915334557,10.6702995300292
367999.67,591.963374039975,350.060636620815,11.0254096984863
368028.93,589.330826204873,351.255165703351,10.795841217041
368062.25,585.955994216877,346.998047328966,11.0602569580078
368112.86,584.015231002354,338.344688691951,10.663719177246
368140.25,584.280812603496,329.755670659728,10.6193447113037
368171.02,584.079941651195,321.416848664135,10.7021141052246
368207.63,588.871245596789,313.900040902215,10.4355525970458
368240.06,597.846958116081,310.424478035483,10.6132507324218
368267.6,605.888834052726,309.170998076226,10.4660511016845
368305.23,613.688557412075,312.550878041183,10.7134437561035
368333.4,621.160393969753,318.817997877704,11.0010623931884
368364.42,619.002937680155,326.656035928939,10.7396793365478
368402.68,610.192064837086,337.533533191863,10.7862281799316
368429.83,597.683250615635,347.85109732849,10.6526470184326
368458.44,582.550630527085,358.835899670752,10.8515167236328
368513.22,569.217112216227,365.119749477146,10.2526473999023
368539.4,561.070629852907,367.931165594476,10.6787109375
368573.76,557.66275801396,366.675723554195,10.6741333007812
368609.71,557.527649330688,366.019636313889,10.8079719543457
368636.12,559.270268249685,362.924467146191,10.5049324035644
368668.01,561.244729046894,362.272695117547,10.5367469787597
368705.69,562.804240354241,363.449897065078,10.6541633605957
368737.54,573.654457564561,369.976711565293,10.5178356170654
368763.46,601.108547427806,375.599466646506,10.4341793060302
368800.21,636.582761746832,375.598752451562,10.3880882263183
368828.34,671.116208359222,373.408556729944,10.5564022064208
368859.34,706.751854003716,372.751910037502,10.5332851409912
368914.25,734.761225323461,366.445280991584,10.3875732421875
368941.19,744.287902827951,356.570356126236,10.6721878051757
368971.39,743.094993812013,348.203786447693,10.2807426452636
369002.88,743.019951045807,341.018780970852,10.2867794036865
369038.01,742.558484072849,331.751997179562,10.0792694091796
369069.67,750.478597395334,328.144589116833,10.4546070098876
369105.22,766.375917530876,326.576977726799,10.3738117218017
369133.14,788.473588525499,330.779795876762,10.537691116333
369164.57,812.004438827782,331.330387484693,10.4909133911132
369200.24,835.358793144713,333.040634252189,10.4710006713867
369232.6,846.295828873147,329.825352241934,10.4429340362548
369259.74,848.899825166077,326.473838142159,10.4078292846679
369313.38,848.412342958531,321.22403320215,10.444164276123
369339.12,845.997287133946,321.835659389042,10.4390716552734
369372.45,843.692682803049,321.090750171266,10.2724742889404
369410.68,845.589985914668,320.240313466026,10.5474185943603
369434.55,850.419719824632,323.216553756387,10.4173851013183
369467.24,853.012280793813,325.003933786572,10.4391574859619
369503.7,853.594084223814,322.763103572892,10.4575824737548
369532.81,854.23788923595,324.712647471326,10.3420543670654
369571.42,852.799183029878,327.93779288625,10.4816150665283
369597.01,851.709856495786,328.00967871478,10.2519035339355
369628.75,852.743342219877,326.40889769996,10.3961277008056
369661.62,855.111042041641,332.53884332268,10.2693557739257
369710.76,857.704846521383,339.478827384547,10.1175212860107
369742.59,859.922779452619,350.34860755961,9.66316223144531
369774.42,863.600753850712,369.320532655123,9.74916458129882
369807.12,876.707090624251,394.763439440324,9.19878959655761
369837.13,897.293608787044,417.836590659026,9.36318397521972
369869.82,922.397647600275,435.561307534889,9.18574333190918
369906.35,947.117737224493,446.718779138523,9.27789688110351
369933.1,969.267992966766,449.352772241789,9.50620651245117
369965.93,980.584802825275,444.481316869246,9.55026626586914
369996.91,982.818488021564,435.415090521186,9.51224327087402
370028.84,980.167007732748,423.463734675014,9.62159156799316
370065.72,977.142539067055,414.008005809259,9.74701881408691
370107.83,974.672638018707,408.178690910905,9.7393798828125
370144.75,972.768838767456,405.60637565344,9.65160369873046
370175.11,973.512414368515,402.873550362555,9.41762924194336
370203.83,974.599766474726,402.590343100869,9.65303421020507
370243.96,976.976496557619,401.155034610554,9.86732482910156
370269.36,977.621966171433,397.806772796455,9.89516258239746
370301.8,978.503513979256,393.465066912992,9.92411613464355
370332.9,978.00580417378,390.561562431888,9.78501319885253
370368.83,977.185410208443,388.574550601222,9.99249458312988
370400.18,977.48319562362,386.827159035056,9.89410400390625
370427.9,981.844581194228,386.671815655118,9.88420486450195
370462.58,986.018767510525,387.604218294775,9.79379653930664
370510.07,991.032390667769,389.097049681735,9.98894691467285
370538.78,995.367858296443,388.246518635432,10.0114917755126
370577.81,997.909320561176,383.237790031795,10.0707721710205
370605.65,997.719217956742,378.233983502201,9.96660232543945
370635.44,997.747155617788,373.262673668422,9.81390953063964
370671.58,996.63765772765,368.570223014263,9.96236801147461
370699.21,994.580122964202,362.764173544934,10.105504989624
370739.36,991.569771298787,363.048096454822,10.2305889129638
370765.6,989.636021208178,360.117925328962,10.1907920837402
370794.96,987.10943558433,358.546221692123,10.0939178466796
370827.39,986.128135097903,358.040961427286,10.0065422058105
370863.33,984.80830587727,358.912923706121,10.167818069458
370911.27,946.258215049474,363.661104766187,9.76412773132324
370940.06,854.191076326408,371.693650208705,10.1243305206298
370971.16,734.215127468418,377.792550674409,10.8259105682373
371007.37,599.820225842726,381.923451009898,10.9969425201416
371036.45,465.109890015729,387.553577482631,10.8916854858398
371069.83,369.311765952417,389.101014640707,11.0882091522216
371105,329.259047079497,385.422369102756,11.0059547424316
371132.3,318.41396388643,379.402717719183,11.1118698120117
371166.26,320.320928891898,373.056075026207,11.0060405731201
371200.17,327.221526114209,372.45247057823,10.9795761108398
371232.58,333.561303842035,368.468001242528,10.720796585083
371259.44,337.082193713878,369.367484455383,10.8277416229248
371311.28,339.900473928292,372.41143136627,10.8380985260009
371339.56,342.509125079491,374.715925352818,10.8382987976074
371372.19,341.691867116674,371.144759571927,11.0377979278564
371410.08,341.58416401923,368.894486291904,10.9327983856201
371436.5,338.186620837906,365.907470336854,11.1583614349365
371467.52,339.418917705397,362.666734736719,10.879783630371
371502.06,346.174270544556,361.195734627749,10.9650707244873
371532.5,356.89519076946,361.787617139712,10.7121276855468
371566.81,368.346634591352,363.320011422338,10.8043098449707
371596.28,384.496847510493,366.854469748169,10.6555652618408
371630.2,395.925708394163,369.134244204581,10.7134437561035
371660.39,402.948798189983,369.885260693375,10.8221054077148
371711.6,405.358619187651,370.414503283766,10.8801555633544
371744.32,409.6221531713,373.023215453124,10.7329273223876
371772.63,418.886076989964,373.273448401444,10.7104396820068
371805.8,431.917656857089,378.552533459478,10.6718158721923
371839.14,444.10270971254,384.353590615651,10.5008125305175
371869.72,459.999942246207,390.140046040571,10.5121421813964
371903.31,471.200812372972,393.599545303577,10.3571033477783
371935.26,475.199484975495,395.960799322135,10.7729244232177
371966.1,476.828987535665,397.303245871857,10.5357456207275
371995.61,477.579869099611,400.800786693819,10.7141876220703
372032.54,473.475499489011,400.487113768535,10.9350299835205
372062.92,470.095729862347,398.782324244773,10.797414779663
372114.27,465.866867296164,397.457306230237,10.5340576171875
372142.39,460.739762019034,394.188268093464,10.5956840515136
372172.49,457.626911877729,388.563323384305,10.5088233947753
372207.78,458.955650522664,385.822314717213,10.6289291381835
372239.25,465.478945336803,384.125045458611,10.1390075683593
372273.56,489.555932888158,383.224722439988,10.0743770599365
372299.91,523.564646480194,381.574101724254,10.1780319213867
372334.5,560.044017016186,380.25569657566,10.3814220428466
372367.62,594.123664048956,380.579773702967,10.2507591247558
372401.93,624.984285420422,381.202897680788,10.4847335815429
372429.03,637.236008285254,382.035544083401,10.6387424468994
372459.59,638.249908534476,382.299496062744,10.7952404022216
372511.24,633.970301403036,384.531673273572,10.28657913208
372541.45,628.989934400691,384.590444192243,10.4419612884521
372575.18,621.172540018848,385.905134363729,10.2233219146728
372608.62,617.075190845739,387.379338511422,10.3009700775146
372635.55,613.330511759648,390.066903175344,10.1668167114257
372668.18,610.266678518891,390.443000089025,10.5322837829589
372703.06,607.682673777409,392.346897501894,10.0542068481445
372736.2,606.86532469432,392.627333908711,10.2811431884765
372764.62,604.186134661249,392.644206475735,10.0890827178955
372800.92,612.521647012829,390.577185173247,10.0196170806884
372829.44,633.562969001307,389.981407034331,10.2248096466064
372859.91,661.735468031972,389.005849723552,10.068941116333
372914.71,690.800038765146,388.741174677802,10.0916004180908
372940.54,722.251701508728,388.620893684905,9.98991966247558
372972.8,743.633757909876,392.90589515178,10.1807785034179
373005.28,751.330614271509,397.849372280984,10.5451297760009
373037.58,750.477647051369,403.192227411955,10.3135585784912
373075.91,758.282477188413,408.169962144303,10.367088317871
373102.27,772.771992133786,412.42564750824,10.3790473937988
373131.73,792.10071546675,412.932847797642,10.0623035430908
373168.91,817.809009485352,412.186329601079,10.2944755554199
373197.05,847.11525478356,410.701407565755,10.2686977386474
373230.55,866.500031672299,406.353188924136,10.1030445098876
373260.1,878.685404576151,403.772346585886,10.1332569122314
373311.14,884.310833752695,402.247544833774,10.3012561798095
373339.83,887.417310238404,401.012514828428,10.1035022735595
373375.59,890.511041807946,400.183749013198,10.4337501525878
373408.49,891.021121812333,402.48388670399,10.297679901123
373437.44,889.35573523227,401.293924999743,10.2817153930664
373471.84,888.244339122249,400.435570856057,10.4143524169921
373499.51,895.680508922351,399.740504074774,10.1672458648681
373532.51,905.874916170319,398.709523516346,10.1353168487548
373570.44,920.018060484653,397.935489762924,10.2313899993896
373597.62,938.262121879199,400.418222557703,10.2678680419921
373629.23,957.11578384441,400.871983392738,10.1780319213867
373664.83,967.491662252618,400.27488518996,10.3622531890869
373709.56,973.983144664522,399.55666877736,10.1970291137695
373748.17,978.819963548117,398.061030193696,10.3564453125
373773.46,980.807027423047,395.381983936736,10.2878665924072
373804.19,983.300706876339,393.303256328425,10.2000045776367
373841.1,985.914980435256,391.009114994646,10.1676750183105
373867.88,987.580353548216,388.97457774147,10.1643562316894
373903.12,990.510005980553,387.598452844425,10.2711009979248
373933.29,994.549754917207,386.705000332179,10.1113986968994
373966.32,997.884846586803,386.240784726831,10.0028228759765
374001.4,999.767012068338,386.567665417459,10.1157188415527
374028.56,1001.36680076665,387.075823304085,9.9283218383789
374063.08,1000.90351928619,387.602066406423,10.1598930358886
374111.43,999.315893972796,388.294960266902,10.0911712646484
374140.1,999.467193065826,389.023595626392,10.0177574157714
374175.32,999.672998904764,389.70578819197,10.1010417938232
374203.91,998.871156514548,390.019528514411,9.96402740478515
374240.21,998.943952806155,390.238921310428,10.3968429565429
374271.57,998.909312333125,390.167453813705,10.1683044433593
374302.4,998.405309607496,390.187157811,10.088882446289
374333.48,997.56821101889,390.068510300996,9.84352111816406
374369.34,997.797531945871,390.473182618748,10.1912212371826
374400.15,998.667655141189,390.384477920629,10.2495574951171
374427.33,998.581852591865,390.630207085588,10.0875663757324
374463.24,997.4298622115,390.454148445007,9.98628616333007
374508.61,996.529763456449,390.368887071689,9.84437942504882
374544.11,997.400684488861,389.778685888042,10.1090240478515
374576.44,997.321090104547,389.362366928484,9.70719337463378
374604.33,998.44274878515,388.998424260369,10.1780033111572
374634.44,974.490412466647,391.7011818651,9.82229232788086
374672.35,899.414333483794,397.799722475391,9.8195743560791
374702.5,788.241671202686,398.84803414148,10.4831027984619
374735.4,658.866008369602,400.812445920246,10.7930946350097
374765.73,521.034931943277,400.66852665103,11.0557651519775
374799.39,406.909037830278,399.074104942329,11.1172485351562
374827.55,343.66688420205,392.81128585658,11.2045955657958
374864.22,317.839948684303,393.395405418995,10.9751415252685
374912.1,311.277808283864,391.714629941956,11.4686107635498
374940.03,316.971392578754,393.098491772912,10.8791828155517
374975.22,323.97687416328,392.367575046905,10.9796047210693
375008.53,333.040803086296,392.132513650271,11.1173057556152
375036.8,338.973639321276,389.999929588565,11.3160896301269
375071.41,345.406900461467,391.351618565369,11.0242366790771
375100.84,346.269007037317,390.242486356931,11.3710212707519
375132.99,347.408783165817,391.832578855332,11.2274837493896
375167.49,347.72514579122,392.73041277083,11.3068485260009
375197.32,348.602681127636,393.506485767355,11.064977645874
375231.1,348.752220521294,394.57895089687,11.1112976074218
375263.46,348.827152162984,396.404914327394,11.2529754638671
375310.68,349.38675921877,398.156131943317,11.134614944458
375340.14,348.907437013323,400.520379080609,11.181936264038
375375.62,348.76256863231,402.746702141238,11.0115051269531
375407.9,346.451459091347,402.678112936907,10.9525680541992
375436.9,346.320506601721,404.594721804163,10.9759426116943
375467.51,345.431380700816,403.960467098639,10.801134109497
375501,344.618209268464,403.701588720214,10.9682464599609
375533.88,344.795676165076,403.749888317656,10.8632755279541
375567.73,347.038791887122,404.404161743163,11.0623455047607
375596.3,352.235735087047,405.65725678798,10.8802700042724
375633.57,355.098054307408,406.677405846646,11.1936378479003
375660.43,357.735234994257,409.69091366355,10.7505512237548
375712.42,358.546583608677,412.767672217551,10.7783317565917
375745.48,361.228552248212,415.427291696136,10.8505725860595
375771.88,358.192656509239,415.813825354186,10.7805919647216
375809.74,355.17017236081,416.886876727025,10.9062767028808
375839.53,352.08724387512,416.561573874449,10.84885597229
375867.28,349.328476008759,416.432693212219,10.9744548797607
375901.34,345.961856493031,418.047683200464,11.0556507110595
375934.72,342.172241951558,416.207978214795,10.5603790283203
375965.99,344.178675005767,416.933156978517,10.6425189971923
375997.34,347.936718378171,417.730883882828,10.6855201721191
376031.89,357.809082642032,419.721017074978,10.9263324737548
376066.12,367.3454023182,419.240093421093,10.8904552459716
376109.07,381.654999755262,425.325804470168,10.4465389251708
376145.09,391.840041609713,428.002625616867,10.5047607421875
376172.78,401.449717889829,428.756784959938,10.8113765716552
376204,402.100757713051,428.893767950392,10.6410598754882
376239.53,397.860497754669,428.893013196476,10.93674659729
376272.55,387.961550235304,426.513038107566,10.7774448394775
376301.1,377.604767865371,425.653871827166,10.3739547729492
376332.37,362.919994631269,427.094227647004,10.8905410766601
376367.22,350.777740532075,427.586389025953,10.6432056427001
376399.34,343.557830994599,427.58622165728,10.4225063323974
376427.59,341.751328926659,428.026347946786,10.9344863891601
376465.93,340.555771221425,429.04998334982,10.766372680664
376510.1,342.646873945495,430.021423740471,10.9711933135986
376539.6,346.16627860815,431.617943913245,10.9348583221435
376577.89,349.087532760286,434.404056531869,10.8968067169189
376604.73,348.994827113645,436.288356167921,10.709753036499
376635.26,349.420275813695,437.218977998012,10.6332492828369
376673.06,350.865379649888,436.162555774858,10.9117698669433
376701.25,352.387334121899,435.007899734482,10.7514381408691
376734.91,352.492746231007,434.245806466484,10.4614448547363
376767.26,353.890795981133,432.393047904893,10.7629680633544
376796.31,358.198004891566,430.955885874073,10.6055831909179
376829.57,359.93799302495,431.535425827691,10.4154396057128
376865.07,362.177982025713,430.583959446495,10.7629966735839
376912.79,367.320420049162,429.035186397357,10.6296157836914
376940.42,370.353425633681,425.937778255204,10.6181716918945
376973.76,371.843522946318,421.734838949066,10.9323692321777
377006.47,374.091102839495,417.710897661225,10.9063339233398
377036.88,373.554538437631,415.359810606294,10.5931663513183
377073.35,369.903576856795,413.928051228251,11.0452651977539
377101.95,370.581361593642,417.998268994192,10.5950832366943
377132.18,369.742431884955,420.911143862862,10.8637046813964
377170.28,369.316586761996,423.07096395173,10.7490348815917
377195.91,371.204042403809,427.669619514185,10.4598140716552
377232.61,373.356803955546,431.747319725113,10.5445003509521
377264.26,374.352550344984,433.645450428382,10.5306529998779
377311.93,374.026535994854,438.275011950123,10.2442073822021
377341.52,375.156002041855,443.363932305584,10.5366611480712
377375.85,374.864613665231,445.456632624515,10.4507732391357
377406.8,373.348392989047,444.575154706683,10.6660079956054
377436.95,368.765676357834,441.385995750078,10.8189010620117
377470.16,363.771143698191,437.102167934865,10.8340644836425
377499.97,358.68130861114,432.243850576874,10.8107471466064
377537.1,353.415350088356,429.123325155467,10.9320545196533
377568.83,350.369739153385,430.375134997953,10.7475471496582
377595.21,348.558380130755,433.783323546927,10.6617450714111
377631.88,348.934632285987,437.207558215566,10.7981872558593
377661.23,348.588134628076,440.078328981046,10.7295513153076
377693.21,348.918538398315,439.437884297046,10.5260753631591
377744.75,350.373063097581,435.674359155642,11.052017211914
377771.29,348.572472156383,430.895170044619,10.4433917999267
377806.36,348.61181166765,428.636155993451,10.7486915588378
377835.96,346.106266708924,426.054885043867,10.4316616058349
377872.55,345.984112669302,426.971175556169,10.9313106536865
377903.37,344.480567504068,428.204697682898,10.5019283294677
377930.87,348.760049353686,429.307831217473,10.9503936767578
377967.08,350.819268895839,429.968034436641,10.2931880950927
377994.5,354.889827222506,432.034848781638,10.6014060974121
378032.19,355.529442936772,433.275298689734,10.537633895874
378064.29,357.469507651638,436.295947256688,10.3543853759765
378092.79,357.09700672541,439.952026173011,10.6586265563964
378141.6,356.574499722638,441.911779795266,10.7171630859375
378172.53,356.58246909062,443.451655571854,10.504560470581
378207.44,358.680466907578,443.724047854385,10.5253028869628
378240.83,364.699936068972,443.427053200785,10.1079082489013
378268.3,374.66867770689,443.389787050333,10.4234504699707
378306.08,388.483869532685,443.228277277816,10.458641052246
378334.53,403.372922077936,442.866688292946,10.3911209106445
378365.28,417.981592648739,442.673968297189,10.5497074127197
378399.07,427.658386875408,442.312236005057,10.3444004058837
378430.51,432.088987421784,441.107633623165,10.3411960601806
378462.63,432.569601355741,439.737950759163,10.4141235351562
378492.97,439.529396508791,438.290587445709,10.2419757843017
378543.24,449.45146460599,439.156553444193,9.90737915039062
378574.08,461.078227205876,439.409782479776,10.303030014038
378609.96,477.231661306915,439.858551006248,10.1664161682128
378639.23,492.756160850091,440.190575928597,10.1303100585937
378667.48,500.758231392729,441.140703964006,10.0522327423095
378704.67,504.227481843388,440.203204396203,10.0961780548095
378734.87,505.512724755849,440.135243968761,10.3514099121093
378765.1,503.280714222345,440.268254097157,9.84560966491699
378797.39,502.642372850725,440.568722617937,10.1322841644287
378827.29,502.00382004871,440.296163564052,10.2052688598632
378865.71,502.487023759693,439.824426299223,10.0778675079345
378896.92,504.092574767925,439.477866400413,9.91627693176269
378944.61,503.579458220094,439.199811794483,10.133056640625
378973.54,502.555810415491,439.49060341396,10.0337791442871
379005.01,495.162917336919,440.221564197101,10.1481628417968
379041.22,483.258563140395,440.642215643169,10.1908206939697
379073.76,470.026444172411,441.075674123784,10.2838897705078
379100.46,459.096802461636,441.375068582539,10.2010345458984
379132.89,448.37797643824,441.282283117471,10.3135871887207
379167.78,443.991238065537,439.822691168601,10.3621387481689
379197.46,453.008497823422,439.606171047026,9.67566490173339
379232.43,466.297909832312,439.575724856539,10.2136802673339
379263.26,481.767437459947,439.823439116044,10.0140666961669
379294.05,497.326319374695,440.273193958821,10.0510597229003
379339.47,512.267736289532,440.929206822267,9.89321708679199
379375.3,517.868857041928,440.933650348889,9.94849205017089
379408.28,521.257907944,440.577154499989,10.0694847106933
379435.24,521.016364834848,440.535451101874,10.1096820831298
379470.72,518.809911519482,440.692767418794,10.1118278503417
379500.2,515.03512450644,442.009333104479,10.1923656463623
379531.85,511.62000062818,443.320138114045,10.2184867858886
379568.1,506.596696145513,444.591159293596,10.1933097839355
379598.06,501.469969331268,445.273550469618,10.0620174407958
379628.28,497.750748318305,445.495210261836,9.99189376831054
379664.1,497.126424076666,446.224860838305,10.1872730255126
379694.39,496.212908902906,444.100277821936,10.1455307006835
379747.58,496.173509437713,443.454620783736,10.23193359375
379773.33,497.834216779792,444.4949482246,9.97057914733886
379804.98,499.581880731245,445.935456666107,10.05784034729
379841.2,499.205387972298,447.099685068461,10.0030517578125
379870.3,498.72872249259,451.131423206861,10.1522254943847
379901.62,497.960584454509,453.314541787542,10.1553726196289
379932.76,495.852900949594,454.324495710468,10.1417255401611
379967.53,494.403777217438,454.967984303609,10.1618099212646
379996.57,493.982700926587,454.67885234228,10.1688194274902
380026.77,493.941368231814,454.192651026982,10.2706432342529
380067.3,493.151342220907,453.916069065158,10.3253746032714
380092.45,493.780252443083,452.977346426165,10.2201747894287
380145.63,495.717786287082,450.171056384182,10.4574394226074
380174.07,495.910857324833,448.68796929866,10.0401020050048
380203.34,495.227506295619,447.503506630979,10.2537631988525
380243.99,496.926507140868,446.819699661847,9.84623908996582
380269.82,500.361854521592,446.61337298524,9.98376846313476
380300.08,504.928248376282,448.005543385011,10.0303745269775
380336.7,512.783137198711,448.571093331096,10.2619743347167
380366.03,523.02794056303,448.557888927593,10.1465892791748
380397.46,530.368548930314,448.116928767656,10.2467823028564
380433.91,536.118316458732,447.690624916355,10.2201461791992
380462.8,537.686424631343,447.43044339223,10.0340366363525
380493.18,537.697091576237,447.514543020504,10.0718593597412
380545.22,535.9922819097,448.254916982697,10.1943969726562
380576.85,533.182641769315,449.168593051778,10.1719379425048
380605.25,530.44444940479,449.855391967036,10.2420043945312
380636.22,526.782264730415,450.388925176383,10.1331996917724
380669.17,520.074881856898,450.208722579095,10.2464962005615
380701.56,511.924378658379,449.39706066473,10.2487277984619
380734.12,506.624078560556,448.887532705296,10.0911426544189
380769.84,500.115210056885,448.002727717145,10.1562595367431
380799.21,497.111782955065,447.148774888623,10.1792621612548
380829.07,498.332562207815,446.612808762415,9.98554229736328
380862.91,501.462870589074,446.556566671878,10.4236507415771
380896.72,503.226370159611,446.323707872344,10.1092529296875
380944.2,505.051460759655,446.503207353577,10.1667594909667
380972.73,507.61782107829,447.917507110424,10.0783824920654
381002.68,507.074098910317,448.686691491392,10.0699424743652
381038.77,505.795189551073,449.359515555007,10.0368118286132
381070.9,504.025569999424,449.022728154458,10.156602859497
381100.06,504.455161682783,448.548730099642,9.91908073425293
381136.02,502.725616724375,446.630198085536,10.090742111206
381167.12,504.624027646868,445.045326978945,9.80661392211914
381195.67,513.884490890901,442.147371717981,9.66768264770507
381234.85,529.102832901817,440.097481497263,9.53101158142089
381260.53,544.040682746391,437.917229235329,10.1395797729492
381293.26,558.773972758783,438.359118508019,9.66402053833007
381344.34,571.379947009251,438.529581886968,10.0075721740722
381373.39,577.143451837714,439.888167076137,9.63907241821289
381409.92,586.259920184621,440.713121716767,9.66954231262207
381438.96,604.910558212163,440.795292982404,10.0933170318603
381467.09,628.784228375591,440.222633726717,9.93395805358886
381501.48,655.63416115707,438.84065835169,9.97323989868164
381536.32,680.910139535255,436.404436062746,10.0592994689941
381568.42,699.762749315158,433.587542806506,10.191650390625
381596.97,706.109281306767,433.77377652739,10.1197528839111
381629.34,708.153529700731,433.436848251591,10.0960063934326
381662.3,716.386537096256,434.315076194229,10.2438640594482
381691.92,732.074645196058,435.791858496141,10.5303955078125
381747.18,749.171792707476,437.699902814633,10.4153823852539
381773.22,768.562222406282,437.245582067565,10.3240013122558
381805.42,787.040862957469,435.451021377135,10.4826164245605
381842.85,795.920811152804,433.908001438581,10.3094959259033
381869.21,800.097127983063,432.379571855005,10.335988998413
381903.84,800.998550794137,430.946842670813,10.1530265808105
381931.46,800.968595248161,429.851641597194,10.2269554138183
381968.43,801.047343928949,428.398944127306,10.5162334442138
381997.11,801.392069787107,426.896255842792,10.1830959320068
382027.93,799.884146833132,425.818083161155,10.127420425415
382066.93,798.728605202261,425.283329643192,9.86397743225097
382092.74,799.598829352163,424.609719115524,10.1043319702148
382146.09,801.647389723694,424.129384652217,10.1606655120849
382175.74,803.713481156758,423.817857401707,10.1374626159667
382204.02,806.762762313183,423.522420709717,10.3686332702636
382239.82,809.060697686882,423.222691856647,10.2905559539794
382273.94,812.286282514636,423.085183274467,10.3080368041992
382301.72,817.151305838202,422.932434825675,10.2091598510742
382332.9,824.891661942795,420.956641388395,10.1910781860351
382368.04,836.505736004246,419.675221216087,9.87044334411621
382401.66,846.247454220536,418.854106117941,10.0611305236816
382425.63,853.880009437703,416.68760015952,9.91361618041992
382464.7,858.384561784156,415.627669204277,9.90763664245605
382494.91,858.929029009801,416.177840129149,10.0305747985839
382541.59,853.373652177068,416.829281753669,10.0463390350341
382579.94,848.310898859734,418.151781577576,9.87891197204589
382605.3,837.008225831648,419.916143425087,10.0562667846679
382636.02,824.393146730674,422.393379831797,9.75082397460937
382672.62,810.564928275419,424.576845148516,9.88517761230468
382701.87,798.439829458828,425.29531077986,9.67243194580078
382735.25,788.620538397671,426.044825645235,9.69537734985351
382764.51,785.061135905022,427.383700881796,10.0539493560791
382797.85,784.926026046273,426.970430175448,9.89358901977539
382827.16,786.634572958013,428.515494618452,10.0205326080322
382865.49,787.38346556447,430.524491596792,10.215425491333
382898.32,787.236328616948,431.015021313922,10.2029514312744
382941.4,791.059557222517,433.718787530244,9.92923736572265
382976,797.324255582585,437.411629872452,9.72229957580566
383005,806.743232559042,439.325725670685,9.84881401062011
383037.36,818.129659257052,440.338399016154,10.3907775878906
383074.69,831.082192666387,441.169167992601,9.88343238830566
383101.96,840.376850074992,440.579584351644,9.84346389770507
383133.16,845.08105657633,438.44064972053,10.0278568267822
383168.98,849.230555352673,439.735037069414,10.0813579559326
383198.15,850.185505528128,441.424838323993,9.85227584838867
383231.76,848.685248119481,442.222238727215,10.4512310028076
383265.54,845.955067934799,441.756157647072,10.0890827178955
383292.48,848.280772071995,440.958637794326,10.1806926727294
383347.69,852.841764906365,436.374385225917,9.99629974365234
383372.17,862.072300555414,433.777449689695,10.0958061218261
383406.57,875.030005380068,433.284910949598,9.74853515625
383438.45,887.164066300845,433.207487825589,9.96173858642578
383468.61,895.659908654005,433.638770544018,9.85310554504394
383501.7,900.818358172772,434.910162260779,9.7441291809082
383535.62,903.516205083896,434.521842818242,9.99312400817871
383568.55,909.097931704703,432.741674030894,9.72862243652343
383597.49,917.628890432672,431.297417442682,9.85731124877929
383634.3,926.457400826868,430.628947237981,9.8517894744873
383663.23,936.010074766036,429.145524130343,9.76953506469726
383695.47,944.801998650253,427.877900974034,10.0069999694824
383743.63,947.584966569808,427.827916378919,9.82947349548339
383778.32,949.901460820357,427.852688705131,9.76186752319336
383805.63,952.348154557205,427.142432555372,9.86944198608398
383837.63,953.889681129056,426.821737175467,9.87333297729492
383868.44,957.388908986557,427.369159801256,9.87868309020996
383908.64,961.510195294145,426.933051109413,10.2371406555175
383936.84,963.394892311124,426.485892079263,10.1504802703857
383965.25,954.77560799973,427.251102963805,10.068769454956
383996.98,938.390865657344,428.963631558413,9.80154991149902
384033.7,914.587530799438,430.661987043941,10.0182437896728
384064.86,888.255981089894,432.334356384536,10.2452087402343
384091.92,865.405035558651,433.284626564629,9.94179725646972
384144.12,864.825852922863,433.939433551444,9.72862243652343
384172.03,881.061791014893,433.150028311454,9.90428924560546
384204.92,906.383260515565,431.010145092559,10.1499080657958
384243.47,933.027145737884,428.870973182229,9.99175071716308
384269.79,957.495585795365,427.190987864162,9.87899780273437
384300.62,967.594404227831,425.317674065668,10.0077724456787
384338.28,967.419760803139,423.934508382216,9.98265266418457
384366.02,964.508042985771,423.031333302877,10.0415325164794
384398.89,962.598108553965,422.501469347158,9.87078666687011
384431.72,960.519394635539,421.998694054575,10.088882446289
384462.16,958.731090002801,421.559541078224,10.1115417480468
384492.69,958.429438275835,421.460338818451,10.2016353607177
384541.42,960.034143220938,421.362124393408,10.2561664581298
384574.18,963.826766676815,422.391232908324,10.099925994873
384608.84,967.881807212009,423.359089974121,10.01558303833
384637.1,971.246889832872,424.055903960174,9.99180793762207
384667.83,971.581054682236,424.741204992917,10.2445793151855
384702.29,961.84932073142,426.551478657715,10.0628471374511
384735.47,945.928434754841,428.440520468329,10.0270557403564
384767.64,928.200724861922,430.484278310978,10.1255893707275
384799.66,912.129495391087,432.825215249496,9.76161003112793
384826.96,899.931887812843,434.332698972139,9.79448318481445
384865.83,904.846609329319,434.324505581471,9.64310646057128
384896.52,921.445132880116,432.409356123086,9.70564842224121
384945.81,942.579080734806,430.068422773941,9.67314720153808
384973.38,965.299584041674,427.467624164923,9.5756721496582
385004.59,985.344798233177,425.487433130956,9.47948455810546
385041.94,996.770691485925,424.172796826977,9.55575942993164
385071.92,999.12983357426,425.8052781612,9.58989143371582
385099.86,995.892667969559,426.69925017164,9.6379280090332
385137.62,990.88622678152,429.78741070483,9.84294891357421
385164.65,983.862166859623,431.427229794175,9.6734619140625
385196.27,975.968791330803,431.974763492208,9.72736358642578
385232.01,969.409039860314,429.918042078957,9.84114646911621
385262.6,965.467002898529,429.67254228424,9.8147964477539
385292.45,963.422226138612,427.092441673031,9.82501029968261
385345.84,965.111466888289,426.107538551662,9.849214553833
385371.85,968.302761807074,426.474608749734,9.65944290161132
385406.16,971.856768629905,426.669499552724,9.89069938659668
385442.43,974.961341669136,426.580085941237,9.61157798767089
385471.42,975.53729635427,429.14751019431,9.76967811584472
385500.21,972.520691816548,430.460729073846,9.5266056060791
385531.71,973.240331171715,430.720632012443,9.69263076782226
385570.12,974.70349987931,431.57119318404,9.51796531677246
385596.99,977.986336921414,431.488560796151,9.56199645996093
385627.97,983.710632957989,431.049490812282,9.72724914550781
385665.56,991.584203713484,430.368707415561,9.63592529296875
385691.83,994.339920351135,429.604125312318,9.77791786193847
385744.99,996.38669688961,427.883468573742,9.61011886596679
385774.43,997.034826284852,426.35758622322,9.71096992492675
385803.82,997.553313549638,422.841656846461,9.70129966735839
385839.81,999.151077980706,420.690504766742,9.64339256286621
385869.21,997.212358630634,419.719191614008,9.92122650146484
385905.03,991.816277054712,418.516011627924,9.8155403137207
385935.4,984.721086158487,418.653100424627,9.60931777954101
385965.1,976.392070645319,419.749115191118,9.78627204895019
385997.3,966.564316990951,423.780154581636,9.72847938537597
386030.03,954.801972617857,431.243407364468,9.49954032897949
386063.88,907.626189969756,444.593816541013,9.09805297851562
386092.53,815.399865408706,458.452610589328,10.2126216888427
386144.7,697.118212071775,471.281358401335,10.6278991699218
386173.66,570.025090072791,480.280778795725,10.3944110870361
386204.94,445.554172363889,484.263756090668,10.7751274108886
386245.11,362.033729538896,482.580963196591,10.5330562591552
386267.66,327.520118485858,478.594267910756,10.5887031555175
386301.4,318.490578357663,473.676452717518,10.770263671875
386335.76,320.983288696568,469.111850809387,10.6876373291015
386364.54,327.18596124317,465.515576247889,10.896406173706
386398.25,330.835284888166,462.336735857989,10.7906055450439
386429.26,334.606339130792,459.728320410835,11.0143661499023
386459.25,338.600352672864,458.136166796763,10.5196952819824
386496.98,341.625561147399,457.37596258608,10.9185791015625
386542,346.476161515984,457.458303382897,10.848970413208
386576.12,354.468157708475,457.592227366684,11.0377120971679
386607.82,360.299080027544,459.142815367324,10.5934524536132
386635.43,366.390705100832,461.763432008959,10.8017921447753
386666.76,373.24464408971,464.609089228416,10.4677677154541
386705.58,377.090167584724,467.132553971117,10.5186939239501
386737.93,377.800719186521,470.068926368026,10.6719589233398
386764.74,375.409931715416,471.159934662375,10.2728462219238
386795.75,372.125833729306,471.665722367734,10.7400226593017
386832.02,367.680590950332,471.784945102491,10.4543209075927
386860.86,363.069366640578,471.723546103577,10.8079433441162
386895.91,358.988927835586,471.666962577755,10.5134868621826
386926.47,357.437792354259,472.381247077675,10.7125854492187
386972.84,356.660173820334,472.376792640583,10.572338104248
387004.55,354.394901173037,472.346511630517,10.5899620056152
387042.24,353.639165054468,472.321739843091,10.6411170959472
387071.27,354.029506144233,472.470384874691,10.5186939239501
387101.61,355.4899995052,471.540648368602,10.6151103973388
387135.39,357.294707595518,471.770865175127,10.3207397460937
387166.01,361.99379292352,472.765570068567,10.6989383697509
387195.27,368.419964311239,474.489302778016,10.4613590240478
387235.98,375.028771723365,476.42453733643,10.2772521972656
387262.35,380.475293750216,478.97317865984,10.3292369842529
387293.52,386.221457822502,481.379657674891,10.1200675964355
387326.3,388.103475622952,482.682019728592,10.2940464019775
387374.9,385.887726990167,483.908316166423,10.1941680908203
387407.84,384.002222458284,485.255841490967,10.2126789093017
387439.85,381.873913604748,486.19085716968,10.268268585205
387470.91,377.879947061823,486.977967291,10.2371978759765
387500.24,383.58417137892,488.893883497542,10.1012134552001
387533.04,398.660551062692,490.974909720344,10.0150108337402
387570.26,415.290466110321,492.962179435274,10.1644706726074
387597.87,433.563846662129,495.967176380522,10.0876235961914
387629.77,452.230998199862,498.110953259348,10.1239585876464
387664.13,462.55486783578,499.317979392663,10.0764369964599
387691.83,462.664203322074,499.198818987779,10.1024150848388
387728.43,460.496828329675,498.559687563281,10.138292312622
387773.62,450.446842490444,497.644754349264,10.4566669464111
387804.68,435.50256776324,497.475478834901,10.2029800415039
387840.25,419.905861168763,496.815115544159,10.1148605346679
387868.54,404.509986371511,497.004451326651,9.97541427612304
387904.18,388.966699160681,496.072567086814,10.0825595855712
387937.53,379.070731266299,497.659654530455,9.88317489624023
387967.51,375.07527234337,497.899063668631,10.4425334930419
387995.55,372.739496868839,499.009164851927,10.0591278076171
388029.65,372.642245969242,501.709547822867,10.0749206542968
388065.59,370.250068099537,506.840708096923,10.0483703613281
388092.44,368.38204786041,508.171327109358,10.1699924468994
388129.15,366.689761248925,511.417531425333,10.3940391540527
388172.31,372.756794578202,513.032020022116,9.88077163696289
388202.8,386.372034804183,513.877464192049,9.74564552307128
388243.15,406.404471003654,514.274037989472,9.6053409576416
388270.58,430.648857753302,516.373583553238,9.78435516357421
388299.94,455.879683798983,513.003638401312,9.58548545837402
388336.99,475.238050403981,510.845728938815,9.64931488037109
388366.55,484.885830905432,507.143193040379,9.70550537109375
388399.37,488.107719610466,504.922071480635,9.54548835754394
388433.37,488.21954030412,504.08486236358,9.76284027099609
388464.97,485.910714548934,508.437116879891,9.50895309448242
388494.26,491.477401576521,512.882318660733,9.17198181152343
388525.24,508.533934634443,517.484986285933,8.7414264678955
388577.96,533.592136835024,519.568300803706,9.34347152709961
388602.83,561.140033312144,519.563021682187,8.98990631103515
388640.01,591.791034607225,518.387104426285,9.14935111999511
388667.54,612.945641074611,516.860793226632,9.15481567382812
388701.8,622.74674579986,513.475189827028,9.17432785034179
388737.81,626.101655314534,512.027744954456,9.04609680175781
388763.91,629.965401360384,509.174020798452,9.48969841003418
388801.39,636.464326314958,506.875088277369,9.17083740234375
388829.19,645.897260272495,503.304656881724,9.24490928649902
388859.77,657.690852302553,502.653593964827,9.27663803100586
388899,667.344159221644,500.447847388925,9.05965805053711
388925.55,675.366980174231,500.794128860205,9.32049751281738
388973.45,677.489227559215,500.625099968414,9.00612831115722
389010.17,671.843485770611,502.753458386306,9.42584037780761
389040.28,660.692209289246,503.680528220404,9.00784492492675
389071.03,651.131285494646,504.310488799514,9.26304817199707
389104.02,638.778704237021,504.646669599606,9.08317565917968
389133.13,626.300291652447,503.678134745709,9.09636497497558
389163.44,616.679279608766,503.042327548397,9.10271644592285
389201.87,612.024221712918,502.993196309332,9.380464553833
389235.02,607.259941700519,503.399827565297,8.9879035949707
389260.87,608.240714718694,503.856135775894,9.04189109802246
389297.99,619.144982305841,505.247474703929,9.14091110229492
389324.52,636.007552482308,505.246616430574,9.16231155395507
389378.64,654.640377791434,504.578371010915,9.18385505676269
389409.11,673.042251517472,503.712893607376,9.00504112243652
389437.75,686.219348654178,502.584781487695,9.05505180358886
389467.99,692.382410282548,500.562073786756,9.15475845336914
389503.56,694.628995956428,499.99072944594,9.32819366455078
389532.4,694.414530088073,500.204136955099,9.13902282714843
389572.45,694.740015897492,498.98320411128,9.19504165649414
389598.87,692.682385353741,498.916417316188,9.0245246887207
389629.09,687.54051738683,499.016526166906,9.34315681457519
389664.61,678.717701858778,499.238145246991,9.26985740661621
389693.97,669.123644295661,497.712702814024,9.28502082824707
389727.52,659.317862711715,499.042258835943,9.20943260192871
389776.98,651.970046137059,498.458176469112,9.28401947021484
389805.47,647.596990513587,498.519005683689,9.23592567443847
389836.39,650.823422248259,498.470903580793,9.24565315246582
389869.41,659.264197925631,498.503588484936,9.20722961425781
389904.4,669.843808758584,498.394451118827,9.32659149169921
389933.66,681.626757706223,497.418511211148,9.02727127075195
389964.48,692.520791358258,498.284980584804,9.33016777038574
389998.38,696.814732585071,496.694427922341,9.24436569213867
390028.98,697.89662945426,497.112424334171,9.54388618469238
390066.17,695.837185013221,495.349752002403,9.38289642333984
390092.17,693.740421756478,495.696822904345,9.42352294921875
390125,692.570588928957,493.94716086104,9.45771217346191
390177.46,693.226760245204,494.888311427925,9.435396194458
390206.25,692.714916859488,496.099715995209,9.28227424621582
390241.31,692.547597091171,497.088789047991,9.28095817565918
390272.01,690.40561474625,498.56480476695,9.04489517211914
390303.08,688.655231131139,499.748666554305,9.55927848815918
390333.54,688.267551963779,500.70402587003,9.35365676879882
390365.77,687.781319275928,500.973636041921,9.29174423217773
390401.53,688.030156547359,502.668106272844,9.25177574157714
390429.02,691.354182873706,503.637893646144,9.12111282348632
390460.52,695.125253927287,510.137327530628,8.40353965759277
390498.79,700.913728828518,519.682373621264,7.86312103271484
390525.32,710.153336824117,533.054994550023,8.20077896118164
390577.01,718.134012303159,546.555065226088,8.16513061523437
390607.03,724.65681030414,557.755662733762,8.23159217834472
390636.21,724.910442846788,564.793564020588,8.30039978027343
390670.52,720.74614828809,566.424860156824,8.23894500732421
390704.82,716.946605107909,562.910627939866,8.37166786193847
390735.97,715.036365479243,556.635115100477,8.51984024047851
390765.65,712.115122395553,552.213133194492,8.7183666229248
390801.23,710.991736320653,544.927353451097,8.50298881530761
390832.03,713.62621630715,537.756866538175,9.0014362335205
390861.45,710.251716460627,532.465404559653,8.54719161987304
390899.63,708.172618975275,530.052369539359,8.4572696685791
390925.82,707.341259301804,528.027983123878,8.563814163208
390975.06,708.865224506423,528.715216941058,8.56844902038574
391008.9,708.264527061414,528.801926182925,8.75916481018066
391037.17,717.524349814615,528.09751467184,9.02566909790039
391070.02,728.835662828647,524.135688498812,8.78110885620117
391105.27,743.880614626136,518.217416547402,9.29995536804199
391133.45,759.217349199409,513.081162042047,9.12775039672851
391165.18,773.051439624032,508.37803106259,9.12746429443359
391201.91,780.381228221116,504.563499759474,9.34956550598144
391232.95,780.831943602234,503.963813473474,9.00592803955078
391260.06,776.547956468857,503.302604399055,9.56185340881347
391295.96,770.392527055745,502.82291848782,9.36000823974609
391327.16,764.305533602289,502.159391459231,9.41757202148437
391373.34,757.396649102538,501.766874465403,9.27755355834961
391411.17,751.855303250685,499.35801158479,9.22634124755859
391437.44,748.366556702404,498.363704703146,9.37336921691894
391467.08,745.970342511133,496.032827824291,9.24230575561523
391503.02,746.153155882905,495.216263751067,9.45619583129882
391531.83,747.011696013582,494.666476868021,9.10145759582519
391568.74,750.413496160006,494.924909170119,9.23721313476562
391602.42,751.694291626387,495.274675971525,9.30155754089355
391629.62,752.966169202598,495.505246102478,9.14105415344238
391660.73,753.728936853221,495.839164487158,9.48946952819824
391697.33,754.493589350229,497.113910588293,9.36721801757812
391727.48,757.450249544147,497.931017394932,9.74086761474609
391773.77,759.912400611339,499.643844185255,9.35385704040527
391807.07,763.613744160905,502.124486481999,9.25168991088867
391836.27,766.423371194996,503.001774207953,9.47607994079589
391869.68,769.23596466818,502.711198345818,9.32942390441894
391902.55,769.229023857839,502.889552195223,9.26834106445312
391935.28,770.849752370734,503.223794599064,9.3683910369873
391965.62,771.20665289634,502.233875631996,9.28273200988769
391996.9,771.712553927311,502.398945719277,9.47218894958496
392031,770.469260071496,502.468190124485,9.42678451538086
392063.01,768.672551159536,502.261031615043,9.53787803649902
392097.92,766.049943769488,501.572084616233,9.32332992553711
392124.67,764.597529523864,501.056975855079,9.35751914978027
392177.8,762.644027648561,502.398247811199,9.58388328552246
392206.14,761.625570698693,500.768339354291,8.99016380310058
392238.69,763.567778538788,501.303545000047,9.55856323242187
392270.59,764.856198177855,499.738449274028,9.06294822692871
392301.56,762.296599549404,500.599208314761,9.56033706665039
392333.71,769.127279256592,500.493541030429,9.09888267517089
392370.34,787.137187814883,500.571849648257,9.44612503051757
392402.61,810.279547276662,499.553394478017,9.24382209777832
392430.23,835.521706288247,498.92677623401,9.29815292358398
392460.71,867.06524236369,498.096757500826,9.42664146423339
392497.35,889.2223582657,494.554917481543,9.03296470642089
392526.96,896.969758053546,491.719222558376,9.61752891540527
392576.12,897.99089545673,488.058458825778,9.17381286621093
392608.16,897.345155385756,485.869730780667,9.62385177612304
392634.58,896.222887761258,483.757066650249,9.33013916015625
392673.21,894.931927508358,483.728828048765,9.46887016296386
392702.75,894.983334901634,485.586947389615,9.5196533203125
392737.73,895.480443677851,486.015508697027,9.16048049926757
392764.38,897.80972646728,485.258882231276,9.75763320922851
392800.25,899.726085493169,484.1889804809,9.19349670410156
392830.18,903.65400067246,482.788401909942,9.63154792785644
392863.4,908.753428935764,481.394824686421,9.60734367370605
392899.98,915.31749162329,480.105085656258,9.04229164123535
392925.69,922.833900980734,482.013096023955,9.37726020812988
392977.72,929.102605727146,481.892106166484,9.09379005432128
393007.46,935.317108472899,481.767089986663,9.34367179870605
393037.68,940.982369612329,480.386914614687,8.93365859985351
393070.13,944.631098734702,481.03794473424,9.23309326171875
393103.23,946.527728778592,479.226214205985,9.27369117736816
393133.03,947.462661410318,478.160078222812,9.39130783081054
393166.09,948.692621479447,479.728942089525,9.48534965515136
393201.93,952.033742907019,480.532438594319,9.34098243713378
393234.9,956.72695009733,482.903774474618,9.72753524780273
393261.79,960.979663648098,483.621644729123,9.03814315795898
393293.09,966.257304729919,483.122355684767,9.35706138610839
393327.54,971.830203936552,481.177091358389,9.30304527282714
393374.37,976.60227830847,479.041606297133,9.37027931213378
393411.37,980.427316945258,477.092426863756,9.53742027282714
393437.19,983.300534037292,475.761511607795,9.27589416503906
393465.92,986.604449882978,473.754758886734,9.55192565917968
393502.96,988.128312038792,471.046233953049,9.38329696655273
393537.17,990.45326636969,471.601988123466,9.88892555236816
393570.29,992.405189084133,469.700923294142,9.20087814331054
393596.32,996.978496669675,470.909282359639,9.43370819091796
393633.93,1001.81484493684,472.181809142797,9.25063133239746
393663.57,1008.13797637302,472.099596124743,9.44898605346679
393692.26,1012.70922889616,469.600212253556,9.11893844604492
393730.83,1015.60962200093,467.74152318889,9.2296028137207
393773.66,1014.65339402536,463.467158140182,9.11092758178711
393808.57,1009.84261714609,461.419267692085,9.50466156005859
393837.19,1001.71746729645,461.06768849318,9.35545921325683
393869.27,994.715004957961,461.138066421661,9.87430572509765
393907.7,988.0846657904,461.725662705032,9.69886779785156
393933.03,983.465749644084,463.15519761533,9.5844554901123
393964.29,980.840565705377,464.265596645754,9.72902297973632
393999.84,979.388870608758,465.060735362112,9.79033470153808
394028.14,977.599328474777,464.960529765124,9.26393508911132
394069.11,976.873625451934,464.627769641341,9.62016105651855
394096.44,976.57250374913,463.617089488484,9.71915245056152
394125.32,977.087651768074,463.475599009593,9.64857101440429
394173.74,976.779330391324,463.94571839772,9.63947296142578
394208.19,977.990987616808,468.057732817629,9.51416015625
394239.97,984.959699663137,470.983949503164,9.22279357910156
394271.92,995.252072774343,473.458325084707,9.28004264831543
394302.43,1007.32797985865,475.032345387663,9.16851997375488
394333.29,1021.07151929554,475.670114000996,9.28404808044433
394368.8,1031.82211857904,473.076943031001,9.19155120849609
394402.24,1016.97394882734,475.248320278769,9.23386573791503
394429.62,941.842767184878,479.630452779559,9.18239593505859
394464.47,819.162233893281,487.197784258201,10.3941535949707
394497.84,673.225062009312,492.836983661657,10.3144741058349
394524.34,524.056298607135,498.229134240058,10.8181285858154
394579.86,395.331864315958,497.797923242752,10.4479122161865
394607.75,326.277853923172,494.999070948116,10.8737754821777
394636.31,304.173252269773,488.117752833643,10.438585281372
394672.62,307.041206608291,484.66907673677,11.108980178833
394702,318.770935416482,481.18722317725,10.4673671722412
394736.52,329.491599683692,481.257424227357,10.9644126892089
394768.4,337.302942723292,482.270118488679,10.2694988250732
394797.14,343.023852518876,485.254209933844,10.7603359222412
394828.17,345.177748538883,486.5204930363,10.5065631866455
394864.49,345.528701771158,489.492178929146,10.8097743988037
394897.7,344.29310490229,490.212762380151,10.2824306488037
394924.86,341.919840001456,491.590428918048,10.7972431182861
394979.05,339.77674043411,491.659688821535,10.2893829345703
395005.66,340.049838555871,491.865406748772,10.7061767578125
395035.65,338.429120959999,491.235133213041,10.308666229248
395073.9,339.57294979577,492.401004154062,10.8425045013427
395100.27,347.840192113967,494.79932315058,10.1326274871826
395131.48,359.161381246463,499.992708364744,10.6149959564208
395166.16,371.924802575707,507.0181511455,10.4689121246337
395200.69,386.221096727673,514.512271513107,10.4524612426757
395231.71,402.113141492324,521.001606209598,10.2492141723632
395264.97,413.294345870799,525.81309794871,10.0802135467529
395295.07,434.176289378551,528.530411093577,9.28193092346191
395324.03,461.240014634059,526.348083264959,9.31883811950683
395376.2,492.714496266354,524.99015577979,9.17472839355468
395407.77,522.537010216901,522.974577150268,9.37239646911621
395439.92,552.1183336942,519.867159989264,9.08300399780273
395468.43,566.365791462086,515.841387836078,9.06126022338867
395500.2,570.039650064479,516.879868716852,9.0432071685791
395536.05,567.103165089679,515.755703351418,9.39090728759765
395567.82,562.538970407045,516.827303460696,9.19964790344238
395602.62,555.705258615894,519.782451176264,9.17258262634277
395630.05,552.292225893704,523.996086228029,9.30147171020507
395660.23,550.440522820583,526.617071108132,9.23652648925781
395694.45,548.561770322494,530.131545140343,9.33732032775878
395730.09,547.690542730435,530.08063455896,9.501314163208
395773.65,548.495364634229,530.283952426321,9.30038452148437
395803.19,547.207552192038,526.874833619104,9.31975364685058
395840.8,547.101875188138,525.266420862049,9.12025451660156
395869.16,546.500282875366,524.721356159751,9.25403594970703
395903.38,546.117509166373,524.746109390602,9.14826393127441
395936.14,546.508658041838,524.506256885233,9.25091743469238
395965.02,549.05208701036,527.985050445456,9.27864074707031
395998.82,555.877474304866,530.012629137643,8.8765811920166
396033.25,568.367841803963,529.176837422211,8.91746520996093
396064.01,580.653938865403,528.886191738983,8.84774208068847
396093.21,593.523610425047,527.176321978305,9.14374351501464
396130.75,605.653533190824,524.551767424788,9.06146049499511
396173.55,615.130542917518,521.050388823906,9.45382118225097
396205.34,620.249301986258,519.432800951347,9.04887199401855
396241.13,625.511601278385,518.365238605758,9.42978858947753
396268.23,630.469587325443,519.869201230379,9.34965133666992
396303.95,636.48307200043,520.383003513724,9.33357238769531
396334.12,641.345175503832,522.809789378366,9.26467895507812
396368.71,648.766010257437,524.662913502309,9.07785415649414
396404.23,658.063776742775,526.086352385849,9.63174819946289
396431.62,664.620740332951,526.699608939823,9.01845932006836
396458.86,669.202466451921,527.203647763926,9.01419639587402
396493.44,672.237959194538,526.973310728959,9.17046546936035
396528.49,672.918437681635,525.063379735162,8.81638526916503
396574.73,674.294682123347,523.200696985808,9.51149940490722
396608.19,673.721798074863,520.143724749527,9.30335998535156
396637.06,675.205828147135,519.88140052751,8.95528793334961
396669.82,677.927994944533,519.393348742767,8.99969100952148
396700.7,681.369253075977,521.154888744627,9.10818099975586
396739.72,681.652760708325,522.018957653467,9.23606872558593
396765.06,684.129495877043,523.195404619913,9.24405097961425
396797.66,685.133368960754,521.876358256076,9.10154342651367
396833.98,685.839111547027,519.298754238805,9.25191879272461
396860.61,692.374326047874,517.70890336817,9.37557220458984
396895.37,702.237526086974,516.232581379416,9.39142227172851
396930.46,714.522630062156,515.24592645078,9.56439971923828
396959.83,729.54861919741,513.40401639042,9.08123016357421
397004.89,744.895612308883,512.112349691542,9.76613044738769
397038.91,753.945202302695,511.039446029286,9.32092666625976
397073.18,759.771163072014,510.623656322902,9.34744834899902
397100.93,764.846306451716,510.416888740812,9.69672203063964
397136.5,766.562238327262,510.24478896023,9.29326057434082
397167.85,768.794565901145,510.154952180348,9.68461990356445
397197.33,772.422622680497,508.160146232511,9.38953399658203
397237.75,776.510927025846,507.087648776985,9.33978080749511
397262.25,779.600375885883,504.772825604193,9.37162399291992
397293.84,782.788038587257,506.311297051749,9.35903549194336
397324.94,784.569403740169,507.218698347655,9.33849334716796
397359.2,782.867346998277,510.791661955263,9.48469161987304
397407.42,769.183015972521,515.656641411394,9.17761802673339
397440.76,750.894855042079,521.321407237216,9.25658226013183
397470.03,730.555166590216,524.876578818532,9.06220436096191
397500.85,710.514654678864,527.596542525025,9.39259529113769
397536.09,690.545586403746,528.501552424226,9.41408157348632
397569.34,682.478856883423,527.294866484774,9.00054931640625
397597.9,679.848783479977,525.735581075842,9.35749053955078
397632.73,683.878825628783,524.410801098153,9.09321784973144
397664.96,696.402125099606,524.670402657627,9.05545234680175
397693.67,713.385034780958,522.292252403462,9.30238723754882
397727.52,732.470203019347,522.298667549602,9.15822029113769
397759.19,752.328569839017,521.090499453751,9.26676750183105
397806.37,768.521110002894,520.260897397555,9.56974983215332
397840.06,775.208717828552,519.449753896713,9.01968955993652
397868.4,778.798948661399,522.202737376558,9.57152366638183
397902.67,780.214742471067,520.923877159919,8.94950866699218
397935.51,778.527521433309,522.379410992864,9.42312240600586
397965.4,777.260772694125,520.373587694436,9.23174858093261
398001.87,775.285677004253,519.98387884387,9.37239646911621
398028.1,773.42327615737,516.847470745097,9.22937393188476
398063.6,769.044819416491,516.788152944975,9.61249351501464
398097.07,765.231878493625,515.661113639967,9.09158706665039
398125.51,761.772904847806,516.204706887344,9.47616577148437
398155.94,759.757602619627,516.319317764383,9.29746627807617
398207.79,757.33506510061,516.907388207244,9.39728736877441
398239.89,756.830231241685,518.033875991792,9.39399719238281
398267.93,757.363025041972,518.406745837825,9.28238868713378
398304.6,754.321357967363,520.596089356894,9.44589614868164
398333.32,753.301783613603,522.035481998794,9.0450382232666
398369.56,754.76305931307,524.33292783821,9.40292358398437
398402.53,758.43326083175,525.315109548845,9.378662109375
398429.19,765.30268877464,525.769665542675,9.31051254272461
398463.56,777.657916359166,524.400524037216,9.30361747741699
398494.43,789.155875265706,521.045285190276,9.15018081665039
398523.8,800.954899479439,519.189023299497,9.35977935791015
398559.92,810.980922175374,516.689543741505,9.32235717773437
398609.09,816.543633851626,516.051197293365,9.39891815185546
398636.43,815.411126477044,515.97785492689,9.10737991333007
398672.02,810.075024588089,518.722303443258,9.45928573608398
398701.97,801.794009848829,518.169695537428,8.99299621582031
398738.29,794.627731675867,518.689743738749,9.48354721069336
398766.16,788.303961755769,518.239692631415,9.08698081970214
398797.21,784.56872285926,517.145496169419,9.55658912658691
398833.61,783.415232998699,515.767036733739,9.33640480041503
398863.23,783.601452157956,514.189903352636,9.13816452026367
398897.39,779.672409665593,514.26536396755,9.36690330505371
398926.39,776.299109866249,513.265613502115,9.10431861877441
398961.67,773.079192006988,515.206671285711,9.428071975708
399006.51,769.92341109305,514.423931391699,9.22943115234375
399037.54,764.884721533658,517.771301893604,9.46998596191406
399074.68,763.291604788207,520.766859424754,9.27483558654785
399102.84,760.877258832004,523.261468349181,9.60076332092285
399133.17,760.984229960024,525.084910292872,9.34146881103515
399164.12,764.521815140112,526.322331989029,9.32613372802734
399198.45,767.742667043258,526.137943489546,9.65792655944824
399232.43,771.039008114913,524.136170373843,9.23486709594726
399262.18,773.942938139387,522.395841713669,9.55696105957031
399294.38,776.018921353048,520.849323233112,9.28802490234375
399325.89,777.066513776247,521.498542409709,9.51830863952636
399358.73,778.967114175186,522.218392122974,9.34756278991699
399413.92,781.186848127805,522.088830847803,9.25958633422851
399438.11,782.089897115233,523.414234288841,9.46463584899902
399468.75,781.679827050432,524.558172360449,9.03851509094238
399503.35,780.150994667038,526.29367228583,9.19672966003418
399534.58,779.786334027824,526.013686332009,9.2999267578125
399572.25,777.828639567929,527.182948339803,9.17521476745605
399599.75,781.846979973449,527.231072530926,9.2080020904541
399631.36,792.91157535825,526.392814296697,9.23194885253906
399660.91,807.30182441673,522.964881866858,9.34372901916503
399698.31,824.948545514481,519.828555753994,9.29795265197753
399729.29,843.832052493235,517.808743408938,9.43327903747558
399758.31,857.745083606051,516.371713045704,9.40635681152343
399807.33,862.639759173115,513.631796554556,9.72112655639648
399837.68,863.294798676022,514.058293001813,9.39542770385742
399872.78,858.321485134306,514.869269714212,9.05550956726074
399903.49,851.703616128012,514.906514811424,9.52348709106445
399932.97,848.662904078651,513.974215104295,9.23329353332519
399969.14,850.385409626567,515.456138331369,9.53679084777832
400001.89,852.333665975525,514.497928420796,9.37954902648925
400032.8,858.238772346115,515.470888664983,9.35892105102539
400069.51,863.579384496393,514.789013545788,9.42197799682617
400097.41,865.608488929917,516.063637824887,9.3742561340332
400126.66,865.11648182247,514.758550245125,9.48317527770996
400161.55,866.14456148752,515.778496163904,9.31995391845703
400204.64,862.533061126315,514.235080919822,9.22376632690429
400243.67,858.775185559449,514.398918902798,9.34930801391601
400269.53,855.280251404387,512.692237963031,9.28330421447753
400302.92,852.118207931281,513.598507822613,9.3775463104248
400333.96,849.709924102965,512.436272101897,9.29423332214355
400366.7,852.482342062194,511.813641740348,9.39491271972656
400401.88,859.679208950859,510.234193005428,9.33534622192382
400432.2,869.965871707145,511.550683183207,9.43965911865234
400464.9,881.913455646671,510.688896379915,9.29489135742187
400495.84,892.278970698301,512.089356333481,9.27597999572753
400524.93,899.790917290872,512.676150204576,9.20539855957031
400561.99,905.477284121481,512.719929959925,9.2816162109375
400603.8,908.285715902588,512.516419805972,9.25892829895019
400637.3,909.906366321308,512.019900532247,9.46337699890136
400670.46,911.564034589238,509.9187345681,9.45513725280761
400702.08,913.947721577999,509.079449722322,9.44692611694336
400740.21,917.754898094982,510.408859890586,9.44709777832031
400765.73,931.867678181626,508.134896577676,9.09899711608886
400799.29,947.37722697167,505.729539262772,9.49968338012695
400835.41,965.434342060638,504.966428272994,9.48652267456054
400865.29,981.626696090326,502.886272505226,9.36458587646484
400898.03,997.184896207658,500.334394315585,9.62762832641601
400929.13,1001.95400224382,499.39850208016,9.14385795593261
400959.61,1003.95381587745,501.940715415555,9.54245567321777
401005.66,1002.58885686571,503.311403148578,9.00306701660156
401040.49,999.968710729485,507.395145370626,9.40787315368652
401074.99,995.367162841037,507.672934690095,9.0889835357666
401102.41,992.155044953895,509.639859092818,9.48992729187011
401133.44,991.824984792274,507.388132285639,9.12943840026855
401170.63,991.237629504406,505.49758345419,9.55787658691406
401199.7,992.72126054723,501.172098163082,9.00137901306152
401231.7,994.175645517097,500.017709364225,9.55006599426269
401260.41,996.184838066758,498.78367248075,9.16285514831543
401295.74,992.166756154876,499.131654274344,9.18293952941894
401324.86,989.66815278958,500.161919706277,9.21392440795898
401363.81,989.475560854325,501.246355755438,9.07745361328125
401408.36,993.285417922314,502.049758693079,9.12797927856445
401438.47,994.51663245467,500.699267968236,9.14660453796386
401468.47,1002.02241505814,501.651790220143,9.16703224182128
401504.96,1006.70382235069,499.924844606665,9.05668258666992
401534.09,1012.09248419946,499.44753867578,9.26138877868652
401569.8,1012.58621878065,497.426283909049,8.94887924194336
401602.09,1014.85242827946,496.56571401402,9.34438705444336
401630.28,1015.89555333235,494.356629197612,9.06326293945312
401665.8,1018.51749621944,492.640769530131,9.35048103332519
401696.35,1021.94664821957,491.385022232016,9.29102897644043
401728.87,1023.48430429984,491.135520444678,9.23006057739257
401761.07,1026.45932749144,491.292635313927,9.13015365600586
401806.08,1028.78407213418,490.034760440169,8.88699531555175
401837.62,1029.12098000461,490.435633653123,9.54305648803711
401870.57,1027.13340643493,491.240380883747,9.00238037109375
401903.65,1025.66063908414,492.197679951096,9.07670974731445
401938.1,1023.70011854634,494.734872646099,9.58820343017578
401965.84,1019.5937585045,496.927369424213,9.07808303833007
402003.41,1017.24325338282,500.504039384446,9.61976051330566
402035.1,1016.83053380712,501.309096860901,9.005126953125
402067.67,1011.70106403687,502.763542624235,9.44051742553711
402096.35,961.191293797201,505.090133884697,8.93654823303222
402127.47,863.128254560774,510.964296012112,9.94923591613769
402157.59,740.503911246788,513.912591939745,10.6315326690673
402206.13,603.562883235456,519.91973095058,9.91476058959961
402240.66,472.065407295574,524.953964944321,10.7703495025634
402273.98,387.410694902578,526.698950586052,10.114574432373
402303.3,353.406401373964,525.197480125955,10.2184581756591
402333.45,342.843497294536,524.622465650535,10.4417037963867
402369.16,344.293230143366,522.413288330786,10.2307605743408
402400.78,347.896050398033,520.497568565664,10.5218410491943
402429.58,350.33639154503,520.791586731231,10.1474475860595
402465.5,352.318961585247,521.562281256757,10.523042678833
402495.56,353.641822066672,522.258774565845,10.2141094207763
402526,356.223577151347,522.537338349771,10.3248023986816
402562.83,358.76097627196,523.013435299358,10.3466033935546
402605.33,358.358269964509,521.407993618782,10.1691341400146
402640.45,355.988755094789,520.538437356851,10.2242946624755
402671.15,355.182920124936,521.999555654644,10.1177787780761
402704.41,352.370594036285,526.036143969693,10.0511455535888
402736.97,347.804125864686,531.244956866982,10.2772808074951
402769,344.483226138535,536.819306999021,9.99924659729003
402797.03,342.7201705,542.494670588616,10.0307750701904
402828.99,338.120775920152,543.922238739115,9.73042488098144
402864.06,338.051441184109,542.8249053203,9.85007286071777
402900.3,345.637365874162,541.64653094094,10.0234508514404
402926.07,357.383589479718,539.203803655994,10.2384567260742
402960.97,370.58978347065,538.807774874232,10.0014209747314
403006.67,386.371165036109,539.197136559248,9.78046417236328
403037.39,397.999768292219,541.974852514496,9.80421066284179
403073.59,401.32414954692,545.028389097196,10.0640487670898
403103.05,400.13381003217,546.829286574194,9.89401817321777
403134.5,397.493332963208,547.747919321709,10.0178146362304
403165.93,395.14267496456,550.596489349106,9.56019401550293
403197.44,394.198108167629,552.633262453706,9.99893188476562
403235.88,404.901458992866,552.276561766129,9.45542335510253
403263.9,422.379862267683,555.300446836393,9.34498786926269
403292.95,442.823683767236,557.085916069822,9.44838523864746
403331.6,463.022986114575,558.714475700222,9.34550285339355
403361.03,480.502595010016,559.951040970616,9.22104835510253
403412.42,490.401643436205,562.232878172774,9.16560173034668
403438,494.430929641184,563.615397325137,9.22099113464355
403470.71,493.443407545989,564.852394477272,9.18259620666503
403502.17,492.154825917395,565.682903312975,9.16394233703613
403533.51,492.401061897432,564.69996803753,9.21011924743652
403574.17,491.538441827885,564.296593204088,9.10429000854492
403601.86,489.2604155011,562.755229971551,9.06778335571289
403630.88,487.540106275759,562.051947455041,9.26121711730957
403665.95,486.592047516556,561.719968839348,9.1160774230957
403693.34,485.427203736794,562.10794385784,9.05010223388671
403728.83,482.503367597882,562.405579808175,9.11799430847168
403760,479.216777652932,563.895339355109,9.14786338806152
403806.16,475.9844033631,563.408733214297,9.27214622497558
403842.96,480.394565060337,562.960057297433,8.89183044433593
403872.51,488.27532883195,563.536556670002,8.75515937805175
403904.81,498.883607609157,562.533480096331,8.93311500549316
403933.4,511.198718914429,562.031334425809,8.94355773925781
403968.66,525.656842705622,561.654470710198,8.67427825927734
403997.72,533.017577015906,561.584744907979,8.64964485168457
404034.88,537.974697376803,561.68888524106,8.95628929138183
404065.49,547.306390956342,561.705358731322,8.88702392578125
404096.5,562.076862805217,562.196844783943,8.90911102294921
404130.58,577.993243379186,561.985807076634,9.1922378540039
404159.38,595.050391087568,561.15444846419,8.77046585083007
404210.67,613.803237888124,558.964904617566,9.11968231201171
404244.45,626.397747704162,558.918172508961,9.04020309448242
404271.28,633.047405534934,556.902157794886,9.25094604492187
404305.53,633.731811179067,556.402213194114,8.97637367248535
404334.7,629.405953775448,555.619716752578,8.93351554870605
404364.79,621.202059481882,555.324351912684,9.19378280639648
404402.4,611.908761897703,555.06171162719,8.96567344665527
404430.57,602.764889641295,556.15781283765,8.89852523803711
404463.6,596.730323705672,557.592414151954,8.85981559753418
404497.55,595.377551270801,559.434568441838,9.02532577514648
404528.8,595.001544767891,561.599141010084,8.93056869506836
404561.96,600.708100761034,561.945117841939,8.95892143249511
404608.97,609.671671624182,561.633450296016,8.94238471984863
404639.47,624.259382373108,560.304228652332,9.08801078796386
404674.98,636.600779652958,558.382524272165,9.00461196899414
404703.82,651.291002304295,556.10883493788,8.96309852600097
404738.75,671.231577315683,556.04575148941,9.13630485534668
404765.65,697.494675711462,554.051135553891,9.03047561645507
404801.76,721.48534253031,552.89074425583,9.01923179626464
404830.03,745.57885915705,551.316069719924,9.1102123260498
404861.41,767.842084996634,550.783733837861,9.39385414123535
404898.66,777.658903119191,548.796410010732,9.0509033203125
404929.22,775.729712491309,548.575948119773,9.21346664428711
404962.54,773.317789342324,549.495859496947,9.00489807128906
405006.41,771.639629206187,549.884791335846,9.27715301513671
405039.78,776.725479813633,549.243271565375,9.11353111267089
405075.32,785.212375703681,547.6441367429,9.13928031921386
405103.28,800.329909527304,547.193527790279,9.19692993164062
405138.24,812.717500875477,545.111732092932,9.26882743835449
405166.56,827.494983686731,543.680547242954,9.01637077331543
405196.88,831.951971424182,542.47684034844,9.01968955993652
405234.32,833.690203207968,543.629514231914,9.16173934936523
405261.89,832.533044794026,544.201935275955,9.05668258666992
405296.01,830.179096783736,544.945547813762,9.17115211486816
405328.11,832.829337784103,546.089671031731,9.25638198852539
405359.24,841.611436683081,546.232534225927,9.10809516906738
405413.22,856.878750015404,544.494574047957,9.24510955810546
405438.59,869.726238524492,542.591075766076,9.05107498168945
405468.71,884.569189646876,539.891266289781,9.3848705291748
405506.85,892.260425294014,538.538543694551,9.18437004089355
405536.43,894.626585167146,538.764898969094,9.16156768798828
405567.5,893.705478249761,540.298090622487,9.37654495239257
405600.13,902.179622006802,540.931417792786,9.31085586547851
405630.97,914.86513148693,541.819766131746,9.42609786987304
405664.04,931.205707909712,541.422580266791,9.29366111755371
405695.95,949.352058672144,538.820807881551,9.20742988586425
405731.27,968.311671275585,536.501604205564,9.57758903503418
405763.13,976.68305805297,532.556151574445,9.22322273254394
405803.19,981.415808240491,531.255376374786,9.50357437133789
405839.89,981.245743035453,529.564923591445,9.31534767150878
405869.92,983.461130062391,530.639762715245,9.59275245666503
405904.39,979.323145349253,529.7665732884,9.37617301940918
405934.24,978.449920975499,532.334072747985,9.65669631958007
405969.06,973.335825761047,532.111455120205,9.28816795349121
405997.77,968.367769630449,532.493696399881,9.4057559967041
406033.6,962.864591540093,531.334232912976,9.57758903503418
406063.71,960.674080395564,532.321475240209,9.72181320190429
406095.2,957.029412321777,532.593849982727,9.43785667419433
406128.25,955.265628123435,534.652669492685,9.43350791931152
406160.31,954.851470975139,535.912009375602,9.44372177124023
406208.43,952.73926722303,538.434549132897,9.31763648986816
406242.52,952.539303546917,539.823360610412,9.31466102600097
406271.23,950.369870454993,539.88818223639,9.37577247619628
406302.68,953.242912712105,539.881644258329,9.47281837463378
406333.09,956.95933879159,539.238994347618,9.17996406555175
406367.62,965.023570138685,536.81670609683,9.35797691345214
406402.7,972.193080208019,533.649025957559,8.95774841308593
406429.78,982.367207061757,532.984078727655,9.50626373291015
406463.54,989.1128895554,529.404822905477,9.29803848266601
406493.54,994.481230398075,527.800894629054,9.44698333740234
406527.13,996.025515170122,528.617003525799,8.95792007446289
406565.67,994.165616629985,528.81522739556,9.44978713989257
406594.22,993.730610619102,528.659612966012,9.39230918884277
406641.57,991.126435421383,532.089218806242,8.9483642578125
406670.92,992.996613182643,534.560956536232,9.20926094055175
406702.62,996.099650779959,534.932485038689,9.27111625671386
406739.73,1005.02848471373,537.458450239168,9.09547805786132
406767.31,1011.62924134382,538.607749245913,8.89906883239746
406802.99,1020.78320397804,538.340780041853,8.99688720703125
406834.69,1024.99990236284,538.845686562752,9.17415618896484
406862.33,1027.94311241579,540.061453520981,9.21269416809082
406897.92,1027.55951756991,540.159989175291,8.87909889221191
406930.18,1026.56845882339,541.236015558333,9.27832603454589
406960.13,1026.102357047,542.029528477116,9.11905288696289
406990.52,1025.94995538906,540.773890569023,8.96169662475586
407041.16,1026.19821041664,539.151815565733,9.35028076171875
407072.65,1027.06062644272,537.665201496888,8.77850532531738
407102.01,1027.81894439693,535.022024061584,8.82791519165039
407136.62,1030.48720335826,533.757137184252,9.07155990600586
407166.37,1031.50731456108,532.460245198389,8.79295349121093
407198.7,1034.01692712427,533.117495800543,9.05628204345703
407233.28,1008.42716333992,535.185129053545,8.71856689453125
407262.37,933.894400429149,536.70027342002,8.91700744628906
407297.02,816.74527431408,541.455441168838,9.73855018615722
407328.75,685.785827535053,548.168361829426,9.75972175598144
407361.09,544.83664101938,555.172738934545,9.68742370605468
407394.76,430.365123916361,560.845442477647,10.0898551940917
407442.94,363.394484953893,567.217256917787,10.5473613739013
407473.83,336.850212836946,567.138034001497,9.69283103942871
407501.62,327.557362400184,567.53100196975,10.3805923461914
407536.9,326.473783119864,564.675442709167,9.90323066711425
407570.28,328.593941211178,563.401296529065,10.4525756835937
407597.83,333.035049082789,562.810780668289,10.1864433288574
407633.31,337.201599337141,564.503900308753,10.263032913208
407660.09,337.324804924083,564.990140078958,10.1276493072509
407693.61,337.52422663353,566.878642874815,10.522928237915
407732.15,334.947614184985,567.30144632181,10.3221702575683
407759,331.661389011898,567.384836111659,9.76292610168457
407788.6,329.102652468466,567.504697354636,10.074291229248
407842.39,328.423741348878,566.196681440056,10.2077293395996
407871.29,329.35360916953,565.965373431936,10.0069999694824
407904.42,330.309106582475,566.59360359788,10.0832462310791
407934.72,332.579574540977,567.155113741128,9.60886001586914
407969.01,331.649168634389,567.470957071293,10.0551223754882
407997.63,330.421172325468,570.084010420771,9.99538421630859
408034,327.83703153802,571.831175861031,9.74555969238281
408064.76,324.696191818131,572.775045655231,10.1192951202392
408092.08,321.40319402905,573.453467098266,9.97029304504394
408128.16,318.199776380524,574.209004579752,10.1688766479492
408156.51,316.382774631606,574.669000924512,9.95876312255859
408187.86,314.971396690622,574.764691284619,10.0544929504394
408243.35,317.424291397743,575.209413735242,9.89882469177246
408269,321.298523056892,575.915767292579,9.86137390136718
408307,327.178076925773,576.588389091889,9.76026535034179
408334.56,333.0516864203,577.620083575792,10.2008056640625
408365.09,340.691429857067,579.650092232075,10.2029800415039
408403.21,346.702731851357,581.510017048879,9.76538658142089
408430.88,352.265240258144,581.817572278244,9.89639282226562
408461.75,356.035497524397,582.756811600083,9.62594032287597
408495.49,359.785647251113,583.983432527932,10.0471115112304
408526.45,360.259873209571,584.886807756568,9.84955787658691
408562.63,359.164236240977,586.083077025066,10.0224494934082
408590.97,357.893182920964,589.050098390834,9.66370582580566
408637.97,359.726642834798,590.104907243648,9.27869796752929
408672.09,363.346327091697,590.784124510321,9.50288772583007
408701.97,366.598482506876,591.334915700545,9.57730293273925
408735.34,372.0307689508,591.486454966528,9.73897933959961
408764.01,389.25752043961,591.836989518091,9.08635139465332
408802.19,410.082235285827,593.54691113696,9.10614967346191
408828.56,429.64500616748,594.927385056559,9.17821884155273
408861.71,448.563451179097,595.690779610167,9.18085098266601
408900.27,464.962240138551,596.165389132962,8.97594451904296
408925.57,466.915679439089,596.221986776213,8.94455909729003
408957.03,466.949013574951,596.246902052434,9.1779613494873
408991.94,468.371019876011,596.570964722188,9.15204048156738
409037.86,470.684849345254,597.268725318486,8.97929191589355
409077.45,473.871020951768,598.129726354713,8.99256706237793
409102.82,482.999532467426,598.236597245714,8.82445335388183
409134.32,493.722929315997,597.966033909352,9.05021667480468
409164.28,504.889394659909,598.004904549527,8.66500854492187
409198.59,517.784476658254,598.346306089103,8.79936218261718
409232.13,529.401169739722,599.564357398144,8.84339332580566
409264.1,534.778473770705,603.989529898834,8.37512969970703
409293.89,536.449789491129,611.254645722723,8.17076683044433
409325.56,535.297402579561,620.563613930741,7.9650592803955
409361.9,537.56140692406,631.553732043142,7.69761085510253
409393.9,543.204785376894,640.967865873998,7.63521194458007
409437.94,556.724115093556,648.910508967083,7.57335662841796
409472.96,574.903638192639,653.866677604286,7.34338760375976
409503.15,594.490243247896,657.316753916305,7.56208419799804
409532.84,610.623944623964,658.03646558471,7.27938652038574
409565.47,626.751047953407,663.809516455236,6.1442756652832
409598.04,652.755637354846,677.05465956123,3.98537635803222
409629.46,679.27424895747,696.867016937645,2.23689079284667
409664.25,699.486795467384,717.377827514128,3.54721069335937
409694.29,701.721080179491,737.057303996286,4.00869369506835
409731.89,683.392007154039,741.85437175447,5.16491889953613
409756.02,648.923544915318,735.331402187941,6.14150047302246
409793.6,605.215102201024,721.878492732128,6.72460556030273
409840.13,564.554363604483,703.600479229763,6.96673393249511
409870.44,540.410036681499,685.569506859317,7.30244636535644
409903.61,542.795547634613,677.118654271056,7.20600128173828
409935.81,545.081188072917,670.144847596899,7.22794532775878
409964.8,547.720167985121,664.11332862222,7.55650520324707
409998.26,555.828189344043,660.457479711224,7.55244255065918
410031.54,571.585019976661,657.687076148792,7.60116577148437
410066.54,581.044179847263,655.257001298858,7.63612747192382
410096.42,591.240800572423,653.381023070662,7.53009796142578
410124.21,606.926442667567,650.626044104552,7.52042770385742
410156.83,619.354021445103,650.396952979809,7.63961791992187
410194.12,622.067049062148,651.127045159794,7.77248382568359
410239.79,620.391181226563,652.749666938989,7.73294448852539
410272.66,614.806599036783,653.892362561532,7.9218578338623
410303.44,606.958941584546,655.32120091562,7.90266036987304
410334.24,599.977114750864,654.553260141539,8.11314582824707
410365.66,597.802380375798,652.819376871186,7.96603202819824
410405.23,599.730374685293,650.564247520309,7.91687965393066
410431.2,601.698620242639,649.149600662118,7.79834747314453
410460.78,601.154013924467,646.65549180152,8.2170295715332
410492.67,599.184886768697,643.220927196283,8.15674781799316
410527.86,592.510479427293,640.706649986962,8.15563201904296
410561.83,585.067474431254,638.390094231191,8.37235450744628
410587.77,580.94318110445,636.626927931651,8.4162425994873
410640.88,579.009593402157,636.724990208391,8.3686351776123
410670.97,578.664442801385,637.592288814379,8.2331371307373
410700.2,584.052767202908,638.070964905629,8.38751792907714
410734.99,588.731453002499,638.50892460427,8.34915161132812
410769.18,594.422144015135,638.463920036255,8.27107429504394
410798.51,600.301814139882,638.10858277918,8.42436790466308
410830.31,606.12861516969,638.223137761664,8.21920394897461
410862.86,608.636316071397,638.254439116715,8.08762550354003
410896.57,610.508286949909,638.096247800279,8.37564468383789
410927.29,611.418519520681,637.489047998244,8.17728996276855
410959,607.565313284797,638.189931518378,8.21233749389648
410991.51,602.974474357789,638.131712215719,8.43775749206543
411042.89,595.802078359038,637.70538782374,8.2851505279541
411075.82,591.349011968025,636.896385008887,8.13414573669433
411100.71,588.200482799975,636.484671330472,8.1305980682373
411133.35,587.166667519092,634.621388464346,8.2030963897705
411169.39,587.407864438784,633.181495886691,8.45111846923828
411197.15,591.479820201938,632.187076438629,8.25782775878906
411230.39,595.136660819182,631.597428344332,8.43066215515136
411267.42,597.347803319042,631.082337657235,8.28603744506836
411296.93,601.35372430535,630.727346652947,8.3843994140625
411324.65,603.146442618819,630.570727621494,8.27756881713867
411357.18,601.776486389659,630.378068555834,8.4308910369873
411394.42,597.353930557477,630.156182132426,8.22701454162597
411436.88,591.48878599433,629.767553988519,8.31756591796875
411471.29,587.900700326241,629.444939130203,8.2884407043457
411500.62,583.491645624805,628.901481353658,8.22180747985839
411533.43,582.066125757184,628.561334674849,8.48001480102539
411571.84,580.971484849897,628.784471252028,8.24881553649902
411597.62,584.299717815522,629.160369808146,8.43123435974121
411630.27,586.705952159284,629.502986935975,8.53437423706054
411658.32,590.008639679834,629.960710169751,8.31968307495117
411698.54,591.585902533877,631.826779641851,8.38800430297851
411729.04,594.176710674177,632.839014193735,8.60672950744628
411755.57,594.155290936757,633.909472230576,8.27808380126953
411791.71,592.150064404356,633.434291798994,8.39950561523437
411837.6,590.564322742225,630.524449532949,8.28223228454589
411869.63,591.27414225809,627.109257098108,8.02436828613281
411905,592.703497492099,625.25475653935,8.28194618225097
411932.11,595.078033408904,623.938931962143,8.28454971313476
411969.89,607.264050122991,624.313004875544,8.26189041137695
411998.1,623.502525975394,626.758617180172,8.30351829528808
412028.74,639.565317103819,627.655468200823,8.48193168640136
412067.51,655.526829910252,626.969648956285,8.47540855407714
412092.8,672.83076413741,625.546332049833,8.56584548950195
412125.07,677.362447856377,624.267381807568,8.67279052734375
412159.8,680.538441103942,623.468627140834,8.54453086853027
412190.05,682.776917512469,623.35986521346,8.59834671020507
412240.73,690.649037573348,623.101616704309,8.72600555419921
412271.1,696.104339552281,622.813628779461,8.71636390686035
412299.69,707.032414211368,621.741469142038,8.70011329650878
412333.56,713.63947694827,620.911500163508,8.74440193176269
412367.53,722.181523322556,619.052850742438,8.72157096862793
412399.43,716.44951438654,617.965495509344,8.73782157897949
412429.66,708.363712231838,617.230304192019,8.64315032958984
412461.14,694.117784473804,617.330019782073,8.78159523010253
412491.95,683.29873957845,616.749899473372,8.81512641906738
412529.33,667.41968487996,616.539026053586,8.78422737121582
412560.01,665.222581998323,616.052268678171,8.75458717346191
412592.15,675.93390675358,614.757601911499,8.65954399108886
412639.82,699.719015619254,612.436899299845,8.74689102172851
412667.73,723.277972735942,610.220572196543,8.50513458251953
412703.83,751.866245648112,607.817044286707,8.66034507751464
412736.41,775.494354297025,605.9377065181,8.56773376464843
412765.76,787.414046985761,604.835539906328,8.69805335998535
412797.65,789.461373188865,603.992752893367,8.66128921508789
412829.04,789.493327792901,603.414651922157,8.57248306274414
412865.38,788.487297604335,600.797013883041,8.44934463500976
412898.29,787.453778040154,598.297848839914,8.40734481811523
412925.12,785.896305038278,596.647375221125,8.39158058166503
412957.23,785.049728913744,596.091931200703,8.65771293640136
412992.16,786.966154932925,595.714596073939,8.48410606384277
413036.77,790.748400041379,597.44644273652,8.61039161682128
413073.28,797.196951524265,596.101196565571,8.47392082214355
413102.87,806.724453549215,592.761419878234,8.52087020874023
413132.52,814.817259224404,589.149326481769,8.47864151000976
413165.08,823.382549234203,584.803065161849,8.41795921325683
413199.14,829.311852415342,580.365322538888,8.43103408813476
413231.37,832.532306887806,578.278235550531,8.42785835266113
413261.75,835.78655640527,577.508859527131,8.55196952819824
413294.89,840.538118090013,579.1043060809,8.50885391235351
413325.03,840.290111102287,580.426008603207,8.65960121154785
413361.62,843.143566180057,583.718133806009,8.60670089721679
413391.37,852.993447701668,587.54394249024,8.67742538452148
413436.86,866.426580969889,591.60014091547,8.56801986694336
413470.46,882.892254820151,592.5166252296,8.52839469909668
413502.6,903.114363416852,594.163414037538,8.56973648071289
413532.79,919.554281426857,594.483745512812,8.67170333862304
413566.76,927.05375871864,594.473074779661,8.45452308654785
413599.99,929.46420724731,593.883086166678,8.62944602966308
413629.39,929.49621165442,593.381672351931,8.50636482238769
413661.08,932.552375887491,593.025401842785,8.23925971984863
413696.86,939.041856203805,590.0696030795,8.28781127929687
413727.6,949.016835081719,587.743857609031,8.15743446350097
413757.5,960.146272844062,584.419025360027,8.4147834777832
413793.83,972.892599632819,582.844133950034,8.10596466064453
413836.6,978.229040512009,583.11195189224,8.77776145935058
413869.06,978.382756523636,585.424083651619,8.55935096740722
413904.88,974.777862725247,587.461849894531,8.64904403686523
413931.72,969.326714862388,591.051038188562,8.47832679748535
413970.64,961.391026605854,593.0194350793,8.83752822875976
413999.35,955.12543642811,592.926492264715,9.00572776794433
414030.15,950.066596543016,594.022421706624,8.87320518493652
414068.88,947.312459239295,594.033345472038,8.95754814147949
414096.27,945.224290557961,593.496699327801,8.84013175964355
414126.26,943.686619239588,592.735927441105,8.84448051452636
414157.45,941.468445259245,593.454011503623,8.6484146118164
414192,940.071263997608,594.120942676053,8.57923507690429
414240.96,944.583278234114,595.889803010688,8.11695098876953
414268.12,954.242419629408,596.624099117389,8.11474800109863
414300.84,966.786201420937,597.950124874642,8.22598457336425
414335.23,982.389990841939,597.387007782263,8.17411422729492
414368.6,996.874532300462,595.157943593321,8.34228515625
414399.2,1003.60196244294,592.403096707038,8.50733757019043
414433.72,1004.91464421361,590.582519484928,9.12858009338378
414463.81,1003.34633639204,586.942301496162,9.12277221679687
414493.1,1000.89670506071,584.093375516716,9.05714035034179
414528.78,1000.30000591155,581.600429100747,8.54982376098632
414563.28,1001.73313707877,579.00562804138,9.02109146118164
414587.83,1003.71254552059,575.916566561185,8.83595466613769
414637.85,1007.93045239564,575.488304024012,8.89652252197265
414667.78,1011.85421382707,576.58408536301,8.63150596618652
414704.83,1014.42725705237,577.944874625249,8.92330169677734
414736.15,1016.90175952272,578.372222425229,9.09293174743652
414763.96,1018.66510364886,578.220064425829,9.01468276977539
414799.24,1019.04313969446,577.544874106026,9.01139259338378
414828.44,1017.79423547752,574.18236088173,9.01634216308593
414862.25,1015.71802548326,572.079416590195,8.77112388610839
414898.2,1012.30024837874,570.896663242334,8.86748313903808
414922.96,1012.05071947852,570.956778355091,9.00343894958496
414956.37,1011.90154929822,571.842821376319,8.25579643249511
414993.44,1013.46509439513,573.594860355249,8.72388839721679
415037.92,1016.475130446,575.136476291303,8.65101814270019
415072.18,1020.88286366126,575.741500697166,8.80665779113769
415105.77,1022.09957538376,575.348539715349,8.88250350952148
415134.25,1022.60987815958,572.912807742347,8.80768775939941
415164.73,1022.55799767753,570.533550546109,8.76454353332519
415196.81,991.109542682129,571.609272796688,8.58939170837402
415233.41,905.182254063586,577.911337036488,9.38761711120605
415260.7,785.382135311842,586.565428554239,9.69898223876953
415297.69,651.369623972687,594.418094371006,9.73091125488281
415327.28,511.719137155534,601.507647026492,9.85565185546875
415357.47,401.576675936886,604.021318994094,9.78727340698242
415390.86,345.880139365192,603.098973029689,9.84755516052246
415438.56,327.533932594894,600.900008164099,9.89287376403808
415467.58,329.184171973907,599.666922377018,9.98602867126464
415503.29,339.871282959862,600.231987517501,9.83353614807128
415532.93,353.054329083261,601.321476010824,9.93215560913086
415566.74,367.836052405044,600.92293280551,10.0679683685302
415598.71,379.913630575479,601.679740353583,9.63443756103515
415629.23,384.511904795332,603.284353125501,9.95238304138183
415660.54,386.101273122903,602.748782926275,10.05051612854
415696.34,383.357918505831,601.037269075046,10.1409816741943
415728.04,376.053554549612,600.080293255362,10.1368904113769
415755.17,364.476860232403,598.404101099918,9.96849060058593
415791.05,352.26444012276,596.569370220039,10.0265407562255
415821.72,339.76662060402,595.786835703287,10.1844406127929
415874.08,332.791965966962,596.067878643914,10.0132656097412
415906.21,329.736603517812,594.666403607211,9.90297317504882
415930.63,330.348349310022,594.377465109689,9.92342948913574
415964.49,333.419727504571,594.410927745965,9.9305248260498
415999.93,335.266424126228,594.994286036577,9.76510047912597
416028.42,337.394981173815,595.551590917514,9.82666969299316
416068.72,346.572135780761,598.63122446088,9.7943115234375
416094.02,360.098296226766,600.644842214282,9.52677726745605
416125.61,375.742231121274,602.195917143099,9.60373878479003
416162.37,392.986147484256,603.747601205321,9.51384544372558
416189.29,408.81821187137,605.553093461278,9.44217681884765
416223.6,417.402987349019,606.875870081392,9.47193145751953
416272.21,421.353672326534,607.971912951677,9.32493209838867
416299.25,421.251103893136,609.503721451675,9.37465667724609
416336.27,419.158498102737,611.210490742162,9.39800262451171
416365.96,415.997653734091,612.842259540296,9.48892593383789
416401.1,410.686266612284,614.571873867723,9.22159194946289
416429.82,407.811120120776,615.819659731421,9.39342498779296
416463.28,417.989982313605,613.628193025904,8.81014823913574
416490.78,442.307488285923,610.061154709642,8.92101287841796
416524.65,471.308516562712,608.756680047771,8.73882293701171
416565.86,502.368239549526,608.856857048475,8.60681533813476
416590.39,533.745671282909,610.182929903839,8.80831718444824
416621.31,553.02203646548,614.94581023736,8.59251022338867
416674.43,559.087908509689,618.141540080064,8.81458282470703
416700.4,558.874568328655,616.996782301097,8.67691040039062
416735.25,556.48613073965,613.499336655932,8.62326622009277
416764,553.463872740176,608.708759820032,8.76577377319336
416799.43,551.426170436898,606.115069126677,8.57236862182617
416827.49,549.7885284506,604.865042718757,8.45658302307128
416860.58,550.373975503283,607.5536141182,8.59036445617675
416896.9,558.521526269783,612.247896134466,8.73744964599609
416925.01,567.656692305553,617.850530039459,8.56887817382812
416958.33,577.68042465756,621.076640900904,8.57399940490722
416987.87,586.818217552688,623.018618910722,8.52275848388671
417027.33,595.29632983444,621.419276895505,8.6828327178955
417070.61,598.262616585712,621.00355138812,8.49635124206543
417100,599.783180169225,618.85111477983,8.57894897460937
417137.3,602.107145496218,619.031383619306,8.4613037109375
417164.4,609.138185799669,619.805953736132,8.56312751770019
417196.7,618.60868078281,624.203111590766,8.41615676879882
417236,631.040820307411,626.16346635387,8.3551025390625
417262.2,638.765610194136,633.984418510846,6.71713829040527
417292.88,659.527925245741,648.857275549647,4.60072517395019
417325.49,683.462019461486,670.90829594411,4.73516464233398
417356.77,699.831311211082,687.69900597558,4.23454284667968
417394.84,707.535965075155,699.840262636816,4.90599632263183
417420.18,720.763355857968,704.269884963607,5.71758270263671
417471.45,718.671811221374,694.867568976853,6.21299743652343
417502.76,708.308704159935,682.870046501133,6.91575050354003
417533.76,701.826086979966,673.860155472022,6.88945770263671
417569.58,696.460359409877,670.939459770193,7.4659252166748
417596.58,686.525984390093,671.527269037735,7.45187759399414
417631.83,677.822944142887,674.477131267313,7.59535789489746
417663.16,670.312766276582,672.890267807443,7.72833824157714
417693.45,664.296753837278,674.212887430407,7.79834747314453
417731.25,664.435435243885,671.683286110598,7.85651206970214
417758.45,667.154584449439,666.671351865357,7.90328979492187
417789.53,668.719910652314,664.776673898212,7.98711776733398
417823.21,669.836497895613,662.083272281509,7.99095153808593
417869.04,668.030804311795,658.516827112517,8.03003311157226
417907.55,661.621632187039,656.391527678111,8.05990219116211
417932.61,655.25191231706,654.406619900619,8.00394058227539
417965.97,654.58873680125,653.520998689206,8.10221672058105
418001.14,664.323904917699,653.276239050145,7.98937797546386
418034.53,680.992504569613,648.007290478325,8.46330642700195
418067.69,701.426492314437,641.988179373027,8.22100639343261
418098.73,722.47445802752,636.643278121215,8.23911666870117
418128.3,738.205804159559,629.261890259726,8.39115142822265
418158.1,745.555247628102,623.249440333024,8.34875106811523
418193.03,749.87438490754,619.780372373863,8.3364200592041
418224.62,749.38384323988,618.242498850039,8.41461181640625
418269.71,748.987778614053,617.674154591932,8.49509239196777
418303.19,752.541797344971,615.635926171113,8.39372634887695
418331.35,757.23674866617,613.531165684326,8.6539077758789
418365.9,760.4265921411,615.37202108895,8.41629981994628
418404.5,767.990983663582,615.842807891566,8.53377342224121
418430.12,774.606419512105,615.29781256637,8.70185852050781
418460.97,777.961910661271,614.38797246795,8.56879234313964
418495.86,780.131831944542,614.347854858282,8.50390434265136
418525.92,784.378861895899,611.131017751474,8.63599777221679
418559.43,787.173110822961,609.547457107413,8.5162353515625
418592.66,789.562325231259,609.59490426447,8.61740112304687
418620.76,791.874295384637,611.027034591128,8.66849899291992
418669.27,799.62447333223,611.222670686954,8.52035522460937
418705.84,816.026463894945,610.862579519724,8.59983444213867
418736.43,837.063274747181,612.452965487242,8.6795425415039
418764.31,861.30612572515,615.127143236745,8.47097396850586
418795.31,886.249296098924,618.497374790357,8.42182159423828
418832.11,905.020398985166,620.636963024637,8.53119850158691
418860.07,913.995144380688,624.226584522899,8.39461326599121
418894.38,918.62896941227,626.066784298441,8.72408866882324
418927.84,919.996554605436,624.473741019383,8.45200538635253
418957.02,918.633029286514,619.906335051521,8.37347030639648
418989.35,919.717376091525,616.683129694671,8.36817741394043
419023.96,921.585346910347,611.474557794031,8.45492362976074
419070.59,922.678455853003,608.608660460447,8.35724830627441
419103.19,924.970580293847,609.395309621067,8.57540130615234
419132.25,928.993102409226,611.264130798443,8.48567962646484
419163.28,931.062651850274,611.648334715239,8.2203197479248
419200.74,934.111814141873,611.902176149174,8.46402168273925
419230.85,938.788920854843,609.445472281031,8.36148262023925
419260.42,946.25219735523,607.594503053102,8.12052726745605
419293.08,952.206089061966,606.349620608063,8.57145309448242
419323.95,958.035745038669,606.035275486478,8.10502052307128
419357.37,961.97341288274,606.107817383849,8.15837860107421
419394.87,963.005479569185,606.670424689964,8.75950813293457
419421.2,954.901202984067,607.143988707516,8.62212181091308
419473.73,946.779630265481,609.52071213995,8.69444847106933
419500.36,935.366665816054,613.129706081761,8.69547843933105
419532.57,923.423491583115,616.858759169777,8.88894081115722
419572.28,911.079762982331,619.738513803165,8.70537757873535
419596.75,905.278568821821,620.61035614674,8.65210533142089
419627.91,902.482795817067,619.54232713324,8.61536979675293
419660.36,905.246010880677,618.445007429526,8.85884284973144
419695.09,912.065351105211,618.697712219044,8.77967834472656
419727.59,923.012376899867,618.771299981279,8.76620292663574
419756.2,933.966797082384,619.972951162479,8.3891487121582
419793.22,941.850496702988,619.960830140278,8.53514671325683
419821.77,947.342414876646,620.116340538357,8.68646621704101
419868.97,950.552711682697,620.443169830071,8.82871627807617
419906.55,952.798244993693,620.265876755516,8.71089935302734
419932.78,952.260082968221,617.708459548127,8.12922477722168
419964.2,953.961224676898,616.804601963729,8.41730117797851
419999.91,953.755998885124,616.018189554484,8.59848976135253
420032.11,954.155601081768,616.152272100595,8.76291275024414
420063.63,952.621708891476,618.17261575181,8.92827987670898
420093.53,954.250109462914,620.218870157028,8.62669944763183
420125.16,956.649385292361,620.239109280826,8.32709312438964
420157.06,961.24212828312,621.704740788327,8.33999633789062
420192.65,961.856498193513,622.562814893278,8.45844268798828
420225.5,963.56070635989,621.222892513056,8.71384620666503
420269.9,964.865977965562,619.904029396127,8.09403419494628
420300.45,965.718524877992,619.29646163091,8.15091133117675
420334.44,967.6885339707,615.893554498755,8.06144714355468
420367.27,972.372998358111,608.412768427395,8.25339317321777
420400.25,976.371742042027,604.174779854786,8.24240684509277
420426,977.587134105891,601.888717043997,8.0888557434082
420464.01,976.120589775815,601.852749317718,8.25010299682617
420493.74,972.860940018634,602.461442332613,8.12347412109375
420529.34,970.066051176883,603.303094040472,8.02130699157714
420562.36,968.528847334059,602.402551656069,8.21906089782714
420589.18,966.296388196457,602.070004850347,8.17603111267089
420625.82,965.273863176987,604.76643229226,8.20532798767089
420668.32,965.354638397668,607.285349199385,7.97873497009277
420703.17,967.197296724032,611.006209686808,8.29914093017578
420737.04,968.907679656344,613.807007890944,8.18653106689453
420765.37,975.136816394941,614.468744486321,8.16407203674316
420799.73,981.585286883129,611.136922410215,8.24309349060058
420829.27,986.691694062658,607.606531488522,8.09145927429199
420865.56,988.072485733419,605.833958252834,8.19840431213378
420897.47,989.559048044621,604.698849438712,8.32042694091796
420924.91,989.593080426919,607.488867438096,8.23184967041015
420957.57,988.300408393659,609.724667446402,8.29748153686523
420993.12,986.50432675638,612.096900816843,8.07672500610351
421021.9,983.510224032055,612.93758641808,8.20012092590332
421072.07,977.302122002139,613.638458747817,8.43561172485351
421101.21,970.175403231124,611.183303367082,8.38957786560058
421132.98,964.123166296763,612.075325816118,8.3884048461914
421167.57,957.874163705518,612.57446909435,8.63917350769043
421197.02,955.417762946648,613.748406797979,8.26337814331054
421233.32,955.521115344666,613.69116978061,8.3404541015625
421265.87,957.446640762383,616.186152687104,8.24584007263183
421294.86,959.078053874647,614.997467476031,8.68663787841796
421325.55,960.496733229961,617.762052833822,8.44708442687988
421359.09,959.305160493993,619.835107827172,8.54913711547851
421391.18,957.944555968602,624.942966167039,8.36420059204101
421420.63,953.378505498143,625.161682835595,8.26855659484863
421470.22,949.2968444445,625.744148255152,8.1591796875
421498.3,946.683717373836,625.852629817614,8.23619842529296
421534.72,944.409531974443,628.437431251753,8.1924819946289
421566.65,943.071639233321,627.070252946494,8.31808090209961
421601.95,948.532746510577,626.124108887468,7.83007621765136
421632.3,957.395502442123,624.362786493792,7.80017852783203
421661.93,967.482292983137,619.326236410952,7.8185749053955
421691.98,978.436210215722,613.061912299235,7.93570518493652
421730.83,988.936886186477,609.353089350946,8.00751686096191
421757.86,994.723387267538,607.508549372334,7.93931007385253
421788.66,997.077832003571,607.22993316318,8.02900314331054
421824.17,997.470146003264,608.101628552888,7.91925430297851
421869.6,996.835801146905,611.518347263738,8.14982414245605
421908.55,994.356005527877,613.426067334153,8.05787086486816
421934.4,992.23758518404,614.596464473983,8.13797950744628
421965.98,990.748129639159,615.005211047872,8.01149368286132
422001.94,989.812818677646,614.889287336497,7.91496276855468
422032.12,988.808524593819,611.935244921765,7.94257164001464
422063.59,988.917854035421,609.971078515095,8.13477516174316
422092.07,988.922379167368,608.872451028171,8.07632446289062
422128.06,987.415530139237,608.790332721267,8.05973052978515
422160.62,986.566447614562,609.251411740509,8.05947303771972
422189.78,987.947359322866,609.572843492868,8.15729141235351
422224.25,990.196097099163,610.122702018561,8.02322387695312
422273.37,992.123627984085,609.645407528971,8.18000793457031
422301.73,996.289902308768,609.273460555482,8.06622505187988
422333.46,999.522412475321,609.631535492197,8.10865402221679
422366.54,1000.96126313015,610.352893556531,7.93112754821777
422401.6,1000.91674636421,610.639721589284,8.15797805786132
422428.01,999.301242180657,611.743544422977,7.98757553100585
422462.32,996.443978361553,611.707676187606,7.97115325927734
422496.21,994.920623345896,610.375073438958,7.98254013061523
422526.9,992.739713532704,608.727401792136,7.96554565429687
422560.22,992.331688447353,607.143131690779,7.97638893127441
422591.59,995.848052879938,606.74439712344,7.74553298950195
422620.84,998.097689406683,607.042005449512,7.80014991760253
422674.53,999.588336090072,608.509897207503,7.89705276489257
422702.59,1002.05535930629,608.226627951,8.02579879760742
422736.67,1004.65672758818,608.849359289855,8.15116882324218
422765.28,1004.56944510026,609.594364260334,8.26360702514648
422801.44,1004.90343787224,611.6887666244,7.86023139953613
422829.17,1003.35965313822,613.545173077997,7.79640197753906
422860.56,1001.23456570026,616.078315291236,7.8328514099121
422898.7,998.571024119029,616.793548627399,8.14779281616211
422923.68,996.438336135779,615.910649565639,8.02382469177246
422960.45,995.230292846843,614.017049219229,7.85313606262207
422990.39,996.956402110404,611.793835255158,7.79334068298339
423021.74,997.873150741123,610.832934739702,7.70782470703125
423072.1,998.726578232329,610.120668636716,7.98431396484375
423100.35,999.624822984342,609.753083441517,7.80140876770019
423136.28,983.405791570318,611.562646888544,8.19499969482421
423166.48,920.996429463693,617.381204092049,8.09706687927246
423197.46,815.701330546779,624.283142309842,8.57460021972656
423235.29,689.060169898706,630.352038846575,9.28842544555664
423263.08,553.003714706257,634.892276957467,8.98979187011718
423292.22,432.845958332125,636.834952403826,8.9981460571289
423324.15,363.501066960318,635.849338884277,9.03894424438476
423358.79,343.026611704385,634.538753121755,9.01093482971191
423392.29,345.537358007375,633.83600787033,9.09736633300781
423421.1,350.651841867678,632.750770699396,9.55189704895019
423472.13,353.64767886528,631.203901153317,9.46812629699707
423502.24,352.995831286453,628.896120692505,9.59054946899414
423533.97,347.905347246894,627.389205298135,9.45090293884277
423571.19,341.425217567754,627.808128579188,9.38232421875
423597.14,342.376312675778,628.321365344552,9.88944053649902
423628.49,345.496079552847,628.361785059965,9.65892791748046
423663.54,343.741659581663,626.946651865391,9.5357608795166
423693.03,341.858968805237,623.618169170803,8.94478797912597
423727.47,338.027919341061,619.301633789834,8.91220092773437
423761.98,333.108652837011,617.015966852081,9.04872894287109
423789.39,329.870005152853,616.570762681061,9.34123992919921
423819,330.359730362268,615.757953643406,9.32161331176757
423872.49,332.487065005433,615.671568307738,8.80634307861328
423903.92,336.068277494251,615.964726958757,8.95093917846679
423932.48,338.710890313356,615.986537605537,8.809175491333
423969.72,338.24857694922,616.238283623495,9.04993057250976
423995.71,343.212876659434,617.166448667988,9.03253555297851
424034.97,352.87973533229,619.21662174894,8.87998580932617
424066.63,368.192284907304,622.502042574941,8.95751953125
424091.7,386.19816261302,626.761246985166,8.76897811889648
424128.2,406.495702646322,630.212698989936,8.91383171081543
424156.36,418.616496790036,633.89828765234,8.83046150207519
424188.24,425.420386289924,636.25072175922,8.95528793334961
424222.95,429.510534930723,636.257051869599,8.71673583984375
424270.94,429.839901778194,634.873500611059,8.78156661987304
424301.68,430.57890277081,633.373596272934,8.68921279907226
424335.96,429.3858148701,632.901643905041,8.76691818237304
424363.5,430.538871229014,632.082435543295,8.56221199035644
424399.7,429.284345056565,633.608801022916,8.42479705810546
424431.9,431.759158249884,635.320744281958,8.45094680786132
424460.3,433.494148188482,637.208947734971,8.5550308227539
424492.59,440.04656650957,638.163628730379,8.3752155303955
424528.52,444.183374419977,637.902989405235,8.31556320190429
424561.36,448.072199088343,635.995222621083,8.40499877929687
424586.96,453.004455997856,635.648269225863,8.33046913146972
424623.42,466.352933488874,635.612458292044,8.5814094543457
424669.44,481.48487651872,636.216951919463,8.43993186950683
424699.73,497.424221205351,637.971112505105,8.45108985900878
424740.45,514.659810119739,639.918214502978,8.49085807800293
424765.52,525.986351001127,640.823256062902,8.59828948974609
424796.09,530.359152536898,641.00995301225,8.34503173828125
424835.86,530.028676365994,640.314597274716,8.54384422302246
424863.91,530.732660213112,639.916453646212,8.40073585510253
424896.68,531.031673795975,639.384618117263,8.43787193298339
424924.6,535.074636712457,638.286150728961,8.43707084655761
424960.87,538.926791840959,641.660148353875,8.43772888183593
424990.38,542.835088465982,643.626462669596,8.40903282165527
425021.39,541.863150983797,644.244214586475,8.46573829650878
425077.27,547.511371816325,644.129300883585,8.33524703979492
425104.22,565.690869054195,643.466465440413,8.23365211486816
425132.05,589.423107977735,638.483867500865,8.2422924041748
425166.11,617.411862051811,635.426629833795,8.36834907531738
425199.36,646.901556170604,634.156190602687,8.16189765930175
425231.71,665.264683947111,633.439723930261,8.25651168823242
425265.45,665.833071670475,633.880285044633,8.35844993591308
425296.05,650.524947982598,635.538011216026,8.31493377685546
425326.16,624.500862594001,637.384523283522,8.41615676879882
425357.73,594.768751077888,638.63522228508,8.49861145019531
425395.51,566.941137091626,639.152470080498,8.52335929870605
425421.14,543.790183345692,638.637826943096,8.58023643493652
425453.5,527.984622979732,637.010468469222,8.48404884338378
425505.35,518.872424572324,635.835569841226,8.54667663574218
425532.39,517.979366435807,634.907639875659,8.63988876342773
425567.77,517.763491205068,635.614315799792,8.63001823425293
425601.42,517.769034865809,636.936071235225,8.48444938659668
425631.94,531.594343075584,631.288446331316,8.51211547851562
425660.19,557.344121203887,620.920040315971,8.58916282653808
425696.4,583.913897449708,608.55269861119,8.57691764831543
425729.06,615.022591872476,594.835062303322,8.58269691467285
425758.56,647.322026987668,580.854339685915,8.39329719543457
425796.51,667.39564414044,580.717271460218,8.44416618347168
425826.26,676.728245914137,588.776973007895,8.56627464294433
425856.21,682.763602817084,601.277252046246,8.22478294372558
425905.46,687.389836767785,615.277421446251,8.59634399414062
425935.36,700.323291585525,629.35847044137,8.44133377075195
425964.56,716.60216241595,636.07376286024,8.49720954895019
425996.12,733.858970881549,637.77531474986,8.45772743225097
426031.97,751.770253533948,636.263566335732,8.73687744140625
426065.01,769.053239173329,633.877881678292,8.50132942199707
426093.55,786.041569410376,631.488335657828,8.61505508422851
426127.82,804.775366678691,629.278687499885,8.56913566589355
426156.52,826.726481723111,628.156583527891,8.53165626525878
426190.88,847.528879196027,627.927136677474,8.61494064331054
426228.81,865.767931663261,627.981954118514,8.65808486938476
426254.19,873.942464652305,631.323130077747,8.70308876037597
426301.8,877.496495641538,633.614185913242,8.54144096374511
426335.42,876.594903981542,634.365759084806,8.44287872314453
426365.38,882.565599404604,633.715130535282,8.12953948974609
426400.06,894.832562144182,631.970431830684,8.29682350158691
426431.86,912.17553791783,627.486997208476,8.20690155029296
426462.71,929.606194723357,624.046604781385,8.43729972839355
426494.01,947.279413358885,621.458392109571,8.19479942321777
426527.2,956.395545718729,620.304407977203,8.36102485656738
426560.28,957.365985018408,620.283346431681,8.21499824523925
426592.74,956.072472293387,619.670970494105,8.37269783020019
426623.26,959.243763826875,620.14837962202,8.08150291442871
426655.39,963.738716935462,620.427245759013,8.05890083312988
426700.91,969.664793961721,619.886414150325,8.10690879821777
426736.06,979.189631708091,618.757790732387,8.1104564666748
426768.01,987.394179737491,618.58695281168,8.13300132751464
426798.54,988.183134222033,618.26000991836,8.08427810668945
426827.69,988.845430350061,622.243997608121,7.96863555908203
426862.41,988.323611284798,624.987191516028,8.223237991333
426897.75,986.218917437685,627.08518361815,8.18701744079589
426927.77,983.946972586035,627.856972453647,8.06058883666992
426958.63,984.003296530335,627.49545597811,7.81854629516601
426992.41,979.360147078756,623.191815590133,8.20961952209472
427025.2,973.52718523131,621.309413435745,8.24715614318847
427058.48,965.157096589482,620.978078580359,8.10447692871093
427100.32,954.410226317459,621.530814174491,8.41944694519043
427136.36,944.483764964249,626.28498718826,8.51554870605468
427166.08,939.06909974586,629.940517196082,8.48001480102539
427197.51,935.795521680723,631.893502609702,8.53643417358398
427237.7,936.547549962744,635.927624469848,8.59168052673339
427262.08,939.121525063953,637.401924771599,8.6769962310791
427292.9,939.29653807458,634.327199231888,8.47028732299804
427324.9,937.070206259294,632.359462292181,8.39052200317382
427358.74,931.998176927115,631.856646498238,8.5140323638916
427390.65,925.994882183557,629.173667600779,8.50493431091308
427421.64,919.537096489167,629.025166776422,8.38245391845703
427455.74,915.766737274779,629.330118322244,8.14149856567382
427501.43,913.744748857189,630.100404246262,8.00024986267089
427537.39,913.764503938854,630.054360744339,8.16069602966308
427569.22,914.641747295281,630.596412721957,8.25994491577148
427597.97,915.882010272513,631.688177592044,8.41555595397949
427630.61,914.248963584002,633.481419808539,8.31107139587402
427660.16,916.562142601565,635.119938227932,8.00731658935546
427693.03,924.486221764004,637.367564067411,7.96148300170898
427729.29,933.521707582671,638.886137648752,7.8035831451416
427759.51,944.043179485657,639.644961799128,7.75789260864257
427790.17,957.711423517148,640.14170601266,7.92903900146484
427822.08,967.291505191714,640.101704737642,8.21771621704101
427853.1,972.456702193813,639.861430689755,7.83926010131835
427905.09,976.628822265943,639.28689554278,7.75042533874511
427933.09,978.857270176827,638.777052309706,7.7511978149414
427967.13,978.317052084318,636.525107796793,7.88921356201171
427999.14,977.251687627711,633.313421455717,7.86778450012207
428027.87,973.437292062671,632.245814242566,8.084077835083
428068.1,970.206460734665,629.372774178794,7.74375915527343
428093.19,967.443357253609,626.468522624914,8.01280975341796
428128.71,966.452729300395,627.007792665272,7.84475326538085
428159.16,965.709210306,630.665108792908,7.94683456420898
428193.3,966.997578544808,632.537441821524,7.83202171325683
428228.32,966.760964544082,636.077102412731,7.99046516418457
428255.87,968.402350061535,639.40008184,7.79654502868652
428300.22,969.358096334995,635.224452462872,8.02471160888671
428337.06,971.262302738725,626.598561279134,8.09480667114257
428367.16,973.33764341106,616.352297169434,7.8255271911621
428402.09,977.700949361303,605.775647029978,7.89124488830566
428429.99,982.62935064068,590.169469916429,7.75691986083984
428464.59,990.262524364509,582.610401674635,7.91264533996582
428494.32,997.227067018706,579.973146588085,7.65214920043945
428525.73,1004.52417371753,574.305762164058,7.77697563171386
428559.06,1009.68974103303,566.757314810676,7.74358749389648
428589.74,1014.11455265418,563.126562260049,7.74524688720703
428621.16,1016.88035770957,556.487920422839,7.90068626403808
428656.77,1017.77036124249,553.169178682997,7.63790130615234
428701.84,1016.31842510828,552.245902596955,7.53547668457031
428735.31,1013.58153694925,557.659098993172,7.44077682495117
428767.7,1006.93321969188,566.407491751438,7.81977653503418
428797.35,1000.49184679445,571.7705168751,7.98551559448242
428828.73,996.626628203809,573.47989735584,7.93124198913574
428863.35,993.838299580593,573.759440652017,8.0797004699707
428894.43,990.898646373715,572.620904554976,7.73929595947265
428927.68,990.872318689761,566.46992630104,7.8790283203125
428958.77,990.952287576511,568.12606367041,7.96377182006835
428989.7,990.203084074374,570.190930711335,7.74106979370117
429020.93,990.73945707646,576.716770144702,7.8054141998291
429061.7,991.505145336737,576.814906943297,7.82529830932617
429102.61,992.756896777577,581.808584977286,7.81285285949707
429134.38,996.125761888652,579.853258560553,7.76267051696777
429166.49,1000.46315874822,578.142253003554,7.84764289855957
429195.97,1006.83710728557,571.884517227763,7.82958984375
429233.63,1012.96854936356,566.99430056011,7.72330284118652
429262.13,1022.02360088531,565.238157751133,7.67930030822753
429294.74,1025.91214620276,570.126780617695,7.73921012878418
429328.25,1027.22138834529,573.903890530516,7.47015953063964
429356.67,1025.26124727895,581.88505103704,7.58929252624511
429390.8,1024.90349865773,592.688289571979,7.72238731384277
429424.87,1021.05605794323,598.27758778703,7.76627540588378
429454.14,1019.88700174537,595.023212753732,7.72164344787597
429507.07,1018.75927114092,586.34513360148,7.46646881103515
429536.06,1020.07556893909,580.893754475682,7.6307201385498
429567.41,1019.94875683481,577.900632317262,7.43376731872558
429594.96,1019.28038209728,576.211502813395,7.61741638183593
429631.24,1019.08277026818,580.09315336591,7.42469787597656
429660.06,1020.34976886997,588.112095617134,7.79911994934082
429693.47,1017.97368606326,587.062819381749,7.62351036071777
429732.99,1017.2821493115,584.900657205477,7.70318984985351
429758.67,1018.75915694007,583.381232182996,7.83659934997558
429789.86,1018.27282660783,577.937040892178,7.5820255279541
429821.42,1016.24466002701,575.513385144387,7.6750373840332
429856.87,1015.67116662263,579.82057652841,7.75794982910156
429903.97,988.399214680804,585.020083318806,7.56494522094726
429938.73,909.91707618195,590.589766307011,8.60023498535156
429967.38,789.837204306821,600.537855571672,9.62007522583007
429995.38,649.716731440632,607.055611754082,9.50752258300781
430030.13,501.69352022387,610.716465681257,9.58817481994628
430067.73,380.376929353599,610.814559839108,9.93764877319336
430093.71,309.418254182246,607.531319482584,9.83136177062988
430122.73,280.428267091027,603.125895423944,10.0865936279296
430162.57,274.039615533018,599.168232646647,9.87739562988281
430189.81,276.276844762846,596.678185563849,10.1400089263916
430225.54,280.204224156319,595.778380163709,9.94236946105957
430253.28,286.258401620456,602.714265423875,9.92431640625
430305.27,307.562064043061,615.240954304465,9.4083023071289
430333.57,343.895287141683,630.467978059893,9.15367126464843
430366,386.9354482477,646.359824895976,9.05756950378418
430403.33,431.149087390447,661.873452975373,8.8974380493164
430430.75,472.587648229079,670.301317035401,8.97159576416015
430460.52,500.647399423758,673.600121961105,9.01001930236816
430496.21,510.789905885332,666.837809276043,9.06761169433593
430525.04,514.03524744593,655.340977222121,8.62349510192871
430558.39,510.522223178024,641.727296221138,8.50018501281738
430591.17,491.015530512708,628.348957691379,8.96338462829589
430621.93,461.295085362878,614.70818740738,9.11161422729492
430654.4,426.974283875994,607.602017440678,9.26178932189941
430704.07,389.556186317115,604.036236170107,8.95594596862793
430734.77,354.468117044002,602.647545116098,8.83206367492675
430764.38,336.038380594137,606.57775038169,9.04177665710449
430799.4,343.654788962919,615.488285242619,8.42920303344726
430827.3,376.023359759912,627.510684643247,8.39321136474609
430865.48,421.336358046126,640.520944122052,8.33925247192382
430897.64,472.264933213026,654.180119746679,8.24735641479492
430923.66,526.388920917693,662.488658941837,8.32257270812988
430955.71,563.469899579685,666.983066774692,8.2181167602539
430991.54,579.268298118001,668.742710412846,8.24838638305664
431025.51,581.409774345336,669.464993489244,8.18352699279785
431057.33,574.748720198134,663.477631280567,8.05134773254394
431106.29,566.791012996497,654.470697551859,8.18418502807617
431134.32,559.244830451598,643.04866813451,8.28895568847656
431166.09,556.564617734478,631.462236626572,7.9573917388916
431196.28,560.947809320947,619.787286834297,7.90371894836425
431234.9,571.578441652924,614.573205587374,7.87545204162597
431260.99,578.720206757933,612.900000262657,7.96832084655761
431295.83,584.125932457063,613.279189779331,8.07772636413574
431325.25,591.434392204297,613.917686144087,7.62708663940429
431360.56,607.764380110252,615.080447378539,8.10256004333496
431393.95,628.028853259032,614.871198987511,7.85021781921386
431420.75,652.156007314991,614.069596145545,7.97163963317871
431452.47,680.056987074027,611.976006347326,7.83253669738769
431503.9,703.892196880038,609.889211132604,7.86157608032226
431534.15,712.859443737557,607.961870838674,7.67924308776855
431567.21,714.180769734376,607.273369120473,7.85937309265136
431601.84,712.687813117898,606.801849705146,7.80632972717285
431631.25,709.590485692893,607.296798876167,8.09729576110839
431659.94,706.532876240181,607.822897323511,7.83373832702636
431697.68,703.238830873808,609.253094339714,7.75477409362793
431728.33,700.991672193305,611.054608369461,8.12504768371582
431756.76,695.848948160755,613.296164246046,8.07721138000488
431794.3,690.102749240234,614.848947635697,7.99924850463867
431822.32,689.01651158569,616.379329945926,8.13840866088867
431852.6,691.030719700326,617.259389041901,7.99818992614746
431906.81,693.377032251362,617.637140646886,7.98720359802246
431933.11,699.849175312432,617.298666833584,8.11677932739257
431965.07,707.713946042423,616.914145518783,7.87436485290527
431996.91,710.829365821213,613.627826715463,7.84575462341308
432033.05,713.589691355677,608.637013827878,8.37647438049316
432065.18,720.190236328901,603.013521381695,8.47638130187988
432096.05,724.036101887327,600.729151546576,8.35441589355468
432128.23,726.317756052327,596.970777779299,8.07995796203613
432157.49,731.328192126871,598.441575357268,8.014497756958
432190.03,738.282058021888,598.85247683955,7.88369178771972
432226.4,743.501169867825,598.629971932842,8.03154945373535
432254.13,749.623290042296,594.434027170487,7.77400016784668
432301.15,756.785089351719,590.606756633584,7.842378616333
432336.38,760.524484083972,584.35125338453,7.8131103515625
432364.56,761.837149085495,580.926295816825,7.91934013366699
432400.75,763.163299000535,577.809762679624,7.74785041809082
432433.51,767.122127157735,580.606988417329,8.14899444580078
432460.77,768.012442156299,583.704358389112,8.1866455078125
432496.28,768.390824724592,585.7892097733,8.17540168762207
432524.11,768.841254796592,591.555919119663,7.7288818359375
432558.99,766.464044065381,596.373443706964,8.06854248046875
432591.77,761.408682836599,595.088588033157,7.91479110717773
432621.69,757.967282029338,597.870734869913,7.86478042602539
432658.68,756.124025010252,599.475324473519,7.85393714904785
432702.66,752.483035223701,595.541776881933,7.71984100341796
432736.21,746.611962142012,592.592729443984,7.82815933227539
432768.5,737.936939664753,591.046143292121,7.98974990844726
432798.42,730.914168252285,586.76370358747,7.97461509704589
432829.59,724.347114455654,589.140450831298,8.08716773986816
432867.05,718.174060710015,591.110203938825,8.11806678771972
432897.65,714.78907880558,596.338633835283,8.09781074523925
432925.73,714.378598806136,603.473047523674,7.80401229858398
432962.43,712.557871794094,607.926509332495,7.99232482910156
432992.29,711.213794857211,609.900010675465,8.06902885437011
433020.91,709.856352385713,615.456280563548,6.57265663146972
433056.36,708.784005229876,622.184235086427,6.2424087524414
433104.03,708.491135393372,631.895609864223,6.12573623657226
433132.26,706.201062560993,642.761476474612,5.92540740966796
433168.63,702.978769627444,653.920420826614,6.76408767700195
433199.41,700.438952031323,658.510619129374,6.72718048095703
433231.58,708.768494589831,659.948188161416,7.33180046081543
433265.52,720.313600136939,652.224648924608,6.79492950439453
433293.34,738.613746658878,643.385033418937,7.33217239379882
433325.67,758.92403075339,631.046878118227,7.12969779968261
433358.35,782.289400406568,622.478108889006,6.95634841918945
433394.12,795.923628396621,612.884426552784,7.04790115356445
433420.84,805.785975753277,607.250917651561,7.1407413482666
433455.06,809.7996524027,604.546414379712,7.2711181640625
433501.9,810.417818847754,603.44719453359,7.22977638244628
433534.63,808.488142590224,603.075867193475,7.1224021911621
433566.84,803.79766118398,603.004249271962,6.8887710571289
433597.17,800.229333226625,603.595957963197,7.13988304138183
433632.3,797.566950752927,603.678763220024,7.02152252197265
433662.58,796.109766213138,607.817261047364,7.31449127197265
433693.62,794.15315286793,610.532108547066,6.8012523651123
433727.53,792.631908353717,612.180968517523,7.3549461364746
433759.26,791.138290427553,616.115339494959,7.21384048461914
433788.4,792.375991735849,616.154132301369,7.14119911193847
433820.9,796.02424199139,616.06475780215,7.67254829406738
433855.68,796.317069959226,620.406225111204,7.15398788452148
433904.52,767.89898220373,629.796996266648,6.63216590881347
433937.26,711.515936726404,647.791872203666,7.18800544738769
433965.75,636.801649802435,681.275772938779,7.2015380859375
433998.4,555.000903053528,715.486375879038,6.56696319580078
434033.69,474.922420212483,751.020537095955,7.32999801635742
434065.65,423.42414349251,784.547310707304,7.02218055725097
434093.32,400.573576707198,807.841227395862,6.4116096496582
434126.02,398.614146677423,819.044532388258,6.77161216735839
434159.64,403.550268336063,824.826881673715,6.30509376525878
434189.65,414.824551525318,827.981527647528,6.08622550964355
434229.82,427.686935449869,828.96993312572,6.58249855041503
434253.92,437.183101412521,830.573389708583,5.89728355407714
434303.45,443.791984325675,832.383916324765,6.63997650146484
434334.35,447.987755871562,834.288386040502,6.2039566040039
434366.94,457.690041041901,832.457185435422,3.52795600891113
434398.11,490.83371069464,825.400264868093,1.85832023620605
434429.39,545.091403527771,811.320804835882,2.62332916259765
434464.17,609.416546236193,795.126009941839,3.99736404418945