time,x,y,left_dist
130691.12,296.573747161857,647.711360310476,6.10482215881347
130722.93,292.349828566548,641.57133851405,6.15446090698242
130750.98,289.378061656724,628.747763599933,5.841064453125
130780.9,283.522384865357,624.157193681146,5.52718162536621
130818.35,279.085603302891,616.592457064753,6.35979652404785
130837.45,275.463844130716,612.897130534371,5.54815292358398
130880.8,278.166612110069,617.015660544564,5.13256072998046
130914.11,275.830773929024,615.994262686222,5.53513526916503
130958.22,280.669810491394,618.198658527628,5.97049713134765
130990.28,281.861611427872,621.149751336221,5.90726852416992
131024.83,284.596028415864,624.360105027866,4.93383407592773
131058.32,284.602775452257,624.03511347836,5.64628601074218
131086.51,284.126962285046,607.496834747065,5.07513999938964
131120.6,277.679688038955,571.661250569574,5.42418479919433
131148.65,272.375137274933,514.16032000841,7.3384952545166
131183.02,272.465681686729,440.91399186214,7.54114151000976
131222.65,277.013495142573,360.845032715876,7.9720401763916
131237.67,283.231893920275,298.624472173061,7.99372673034668
131277.91,293.737179608386,251.698674381662,8.57800483703613
131309.38,296.969315369002,221.093271519504,8.33407402038574
131361.59,295.257889572755,204.115052641215,8.37965011596679
131392.71,290.771184380345,187.606939828491,8.51308822631836
131426.69,283.553723753486,173.167133992971,8.61897468566894
131454.83,277.111383099793,166.260543202111,8.60252380371093
131485.21,276.435776807607,165.255945213975,8.525390625
131517.51,274.530953508509,165.478649644098,8.30537796020507
131558.35,270.678791424841,170.890575307202,8.36050987243652
131584.23,269.701089345939,176.384405175838,8.57565879821777
131615.28,270.644282395679,178.972954590244,8.41429710388183
131632.23,272.437745057493,180.384380757371,8.41292381286621
131682.05,277.793613681895,182.688243336051,8.60255241394043
131715.66,295.285797995541,185.440570762262,8.08279037475586
131759.27,310.577355996906,185.897737975003,7.9273509979248
131793.3,329.093423963521,182.278761283509,8.27934265136718
131821.55,352.709601223032,178.531550657478,8.55937957763671
131859.21,371.447042497693,172.131321619127,8.26643943786621
131891.1,378.716598097923,163.798204033006,8.04479598999023
131918.59,388.223867788674,160.895485324447,8.54181289672851
131950.94,408.298491408842,162.957239947766,8.60853195190429
131985.97,429.850074725735,162.823555996119,8.27227592468261
132014.93,457.814942292823,156.635140627159,8.44785690307617
132030.06,489.819557689899,149.542601860205,8.66374969482421
132083.2,516.932773843634,139.633219086901,8.5477066040039
132109.3,528.571163847355,128.502410787819,8.60790252685546
132161.88,530.776792650418,119.509694609412,8.70306015014648
132190.12,525.698342809395,119.034028310687,8.58999252319336
132225.76,519.258269056103,121.999715731246,8.76434326171875
132258.72,510.028966434919,123.774087837095,8.44250679016113
132288.35,486.965301853423,132.733850720665,8.77478599548339
132319,455.780390006385,142.349318801287,8.25728416442871
132351.09,426.52597369097,150.430871362606,8.60232353210449
132387.14,394.411898416452,159.366115449031,8.02282333374023
132414.76,366.588341272242,166.030363224224,8.32869529724121
132429.89,358.601178133979,167.571900786743,8.75447273254394
132481.85,354.328957339039,166.634661535193,8.17465782165527
132509.11,349.767472313295,165.651704931513,8.57886314392089
132563.44,341.731986607059,164.261376358024,8.60014915466308
132591.23,330.55062944641,165.955089967126,8.68792533874511
132626.57,312.236420275298,168.008997542159,8.52910995483398
132657,296.818715686943,167.638863133332,8.5781192779541
132686.3,287.074342817149,165.70000733819,8.81873130798339
132720.2,281.918046366323,158.177167479979,8.8348388671875
132752.04,284.381903835566,153.231257386616,8.97056579589843
132782.96,292.731220607813,148.365873254652,7.75139808654785
132815.58,325.286323258799,145.236582416344,8.4708023071289
132829.64,366.0640494648,143.771066128644,8.62495422363281
132882.65,415.369064536924,144.60745543728,8.67379188537597
132909.2,464.400922539955,141.446762222062,8.87466430664062
132962.2,510.94786621737,137.695428901084,8.87000083923339
132991.51,534.264580768924,135.557632572132,8.84376525878906
133023.87,544.547412802209,134.243358057946,8.81575584411621
133059.12,543.696203421367,133.758977448417,8.75796318054199
133085.9,539.881808716894,135.206582541985,8.93643379211425
133119.39,537.112782081409,136.330567617609,8.32786560058593
133153.61,536.397638549914,139.072553924335,8.97831916809082
133183.18,537.511769234052,134.975158063443,8.91357421875
133216.63,548.91310449564,130.743343374675,9.01508331298828
133231.63,563.122247390442,124.622185477986,8.80986213684082
133278.25,570.31990335035,119.080818063818,8.89266014099121
133310.02,577.629983482742,112.588814141627,9.10443305969238
133361.05,583.127586330755,111.161335555013,9.07771110534668
133393.05,588.711300488469,109.958573758119,8.81240844726562
133427.27,593.548352465449,109.083694388701,8.97977828979492
133458.14,603.051018912553,110.418639463803,8.95397186279296
133486.88,613.503334668724,112.240034521642,9.11301612854003
133519.04,628.164760729538,113.109767471285,8.62492561340332
133552.41,641.349864698247,115.333765307392,8.87346267700195
133586.46,659.100576486702,116.113945964477,8.75495910644531
133615.24,679.500769757057,113.50975610957,8.96638870239257
133631.98,694.350788876164,110.695984693759,9.07419204711914
133681.1,702.935325228501,108.930923258541,8.96521568298339
133713.48,704.620316369164,110.375401958899,8.80084991455078
133762.98,697.798642316967,112.762630680615,8.74697685241699
133792.55,690.275768014129,118.406723652082,8.85832786560058
133822.47,684.473619357565,120.563054083711,8.7363052368164
133853.94,683.303381957503,121.265162574603,8.77844810485839
133890.84,674.487048504716,117.881132180864,8.88668060302734
133918.3,662.354630462446,118.779407733767,8.88630867004394
133951.93,643.994681614619,116.577990181391,8.94793510437011
133986.24,627.698180590383,117.038223106745,8.76551628112793
134015.05,610.003855214734,119.776299618886,8.78113746643066
134032.41,602.050933933105,121.421173043545,8.40559959411621
134083.72,595.550579683755,123.118120181742,8.81258010864257
134111.37,592.900594969363,124.671363423389,8.69170188903808
134163.7,593.120467509537,126.040968687053,8.58283996582031
134192,586.03258162726,125.041286726371,9.1058349609375
134224.71,583.115036006243,124.340334279298,8.77212524414062
134253.18,581.751036792579,125.765187383472,8.83852958679199
134288.19,582.205017829042,127.659608848369,8.73250007629394
134318.06,583.171185821509,129.808355491924,8.95045280456543
134355.75,593.818658964374,132.955670911598,9.10594940185546
134387.35,614.109365368894,136.611065906863,8.58075141906738
134414.15,636.494523718703,133.724890280028,8.38376998901367
134430.02,660.899817743945,130.166969535547,8.68875503540039
134482.34,681.90290831151,126.649700443242,8.60086441040039
134511.66,701.252235268214,124.318654681963,8.82130622863769
134566.87,708.952687915731,120.709314387505,8.53697776794433
134593.57,714.370355417266,117.106052160488,8.78236770629882
134622.39,714.513287305549,113.538081519251,8.21694374084472
134655.26,713.212760526139,112.950152389384,8.78737449645996
134687.75,706.048679821651,110.500619994498,8.81332397460937
134721.8,711.243102894989,106.587033837806,8.97634506225586
134749.38,733.259291974009,106.034406998142,9.22791481018066
134782.91,760.145307327934,103.941921894239,8.85352134704589
134820.18,793.990174746323,96.6637486000316,9.04034614562988
134835.67,834.624050659682,89.1563825120686,8.96658897399902
134879.86,861.320877377321,86.6949986798718,9.61000442504882
134908.5,871.46820365539,82.8185862474653,8.96741867065429
134961.31,872.217449643139,81.1099698532495,8.77361297607421
134990.6,867.512513079016,82.1373713508744,9.04254913330078
135023.73,858.968221991708,83.4853488741199,8.83212089538574
135058.12,847.596425174018,84.6477984585483,9.32344436645507
135085.86,835.491687173274,90.6978792773767,9.24322128295898
135123.48,826.148763363063,94.2080233342353,8.71899604797363
135150.95,820.507671859882,99.560798001055,8.85403633117675
135181.92,820.146949666339,107.868914181018,8.88419151306152
135222.22,822.298941440279,112.961979351971,9.21918869018554
135237.57,828.164727341231,112.457281436521,9.21552658081054
135280.36,838.046269695646,108.718222949539,8.85297775268554
135308.46,842.143395186651,107.560585718336,9.02486801147461
135357.55,842.989950313745,101.2450594491,8.6996841430664
135395.2,842.180979748348,100.929304601828,9.01948928833007
135421.23,839.357102416383,100.348588548423,9.36063766479492
135454.55,832.414989776619,104.166380543766,8.98052215576171
135488.41,828.285058935253,100.54764134459,8.99073600769043
135519.51,824.84252791239,100.564371029751,8.88201713562011
135556.33,824.199282133946,96.4524273751843,8.99073600769043
135583.61,825.821782379237,95.2054684399729,9.10019874572753
135613.74,829.012137164574,94.8017887139725,8.89863967895507
135630.27,827.56937046578,96.2805799413803,8.8432502746582
135681,825.38606244024,96.7348723778923,8.51388931274414
135711.84,825.080059778858,101.970093125508,8.55053901672363
135760.41,822.229953451754,102.588500498332,8.88464927673339
135790.27,821.82548203634,102.50945661529,9.23463821411132
135823.7,822.711066347788,102.839642415808,8.69244575500488
135854.5,827.612304461214,104.219423855652,8.85666847229003
135892.85,831.480950630685,98.866124368285,8.76165390014648
135918.9,839.451701274245,97.3506977688175,9.0087604522705
135955.51,840.092079766209,95.8219915659579,8.8231086730957
135982.64,845.802742883468,97.0171236048232,8.95726203918457
136017.44,842.640844850042,94.0241526822651,8.89575004577636
136033.15,840.148171719236,97.2954153813315,8.92767906188964
136078.34,833.423157316491,96.1931905082064,8.92590522766113
136110.93,837.049947551821,99.7008064804732,9.16666030883789
136162.02,833.757451246564,97.9387573079712,9.05762672424316
136190.86,838.350017691003,102.369726121781,9.17123794555664
136224.29,846.917579721289,100.129660994729,9.05084609985351
136258.35,862.690410499513,96.4699539225626,9.35491561889648
136286.54,878.30668332526,90.5257527055722,9.4961929321289
136321.16,901.066148489709,84.2142933572066,9.10926818847656
136354.28,921.806106779991,80.2872738118322,9.39682960510253
136386.44,933.391654927774,87.153896473306,9.312744140625
136414.69,944.580083281129,93.9558073705852,9.10792350769043
136430.6,947.853582512289,95.5133779569192,9.51152801513671
136481.13,946.396968623445,102.503718275809,9.3577766418457
136510.43,948.427197950533,101.62272347788,9.3885326385498
136564.58,948.237052419327,97.7860319671387,9.5244026184082
136591.5,942.192631587967,94.1818296734303,9.01502609252929
136623.03,938.124300302639,95.1143211503061,9.14480209350586
136654.14,935.96501869066,94.314598493435,9.12371635437011
136687.84,930.238477232339,102.594285016836,9.32933807373046
136720.88,927.066372386943,102.042416369087,9.0076732635498
136754.23,924.583939108106,110.814372308235,9.36819076538086
136784.26,923.956636934537,113.693429811095,8.74491691589355
136815.32,927.717054885329,114.952365941922,9.19358253479003
136831.71,931.664888152076,114.197501206551,9.20491218566894
136883.59,925.333259540077,117.102854745052,9.08597946166992
136910.65,907.670531819424,112.503529283763,9.01107788085937
136961.73,888.759832251431,113.161981254829,8.91783714294433
136989.28,866.571499659855,114.977467852796,8.75701904296875
137028.04,842.057855060404,109.466885679507,8.96553039550781
137058.05,827.070539872896,108.475377830225,8.98115158081054
137086.53,820.668026898943,107.358467793443,8.72543334960937
137123.99,820.635514338082,106.613087703844,8.80877494812011
137152.56,818.860989393859,106.30205969587,8.84356498718261
137183.4,823.297315328741,110.029414359325,9.21781539916992
137220.38,840.995735443431,112.744358162685,9.25220489501953
137237.68,871.614117765216,116.91669961564,9.06952857971191
137279.59,900.391592106317,123.583330667634,9.41823005676269
137315.87,934.59899613848,129.156713054311,9.04569625854492
137359.58,962.655101517995,135.849208579371,9.69669342041015
137393.5,977.65072634482,135.185575857354,9.13258552551269
137421.03,975.505797453885,135.864765503388,9.01348114013671
137458.88,975.252003947263,135.047076771762,9.03742790222168
137486.5,968.810713464127,134.430201758161,9.14400100708007
137518.85,969.762068873164,134.533276484006,9.35302734375
137555.56,967.466649770299,132.752924847293,9.45427894592285
137583.47,968.856458825993,134.358465283386,8.97445678710937
137614.53,919.681780945745,140.248997365425,8.33939552307128
137631.07,853.131950299361,145.154015831809,8.57019424438476
137685,734.447120958996,154.054473017872,9.01182174682617
137716.27,590.814702311245,170.865335827009,7.97950744628906
137758.6,442.322561890081,185.159894755566,8.4803295135498
137790.71,339.741894216513,196.534710145145,8.78148078918457
137825.8,259.129495560457,210.570967605836,8.45048904418945
137854.89,224.823780021741,216.89288836739,8.4682559967041
137887.65,223.676447442835,215.523976314328,8.41444015502929
137922.4,236.057702285183,211.972356374769,8.86528015136718
137949.99,250.117724903801,207.839174909718,8.9065933227539
137982.48,261.22949680149,203.549273889291,8.55168342590332
138019.36,269.542536356624,201.182422804491,8.37367057800293
138034.37,272.090099499113,204.412010243545,8.33250045776367
138077.89,268.977667433873,205.513633963848,8.39275360107421
138112.5,266.109029460366,204.124525451064,8.75164031982421
138164.52,262.387503777075,202.682899957994,8.59911918640136
138191.97,260.733334760218,199.22615054767,8.61680030822753
138224.55,260.749033195742,196.918063824697,8.67450714111328
138255.02,260.683970778157,192.598179964561,8.58203887939453
138285.68,258.994568920891,187.61838977916,8.76205444335937
138318.66,257.975059833755,184.353496173305,8.61648559570312
138353.13,259.905346790455,179.943187051136,8.59525680541992
138386.86,269.510196512944,178.334596216183,8.57860565185546
138416.46,279.242833377591,181.508781834413,8.14458847045898
138432.83,289.730740557075,186.630317749732,8.34423065185546
138478.92,302.875215856226,190.899267379471,8.34102630615234
138512.66,316.595220497947,195.421106457178,8.5693073272705
138561.3,322.294258686883,194.317362037311,8.75272750854492
138590.28,328.613249036964,193.800278926324,8.6454963684082
138627.87,331.574464875007,195.077821731067,8.1598949432373
138655.81,331.586239329772,194.115409125648,8.22109222412109
138686.7,328.663607197648,195.612693059698,8.65021705627441
138725.91,327.296316521974,200.434148106089,8.38027954101562
138751.56,323.803031723461,203.596318124976,8.22355270385742
138781.74,322.837228758936,205.519005859218,8.30105781555175
138819.97,322.423532921549,208.427874983259,8.18584442138671
138837.29,322.091716941277,211.143768104183,8.36774826049804
138881.24,332.946376326999,207.959195018998,8.15780639648437
138912.88,354.327114444189,202.493019084418,8.29038619995117
138959.01,380.51948019243,195.064018456216,8.16078186035156
138995.82,404.590242819453,186.279943055925,8.23925971984863
139021.09,429.385152867326,176.829545551554,8.10215950012207
139055.65,443.122003998588,172.600939514847,8.55088233947753
139086.64,451.055930849721,174.667640576261,8.77387046813964
139119.99,450.556116198445,176.311692496133,8.31905364990234
139149.41,450.615179195996,179.400862913874,8.22315216064453
139185.18,446.458007749724,180.821296141345,8.28300476074218
139218.16,444.744150053575,178.358388987843,8.26457977294921
139234.64,441.084339331597,174.335351664183,8.19663047790527
139279.87,448.294664112359,171.407987484417,8.57989311218261
139308.24,462.956355642785,168.241752427771,8.80931854248046
139362.02,481.879314973311,164.480113886756,8.06098937988281
139392.26,498.873448944445,162.500181853232,8.44771385192871
139427.9,513.973353214605,160.465421495635,8.59814643859863
139455.97,525.615800576124,162.039068063398,8.96853446960449
139488.5,530.562150114974,161.693595223005,7.91464805603027
139518.99,532.919985848319,162.020147555142,8.52284431457519
139555.11,534.130796383998,166.392200125752,8.57328414916992
139582.28,537.999145551918,167.84703417788,8.42196464538574
139619.73,539.732739832006,168.166871006517,8.04462432861328
139635.04,542.754888551914,171.752431329952,8.60401153564453
139681.59,548.880145427664,177.622316181325,8.48868370056152
139714.08,552.866222254934,177.411740906154,8.11203002929687
139757.94,551.850690054025,177.139311588807,9.00795936584472
139794.4,549.736480120284,174.775195808839,8.78190994262695
139822.05,546.276659457292,171.677241838635,8.56298446655273
139853.73,541.214423083353,168.161044025808,8.04988861083984
139893.26,542.788223244085,167.187775894818,8.17980766296386
139918.75,558.763889256792,165.838117002657,8.38442802429199
139949.96,579.671870415145,164.688428110989,8.54701995849609
139985.59,602.172429737812,163.199487523909,8.34920883178711
140016.23,623.047347766809,160.416228747959,8.30077171325683
140034.91,636.873567804136,156.350977070625,8.46267700195312
140079.98,659.130795196935,155.950505033725,8.64483833312988
140111.3,689.258149061109,154.127375012417,8.97889137268066
140143.41,726.386291252485,147.857494471514,8.83120536804199
140194.94,772.247109624893,142.927036985307,8.88161659240722
140224.85,823.785406741298,139.980481796891,8.87271881103515
140253.63,856.374236410631,133.884417039118,8.84985923767089
140287.33,882.297925705361,130.611382731722,9.07625198364257
140319.16,898.83930671026,132.076814427233,8.83609771728515
140351.38,910.583982072796,133.941031526914,8.9966869354248
140385.89,920.944550381162,136.13316500728,9.05945777893066
140418.66,930.074737501208,138.093992599354,8.98939132690429
140448.84,932.065232347344,139.195625976733,8.97909164428711
140478.5,930.498722949225,140.511930869917,8.794527053833
140516.32,924.558242522177,141.768702803987,8.81006240844726
140547.62,919.278333341201,144.551556688518,9.01144981384277
140590.47,913.860906719214,146.926118274227,9.00149345397949
140625.54,906.039170992888,149.576937597403,8.99042129516601
140655.83,902.73964905695,148.862664255766,8.83521080017089
140686.06,898.106379990697,147.304806626381,8.83652687072753
140723.5,897.56917732605,144.059758143177,9.22090530395507
140751.53,894.195084667639,141.129412468291,8.92682075500488
140784.55,894.472877603919,137.536495425942,8.95551681518554
140820.29,896.048594133191,135.481773779835,9.22465324401855
140846.78,905.035061189868,134.831373548968,9.06540870666503
140881.68,904.026104810962,133.328006843594,8.98916244506836
140912.78,905.534429268226,135.823097548621,8.9827823638916
140944.56,908.311722083485,136.909777065031,8.83844375610351
140995.57,910.325551795609,143.099075611874,9.11055564880371
141022.94,911.397704734046,145.334989770502,9.11375999450683
141056.76,917.613970143283,151.027954855107,9.16751861572265
141092.35,925.815815161569,151.418247080264,9.20119285583496
141119.93,933.581723563867,158.279589576831,9.13558959960937
141150.28,952.269772778446,156.238971149349,8.99620056152343
141187.82,962.047989314547,154.000635519933,9.01041984558105
141218.14,969.097563134609,151.405914816877,9.15261268615722
141247.08,970.188281273523,148.634784807531,9.06374931335449
141277.81,967.846020548429,144.813312150064,9.14422988891601
141313.3,954.041921203798,143.757665390439,9.13315773010253
141343.95,939.841463460881,149.180991483424,9.00092124938964
141394.22,878.773395965023,157.952186129478,8.39143753051757
141424.07,773.400450953517,176.526822457745,8.35335731506347
141455.56,643.859542820506,194.594486040887,8.11875343322753
141487.07,503.373001412432,213.098947203141,8.3049201965332
141521.99,364.983426762339,227.547713177045,8.2638931274414
141554.65,276.227524169728,231.639653176588,8.14430236816406
141581.96,243.000132885918,231.283395261562,8.66180419921875
141620.4,240.837591161952,228.986845905287,8.34697723388671
141649.63,247.645237913062,227.116407788443,8.30772399902343
141680.08,258.036144576624,222.009998552467,8.55903625488281
141714.08,267.045174432296,219.905938582724,8.92032623291015
141747.72,269.385084521936,219.209977149502,8.64335060119628
141793.93,268.236420625629,219.729907008243,8.52087020874023
141822.23,269.395318398022,223.267928136179,8.50696563720703
141855.14,272.331716775992,231.615014313737,8.34177017211914
141889.24,274.331607696315,238.899253117547,8.51580619812011
141921.39,277.45275861149,240.03917506981,8.39186668395996
141948.41,277.000471423751,235.382668850267,8.50645065307617
141987.94,277.91447046683,228.807344654512,8.83767127990722
142013.57,276.545440459874,224.573324669488,8.51903915405273
142050.72,276.924415568281,224.843193755716,8.36071014404296
142078.12,271.514934611714,228.161442627738,8.09795379638671
142114.12,269.276866232318,234.456829815977,8.35558891296386
142144.04,269.970004913723,240.239899383238,8.5495376586914
142194.95,269.147483095613,241.649638442782,7.96852111816406
142228.37,266.946830313456,239.932783979122,8.64895820617675
142252.67,271.93567559739,238.869413930682,8.54355812072753
142285.5,274.746773620257,230.637428362621,8.32480430603027
142319.02,275.280451481138,226.049605028265,8.53812217712402
142352.26,278.165615911664,225.324850335464,8.58695983886718
142388.37,279.040940117785,227.300169670623,8.45183372497558
142414.54,277.010510554495,228.431954051233,8.29270362854003
142447.38,275.90983722203,236.329566970446,8.49174499511718
142481.55,274.221834228011,240.86929853945,8.43978881835937
142511.74,271.647942175532,242.500707745101,8.29236030578613
142551.8,274.138873380265,239.906166919273,8.49137306213378
142591.61,292.876421223607,236.879695528264,7.96279907226562
142623.48,325.71589409544,231.021517022577,7.90823936462402
142654.57,366.728035546457,222.99797761985,8.38022232055664
142690.12,414.383157866998,218.000259320556,8.58939170837402
142722.56,461.788947575169,216.714392703244,8.19560050964355
142751.33,493.064881516755,215.856929024804,8.12407493591308
142780.82,506.768021304008,214.964695215354,8.22790145874023
142820.09,505.72535973785,216.556639051957,8.35782051086425
142848.61,491.580824436192,212.207097467395,8.24172019958496
142879.99,473.060874545922,207.873439464034,8.23325157165527
142914.74,453.333066963254,202.279389854595,8.29193115234375
142943.18,436.314116460504,203.183785272248,8.40356826782226
142991.9,423.549520625753,201.772547798972,8.16487312316894
143027.29,419.288297272531,201.890257824992,8.37598800659179
143056.86,417.66815987692,201.718757431446,8.70039939880371
143091.03,415.058952832119,204.348454259465,8.16953659057617
143117.93,412.61623491121,200.977708932883,8.15071105957031
143151.17,412.176791446711,200.63901024108,8.8439655303955
143183.39,407.291575519323,199.727944283977,8.40230941772461
143221.46,400.997304452825,197.255219329707,8.19768905639648
143248.04,398.9744629231,197.326288484651,8.73936653137207
143264.41,395.632548721497,202.722254985537,8.10710906982421
143310.7,392.496764451289,203.219831621796,8.0452823638916
143346.5,404.62834160782,203.921203884757,8.40851783752441
143393.93,428.21444040194,208.572406497216,8.62043380737304
143422.4,460.195934631829,210.497886436294,8.4140396118164
143454.09,491.424056572519,206.481844287115,8.44573974609375
143492.21,522.335434175977,204.152622875435,8.40425491333007
143519.42,541.374001549571,202.438463434186,8.32260131835937
143554.02,549.421587076593,197.776665657691,8.61943244934082
143583.83,546.538961619656,186.121769287394,8.33393096923828
143617.49,547.544242720754,177.463394073739,8.7084674835205
143648.62,546.079441165493,170.277336453306,8.4807014465332
143678.98,542.68968484519,165.731221007607,8.30752372741699
143714.5,540.648191997482,162.22326151126,8.7560749053955
143745.61,535.975438372496,163.517693348939,8.43878746032714
143791.79,527.230158625018,166.843319068593,8.36691856384277
143826.66,517.980976743621,173.544367773839,8.56741905212402
143856.84,509.723624196509,182.121965932169,8.12178611755371
143888.65,495.665767341902,188.016416370584,8.30706596374511
143918.06,486.370318332297,194.088197787798,8.24832916259765
143951.79,477.466369111809,200.846332303859,8.48095893859863
143984.61,470.646527451443,202.239982834623,8.3961009979248
144015.33,468.084857553419,201.034924972886,8.68434906005859
144054.01,481.11739143868,201.897874811761,8.35370063781738
144070.14,500.958424468136,203.268439151354,8.47037315368652
144111.02,527.718034599914,201.577793862597,8.45852851867675
144147.5,559.649023903846,201.303953234155,8.60209465026855
144192.12,587.787778862532,196.952421452013,8.84239196777343
144225.44,604.942895168884,192.960560390846,8.96501541137695
144257.53,611.411491754301,186.471703771584,8.44619750976562
144287.68,612.817291973348,182.117321262463,8.41687202453613
144317.92,608.601595661756,177.745696138172,8.56550216674804
144355.4,605.41088174008,181.792408741355,8.48668098449707
144386.93,604.061727973189,188.130371374048,8.75701904296875
144415.65,601.699999691471,195.164608027057,8.56364250183105
144447.13,599.314460614795,197.222240839443,8.31776618957519
144462.67,600.463014632507,202.929289960569,8.46917152404785
144512.07,597.113125015736,204.25323534631,8.37315559387207
144545.75,592.435400490236,203.043271514775,8.32463264465332
144592.18,589.328103969322,201.405981892928,8.30091476440429
144623.11,586.883866269127,202.839311509455,8.35184097290039
144660.4,581.505881899206,203.005416748212,8.39386940002441
144686.47,582.254530520171,202.90005643237,8.35653305053711
144720.03,595.634136525068,196.548149702212,8.47123146057128
144755.9,619.905537800339,190.990231949149,8.450288772583
144785.26,645.30676512615,186.710816596215,8.41492652893066
144813.65,670.320671470681,180.830719557017,8.45446586608886
144852.66,690.179387043343,173.165538992372,8.35567474365234
144868.56,697.395389519808,169.963592585389,8.33702087402343
144911.99,696.750431367528,168.426201782924,8.46522331237793
144945.55,695.174323304556,169.066036134045,8.67799758911132
144991.99,692.929352972802,173.251889323481,8.43955993652343
145027.33,689.285726078446,180.807818973249,8.49160194396972
145059.23,683.262005931264,184.635785721363,8.79238128662109
145086.8,681.947399550994,186.942627883302,8.55603218078613
145122.48,679.917047792511,183.907816745002,8.55445861816406
145152.62,680.367988033859,176.598428840921,8.46336364746093
145183.47,684.458111299323,167.256966895342,8.47000122070312
145217.2,689.272583018223,163.444080720781,8.52928161621093
145249.32,690.204466372306,166.106699998252,8.53477478027343
145263.86,690.486145632315,172.635573165631,8.66312026977539
145310.68,689.289477159459,184.655817463095,8.61293792724609
145347.78,687.872143616374,202.376911473467,8.82093429565429
145395.03,690.701197191837,219.326397384419,8.77813339233398
145424.33,693.05079573025,227.609338209998,8.67098808288574
145458.61,694.829226998628,232.077921051259,8.82665634155273
145486.44,695.482504281856,230.649858319869,8.76972198486328
145519.57,696.805410922271,223.860777160088,8.88284683227539
145556.91,702.627730406334,212.943779333097,8.79907608032226
145585.17,712.261899029909,206.893310317611,8.88613700866699
145614.67,725.90808522242,209.068025674843,9.27766799926757
145645.57,743.850086248761,216.095943489249,9.14219856262207
145660.3,764.507835261166,222.053401955337,8.94910812377929
145714.74,776.469537327409,231.362586714187,8.91406059265136
145747.23,782.108571178459,231.368391248476,8.90344619750976
145791.95,784.58873753565,220.931487567762,8.80511283874511
145823.35,783.501133915358,202.893375214335,8.7725830078125
145857.26,779.44586055036,185.805233193621,8.73498916625976
145889.96,777.443145395528,170.370117681271,8.56378555297851
145918.62,778.35989178259,161.231084371932,8.8168716430664
145952.81,780.982453394685,157.608759358826,8.73221397399902
145982.36,784.210614801444,160.90041371132,9.00609970092773
146015.47,786.865892449665,163.582964030936,8.77655982971191
146049.18,784.966274046157,164.532697929362,8.81489753723144
146063.53,781.588506267197,168.768570950139,8.99940490722656
146112.37,776.399713162298,175.094519160205,8.68397712707519
146143.36,769.135335144688,186.645117632416,8.96633148193359
146192.4,764.166877257609,204.503997407263,9.29523468017578
146225.75,763.716454768801,223.946106327846,8.9296817779541
146257.82,761.912551034708,235.429195000656,9.08446311950683
146286.12,760.014496199909,235.886022735978,9.16708946228027
146318.49,757.758716086871,228.578014849059,9.08669471740722
146353.43,755.0872320167,221.353235062105,9.03448104858398
146384.45,752.234571742994,214.115825511717,8.84187698364257
146415.5,753.497503004488,210.685843112937,8.97960662841796
146447.8,756.285760222571,209.121780621206,9.10211563110351
146462.5,761.371513224927,208.650441285012,9.12159919738769
146511.97,772.881164549898,199.466437867977,9.02592658996582
146546.47,788.403910886326,191.81401081871,8.86519432067871
146591.9,805.573693983437,190.31454442026,9.27692413330078
146626.57,826.562253582754,195.153335388048,9.30991172790527
146655.88,848.857146220624,199.001394108604,9.32441711425781
146687.44,863.120630039098,206.223495345127,9.1091251373291
146720.3,872.433095942848,213.148648355098,9.27472114562988
146751.38,877.508829219631,212.149263244188,9.20934677124023
146782.26,878.812056766161,206.741204893685,8.90081405639648
146818.27,878.489230641719,194.70540638122,8.87351989746093
146847.28,874.871670201536,182.547219494678,9.2336368560791
146864.3,869.866309443558,168.923190566581,9.3695068359375
146912.84,868.993323723316,197.645990979502,4.61457252502441
146944.14,866.299787603802,259.023393714066,0.548229217529296
146995.12,851.103437288056,333.316731617952,1.0407543182373
147024.19,847.166802664705,407.481239244795,1.72162055969238
147056.14,854.944083133665,474.770215523609,2.70240783691406
147090.85,879.080748416622,497.495404893689,5.1840591430664
147121.07,913.637693198609,479.090100848509,6.49592399597168
147148.77,962.234404060236,448.391227135001,7.6017951965332
147187.46,1002.43032788493,413.097743586433,7.74447441101074
147218.39,1027.56056191281,378.973898617318,8.11263084411621
147246.6,1027.9448561238,345.455908366232,8.28892707824707
147260.79,1011.39860391181,315.243378629929,8.42745780944824
147311.58,994.63470207875,289.918652632882,8.2551097869873
147343.12,982.838302225766,271.996044818068,8.46064567565918
147397.94,977.284396393681,258.613542210578,8.56867790222168
147425.26,974.042280242479,247.574440208819,8.8351821899414
147455.54,974.573126541759,249.219590362344,8.70798110961914
147492.9,974.550237783633,253.539374373089,8.76196861267089
147519.79,971.949185466426,251.832024816735,8.74906539916992
147553.42,970.118593130495,254.059005282223,8.90945434570312
147581.72,968.004844549442,258.931056072135,8.87369155883789
147616.57,957.12223583921,263.136141338697,8.72872352600097
147647.56,905.2196112867,265.248984318165,8.14550399780273
147663.76,829.905339180234,270.185342362904,8.15889358520507
147719.51,709.399255254574,271.672953757381,7.9694652557373
147744.82,571.13149299565,272.745879501941,8.03655624389648
147792.94,439.114480802127,268.239039081065,7.91376113891601
147822.71,338.84422111479,264.956273560729,7.92606353759765
147858.67,268.063604663022,261.113556653093,8.0331802368164
147890.97,244.203834169313,259.541819718947,8.14144134521484
147918.08,243.388662664244,257.564292204615,8.36228370666503
147955.07,250.522125189274,258.747234370144,8.1518268585205
147984.25,263.232975434355,258.145775574479,8.43584060668945
148014.54,267.702984178748,258.981364713761,8.3558177947998
148047.59,265.941711004372,256.64263842354,8.13071250915527
148065.11,260.17327091044,256.141376603098,8.27579498291015
148111.25,250.74785459132,256.147342997126,8.26455116271972
148144.22,245.0781228294,256.776064189223,8.10416221618652
148191.37,240.153968924359,256.209147019645,8.15311431884765
148228.32,238.539305973156,256.505540093113,8.32474708557128
148254.79,246.311427035815,256.76364669021,8.11986923217773
148287.58,262.172261463846,257.736025705093,8.17148208618164
148321.69,285.702113193343,258.832757030655,8.18964958190918
148350.71,309.731143552746,261.234775289757,8.23044776916503
148384.6,335.801118374095,263.534591942947,8.21276664733886
148418.06,353.024273676698,264.768900994872,7.96637535095214
148446.79,364.530195640887,268.733979416584,8.2250690460205
148462.93,371.046875048856,275.485904146656,8.13892364501953
148515.57,372.353984368295,279.165947534788,8.19491386413574
148547.12,367.825246657663,285.163128659567,8.03009033203125
148592.39,363.533833383658,292.321983472747,8.13245773315429
148627.8,358.518837054062,292.013814796553,7.95990943908691
148653.93,354.505781870136,286.565729989388,7.9830265045166
148686.51,364.230532173809,285.841059825526,7.96875
148724.84,381.467014958599,280.901390326826,7.99103736877441
148753.65,402.508671344626,276.116320898666,7.98497200012207
148781.22,421.501053379439,270.734420878077,8.05615425109863
148818.12,433.861942257366,267.424449860696,7.79768943786621
148847.15,436.585382998025,265.630102079653,8.01475524902343
148862.62,435.44744307846,268.272393071231,8.08825492858886
148912.66,428.125565044942,265.787458433607,7.82850265502929
148941.93,421.725984664722,264.664731267358,7.95430183410644
148995.45,417.085421250721,266.472430524368,8.10587882995605
149024.23,406.222457593871,267.457143283408,8.13440322875976
149057.64,392.327542955111,268.821804095745,7.81027793884277
149085.59,376.559133626368,272.973391090642,7.95101165771484
149121.89,358.662653234382,278.340829977675,7.96305656433105
149150.7,339.092612006698,280.363801589184,8.04116249084472
149183.79,326.265112806179,279.341473380819,8.07686805725097
149222.45,314.974632422363,275.809826706555,7.89676666259765
149248.67,308.495621748565,274.077287193647,7.96488761901855
149264.72,304.811786778526,271.638878291394,8.08230400085449
149315.42,303.53772046188,271.170524312362,7.98505783081054
149345.49,312.216216331665,274.443857307509,7.96417236328125
149393.48,331.015132191533,276.612678468255,8.15557479858398
149426.54,349.098341153808,277.114809258971,8.02811622619628
149454.77,371.942809527485,280.271746641991,8.0573558807373
149487.9,395.783612375421,284.660896410954,8.06307792663574
149518.15,413.906040209138,282.930947639329,8.00130844116211
149555.91,423.109900823901,280.559140933187,8.01429748535156
149582.25,438.16895761829,282.436948225972,8.17485809326171
149613.19,452.587035119373,283.568176078705,8.11726570129394
149649.66,465.821451009024,283.745979072022,8.17734718322753
149666.39,477.870830392427,287.016705320617,8.11111450195312
149713.95,486.344337984312,288.413309821188,8.01830291748046
149749.03,489.315294796667,285.234403262195,8.07352066040039
149774.32,485.053635700189,283.171355013391,8.14135551452636
149829.1,481.203688710792,278.956397031144,8.08442115783691
149856.66,475.01150813621,275.635279829113,8.23742866516113
149891.06,471.203000988883,278.031930534842,8.27419281005859
149918.31,465.673525591986,280.14542985735,8.25173377990722
149951.7,458.400892540998,283.02102685316,7.92729377746582
149984.56,439.900533010477,288.082809688812,8.06259155273437
150014.46,412.154096253236,294.182532471669,8.06920051574707
150050.22,378.556486230848,296.29612308652,8.07540893554687
150079.15,344.407727310424,300.242795984447,7.93544769287109
150111.74,315.08490001866,300.888419331529,7.9764175415039
150143.34,296.685308052251,298.767223692619,7.87759780883789
150175.32,291.447182550348,294.425546404162,8.02997589111328
150228.04,303.156171090067,290.927699233565,7.96174049377441
150255.1,321.812551671157,287.107264142882,7.74330139160156
150286,344.620139286046,282.175922435597,8.04659843444824
150318.62,365.904756893799,279.286229074669,7.71600723266601
150351.39,391.769274339573,279.4722638282,7.98743247985839
150385.68,418.535529191514,275.163289994355,7.9178237915039
150416.77,448.301584787572,268.721410306384,8.02482604980468
150447.88,481.062148468886,266.32565123177,7.99249649047851
150477.24,516.662639989032,262.886993431023,8.05749893188476
150515.56,543.887455392622,254.13350506223,8.02722930908203
150546.49,565.862718321879,249.850260774987,8.16321372985839
150574.17,580.55171775282,252.576320001506,8.06081771850586
150625.71,590.066555908612,255.356800636418,8.0712604522705
150654.85,599.361135900457,260.531776293769,8.23050498962402
150690.06,609.695660325652,272.231887785326,8.24601173400878
150723.67,616.571443364001,281.659112010106,8.35747718811035
150751.69,622.270330596774,288.147833577713,8.30360412597656
150785.19,627.137756693535,292.711369603986,8.35939407348632
150815.12,629.704005441158,290.562962436638,8.1360912322998
150853.06,629.668683619464,283.476913488388,8.3030891418457
150885.34,627.175736332742,280.878604838943,8.09300422668457
150911.46,626.769749413632,280.715002723835,8.25259208679199
150943.32,626.080126942645,275.013935561435,7.97879219055175
150975.8,624.498373039935,276.155536859059,8.3239459991455
151023.33,624.665907196346,275.700384271817,8.26314926147461
151061.52,624.711272955206,277.072605568515,8.31756591796875
151087.28,624.191510256968,274.164760428922,8.29882621765136
151118.54,621.926551577559,276.990960865397,8.3404541015625
151155.86,623.555654853848,278.092199273538,8.21176528930664
151182.49,622.070325221142,284.042330530948,8.3082103729248
151217.54,621.117218565725,287.247971315308,8.39996337890625
151249.89,624.025322467598,289.467511305437,8.11357498168945
151277.38,631.21584971129,293.228847019157,8.34280014038086
151310.73,635.480161956419,294.739138345626,8.4023380279541
151347.75,641.968735389376,296.226164188053,8.27247619628906
151379.96,648.400792681793,295.150068617311,8.1240177154541
151422.62,649.688928595474,294.822693894564,8.32921028137207
151459.52,652.683035427867,296.397142307005,8.31908226013183
151486.67,661.526396636946,298.983281184755,8.36420059204101
151519.77,670.863185773141,299.925895232249,8.27436447143554
151558.4,679.838884636134,313.174095412242,8.02754402160644
151584.96,682.693567488353,346.027790277952,3.05834770202636
151615.22,670.337392136648,392.409425241615,1.41855239868164
151650.12,653.093702862165,441.258956824492,2.33119010925292
151678.32,637.22688935817,487.430849238959,3.76318931579589
151713.51,623.844688013992,521.082147537184,4.18951034545898
151747.36,623.067581904792,529.964195684072,4.59978103637695
151777.62,627.041065252868,507.376835263711,5.81640243530273
151823.79,636.627855359538,481.311108628981,6.93657875061035
151855.25,642.669738252787,452.718535943961,6.74446105957031
151893.13,651.56388118991,426.380018591886,7.07161903381347
151919.83,658.032900992812,400.828735636763,7.39405632019043
151951.2,670.491572261291,384.21868745103,7.61072158813476
151987.06,677.09388986338,365.027386388505,7.60285377502441
152015.17,687.930821886113,348.347326080229,7.7684211730957
152049.02,694.59285598673,331.271910702917,7.82398223876953
152081.25,700.404713042668,323.13727112505,7.93238639831543
152111.5,710.449498533196,323.003793031626,8.06671142578125
152146.55,723.41112072585,328.498052933323,8.04442405700683
152175.51,734.877652642177,336.034630969278,7.96116828918457
152226.41,743.409786893836,341.853125883862,8.01529884338378
152257.98,749.614871486136,342.428646950436,8.04923057556152
152287.34,752.516801832786,336.89460538427,8.02007675170898
152320.11,751.855809651998,327.082972355438,8.00322532653808
152350.81,752.235533740209,317.764788598982,8.11068534851074
152389.84,753.925352135082,312.255020367224,8.19977760314941
152416.84,756.907009031028,311.218158203144,8.06519508361816
152447.49,758.625259635112,315.501327671379,8.06771278381347
152479.41,760.326646142713,321.397741363258,8.05752754211425
152511.54,761.443254443755,326.762747826638,8.18753242492675
152547.82,761.956078942219,329.03483999189,8.15082550048828
152574.55,759.264961387995,326.014437361887,8.20941925048828
152624.32,757.762929638707,323.992497642594,8.22080612182617
152658.48,757.358741536778,326.233484917128,8.28595161437988
152688.75,753.091280980531,320.168786334357,8.34500312805175
152720.47,750.630106992476,316.45465850881,8.16822052001953
152751.07,748.793786535088,315.413788489849,8.07835578918457
152789.24,746.25156798414,314.586492171551,8.12687873840332
152816.37,744.681376612746,311.35219891402,8.12284469604492
152846,744.756065707732,306.220198251509,8.07766914367675
152881.19,744.994497940255,305.21764235062,8.22375297546386
152912.66,741.771805832519,306.448512045445,8.02994728088378
152944.82,730.992191668253,304.255525514936,8.05203437805175
152975.16,711.161998885714,302.844948423398,8.23041915893554
153026.35,691.478871929567,304.952984709015,8.16985130310058
153060.22,671.661988992779,298.029845376613,8.45129013061523
153087.97,657.250105165195,290.880152328494,8.37241172790527
153121.04,647.787214882498,281.395992036092,8.47586631774902
153153.51,662.749391139371,274.250106549438,8.86639595031738
153184.77,684.670208375364,267.352621190246,8.65616798400878
153217.51,709.270982121545,260.620972402962,8.47423553466796
153248.13,736.392752800169,251.112800661768,8.77784729003906
153279.98,769.094706380641,249.337368872558,9.13487434387207
153308.18,786.795492265292,241.11844304518,9.03565406799316
153344.99,798.614290029338,240.209464695672,8.83383750915527
153377.37,807.669367917671,243.564543745815,8.9640998840332
153428.07,811.498928296698,246.326340771453,9.1885757446289
153456.49,813.362945415376,245.907404086454,9.26831245422363
153488.37,814.369241347325,252.602977623579,9.25618171691894
153518.92,817.607357667914,256.02907126012,9.45382118225097
153557.88,818.557992536361,257.970975771689,9.28221702575683
153585.17,815.694509966337,259.156964226825,9.28150177001953
153616.11,809.69042652607,257.83304845571,9.22854423522949
153647.34,802.921510298818,255.624826838545,9.24181938171386
153681.83,796.85404268105,253.948806137675,9.07776832580566
153715.31,795.059801811496,255.96384462299,9.169921875
153742.52,800.564549540379,258.915432739271,9.44592475891113
153779.98,811.90132445009,260.405814525169,9.4137954711914
153824.78,822.393686592012,262.38415377652,9.36979293823242
153855.1,832.07328112845,261.326942219727,9.32593345642089
153892.26,838.948266506801,257.757338353031,9.19641494750976
153918.83,840.942174928185,256.050767423083,9.25251960754394
153955.34,839.966106120221,259.242625096199,9.54671859741211
153984.07,842.835715608515,251.89599103642,9.50454711914062
154015.35,843.731965739804,238.520748186716,9.41448211669921
154052.16,843.518289593033,222.91836032253,9.07753944396972
154077.3,845.642262057117,206.064580561715,9.08197402954101
154110.81,845.551250232333,187.170676720168,9.08268928527832
154146.18,843.370869903033,170.993569077729,9.05387878417968
154173.21,841.184703167322,167.643030999249,8.98421287536621
154226.26,841.68009252834,166.458781989517,9.01665687561035
154252.25,840.019964694862,166.020851634871,9.25117492675781
154290.66,843.506910086801,166.68098428488,9.34942245483398
154318.75,848.287237388456,175.421696492231,9.28215980529785
154352.25,855.210302397363,182.548391095101,9.33869361877441
154389.69,858.125438022048,184.219250103105,9.04332160949707
154414.94,858.47187647164,182.037603146139,8.81896018981933
154446.56,849.096163594495,176.082546387693,8.87824058532714
154480.4,833.281717270708,164.58052967559,9.09027099609375
154510.41,813.850959501522,159.760310927581,9.07805442810058
154544.99,796.883771190007,167.712450658184,9.06998634338378
154575.31,785.439597269134,176.608688496373,8.91408920288086
154627.21,781.503118199338,185.811107483544,8.90361785888671
154655.73,783.347822721947,204.89467370467,8.93763542175293
154687.26,787.310013856924,221.353672897256,9.02718544006347
154724.62,792.142902863426,234.971902658535,9.04715538024902
154751.53,799.612533240997,245.087569220361,9.14445877075195
154789.34,813.969020415086,254.340556156852,9.30913925170898
154817.49,830.403560467593,258.008103368935,9.21795845031738
154847.72,848.329093221176,256.303362155337,9.36195373535156
154880.74,865.044689469293,252.506120335004,9.28107261657714
154915.47,880.628528309054,256.767053392143,9.52348709106445
154942.29,890.232653233281,264.968400798088,9.60465431213378
154974.85,898.711257453112,269.533328642777,9.61893081665039
155025.5,902.334581508331,274.092763981366,9.46423530578613
155058.7,903.664854595713,276.241006672181,9.46300506591796
155089.45,904.562371217068,277.008413509705,9.70381736755371
155122.81,901.428188276187,269.612591803296,9.34741973876953
155149.7,896.012103717912,265.685572389707,9.45050239562988
155188.38,891.355340281238,261.19243455169,9.51298713684082
155219.82,890.71185946874,259.403210333495,9.6265697479248
155246.12,900.373156528145,258.507270532913,9.77099418640136
155277.33,920.5954098671,266.790907700807,9.5683479309082
155316.52,941.963140560085,272.328222196988,9.49058532714843
155345.7,961.536431179145,278.610615466477,9.4906997680664
155378.56,979.999619952807,278.574745279611,9.3460464477539
155423.14,983.265664879193,270.719202336418,9.37451362609863
155457.94,975.393341686819,251.945771961024,9.44892883300781
155485.19,960.368922480358,233.913858755833,9.24190521240234
155524.38,941.868760835971,216.752688869593,9.14011001586914
155554.8,920.039336976925,211.616943029164,9.43548202514648
155584.25,904.808786548125,217.548922818762,9.62204933166503
155615.8,889.658189378991,231.398130202744,9.48775291442871
155648.6,880.65156250779,247.176187731155,9.64648246765136
155676.6,877.33612995309,260.90927567154,9.44051742553711
155717,875.269536041903,264.223182570444,9.49370384216308
155743.23,869.313614411782,258.803394982415,9.42970275878906
155775.88,835.514471020734,254.965378791378,8.28320503234863
155823.46,753.813330161483,253.141679302374,8.33965301513671
155855.21,645.400470721651,252.748118301315,8.12822341918945
155889.59,525.869999146714,257.938360743443,8.47088813781738
155922.8,399.95566555109,265.965877138667,8.46013069152832
155952.84,305.071964247674,270.453867301765,8.49374771118164
155984.47,262.224730181204,269.941957521499,8.34783554077148
156020.61,248.546020159833,268.503785893277,8.38259696960449
156051.51,250.240791590581,265.199497440381,8.33307266235351
156077.25,259.320916381689,266.229025757396,8.2367992401123
156114.78,267.356466561533,272.510543907361,8.46013069152832
156144.56,273.341629461014,281.853916608339,8.58238220214843
156174.04,277.719772929096,290.056483111831,8.50330352783203
156229.83,279.399511496017,296.614640132018,8.36153984069824
156255.7,281.364737202158,301.383400822814,8.42370986938476
156286.82,282.410606880399,304.399896996806,8.21794509887695
156320.57,279.856112967952,299.721347451056,8.18813323974609
156350.39,279.195690305217,296.015463432687,8.82136344909668
156386.76,280.413256245469,295.496762454905,8.47506523132324
156419.86,280.772175289042,293.697327145865,8.30935478210449
156449.68,280.018319791455,293.436689261579,8.21156501770019
156478.9,280.502122167143,295.162978612272,8.25201988220214
156511.14,278.891244656846,300.82243873556,8.30514907836914
156548.2,275.685306326724,304.507620452835,8.13225746154785
156575.19,272.899449465225,308.498312386323,8.18364143371582
156626.97,275.183515765574,306.708639178582,8.27665328979492
156655.45,285.134191824214,309.297715068311,8.36265563964843
156687.82,299.18302470413,306.243239272518,8.35701942443847
156723.54,314.94412881573,300.75082392286,8.37776184082031
156751.78,334.014004448775,297.190181057652,8.24555397033691
156783.48,350.266767497066,299.285501878505,8.20987701416015
156817.78,364.857693940684,295.476906139209,8.05309295654296
156848.08,380.306567738435,292.851709658039,8.12376022338867
156887.38,396.668100607501,289.730045917008,8.19491386413574
156913.21,410.249067031263,283.744003762607,8.12971115112304
156941.65,423.29526996171,280.936879591285,8.14902305603027
156973.99,428.316734394734,279.08882563545,8.21187973022461
157024.67,431.350155883357,280.364979088593,8.21805953979492
157057.5,439.48748202281,284.121550573991,8.33899497985839
157089.34,455.202046968296,291.016834798812,8.37862014770507
157120.3,469.900568379706,292.493922756552,8.26649665832519
157151.48,486.539289015619,295.553198762958,8.38545799255371
157186.64,500.307985275062,295.982962479276,8.37970733642578
157218.21,503.148041345106,292.487240158415,8.27588081359863
157246.97,499.198295270353,284.387259539618,8.26515197753906
157281.57,498.764850714994,279.142078858492,8.21674346923828
157310.32,500.563467895749,273.726739233466,8.46030235290527
157345.51,501.343357248944,268.595022807743,7.9808235168457
157377.03,505.587965250638,268.754329461963,7.92366027832031
157427.41,511.295360634149,275.668349214424,8.16884994506836
157457.36,512.076212736233,282.208022851564,7.98694610595703
157485.92,508.189458093005,292.034055390301,7.98720359802246
157524.61,506.220999461419,298.379393842837,8.06104660034179
157555.45,508.456225941655,304.54931999556,8.01312446594238
157584.33,515.406304988754,309.659859098587,8.25250625610351
157615.94,530.451700336705,313.018101107719,8.44256401062011
157650.01,551.192904789698,311.364439017336,8.49211692810058
157678.42,571.372529777301,308.564018601311,8.46579551696777
157718.75,584.177120250574,302.170911756409,8.3938980102539
157744.18,587.715058900306,291.190099575786,8.27167510986328
157776.49,583.214955477731,276.743830490215,8.23370933532714
157824.42,573.058536150591,265.341381738022,8.09898376464843
157855.79,564.797179752746,259.152634981992,8.24975967407226
157889.49,560.539399735875,263.813957544245,8.36565971374511
157921.08,557.488116950901,268.716678834046,8.36660385131836
157951.83,558.091373529306,277.68189487863,8.48198890686035
157982.6,562.186324512418,288.223776994543,8.41260910034179
158016.95,556.072221744786,300.114773142232,8.37673187255859
158049.64,542.240384594727,303.299094260113,8.48484992980957
158076.92,522.361964604187,304.702684678676,8.36611747741699
158110.89,498.214736272094,303.501590303574,8.080415725708
158145.99,474.4854477502,304.468494178974,8.03020477294921
158176.56,456.552001048882,306.492062871704,7.95029640197753
158225.54,449.187689730863,303.813042264053,8.00099372863769
158253.77,451.502463356508,304.040257008066,8.09197425842285
158290.41,459.065424262962,308.416573022059,8.15222740173339
158319.95,462.35730645107,305.991405053787,8.30883979797363
158352.07,478.62194188156,298.752928434903,8.29164505004882
158390.15,502.141790325663,293.99597709416,8.23988914489746
158414.16,529.290898823215,294.687228625104,8.38148117065429
158447.57,558.991484325437,294.72297939321,8.50579261779785
158483.24,594.037848948927,295.208819605995,8.57399940490722
158516.05,616.759428497928,297.501180409917,8.54527473449707
158546.89,626.808820232837,300.462542941661,8.53543281555175
158574.9,641.315576323714,304.373559896443,8.70154380798339
158625.06,662.61276732142,305.21512362221,8.86711120605468
158655.05,677.271659380891,305.444089920947,8.74523162841796
158692.33,695.210416023949,312.431336955368,8.83875846862793
158722.1,714.261363190496,319.642380865768,8.79206657409668
158750.36,728.8280165987,319.210816918371,8.73867988586425
158787.26,730.674441947734,318.320055882452,8.89766693115234
158813.48,739.681010321918,323.329888840635,8.85512351989746
158848.39,740.829406022759,320.194984471974,8.68987083435058
158884.88,739.196352139751,321.317842048736,8.5722541809082
158912.93,730.201538148584,316.930321276145,8.53952407836914
158944.66,723.692377182832,321.963040155177,8.33012580871582
158977.74,723.084318281567,341.67792980096,5.19598960876464
159006.39,691.378478110862,382.654220399552,0.459823608398437
159057.88,662.921848832392,430.853604299929,1.19356155395507
159089.58,644.232140641524,483.744285653002,3.42135429382324
159117.71,628.910607815171,523.756278089165,3.6093521118164
159155.12,611.06836793997,538.576299601,4.61837768554687
159183.34,634.826088460993,528.000766592774,6.58887863159179
159217.93,660.67197753691,498.436721966596,6.6932201385498
159247.73,674.854742927071,459.030209665231,7.523775100708
159278.44,686.410324567292,419.545575173119,7.99057960510253
159312.95,691.073350451808,385.985386027159,7.91479110717773
159340.84,691.397274647468,356.861311376191,7.9353904724121
159381.67,685.587645082593,335.734887273983,7.75208473205566
159409,683.497946217438,326.531609415981,7.82032012939453
159455.68,681.037146513361,326.814421437372,8.01687240600586
159487.65,680.505829607543,329.057670903801,7.93845176696777
159520.17,679.006536856184,329.03785848141,7.77766227722168
159557.74,680.340617489826,330.933844890587,7.89596557617187
159585.02,680.50589609268,327.723939464481,7.69749641418457
159614.66,676.665071143292,325.732965161164,7.91364669799804
159652.2,672.455036542616,321.484494293178,8.03632736206054
159678.81,668.621793769812,322.169380306536,7.8870677947998
159714.51,668.084693665449,325.358972030206,7.92305946350097
159746.38,676.846591973137,334.219374619522,7.84601211547851
159774.8,696.75769188425,336.201537178467,8.05606842041015
159807.71,721.09391498223,344.065829706778,8.37063789367675
159860.57,747.978509484773,353.364093027618,8.37690353393554
159891.36,776.837442999584,356.500779000278,8.35318565368652
159917.2,794.740389785541,353.425528770309,8.3862018585205
159955.8,801.105074101841,354.766255033699,8.11609268188476
159984.11,798.979703532756,356.308868504466,8.21133613586425
160016.11,796.210351314225,355.358823044127,8.28858375549316
160050.38,782.250438275995,356.640862381111,8.27765464782714
160082.29,763.539751015533,365.226158482005,8.09552192687988
160112.84,747.497422417423,369.963484357563,7.97109603881835
160141.42,732.89609347495,365.108117829552,7.9995059967041
160180.15,711.81973028531,364.611186417543,8.11331748962402
160211.58,699.803828975871,362.077063445932,7.99607276916503
160254.74,690.603818567103,353.149204687762,8.24678421020507
160287.82,684.508429962132,339.661110061859,8.13692092895507
160319.73,691.604242632348,335.81258829761,8.24878692626953
160353.65,713.275463449849,325.999700417992,8.48502159118652
160385.86,736.076010257981,316.566178007643,8.44708442687988
160414.76,766.456075883506,307.724863848427,8.75564575195312
160445.93,793.756498353752,310.781301995611,8.44144821166992
160481.57,809.382189525685,306.419697250127,8.81060600280761
160511.29,817.163851422305,308.081786684237,8.70200157165527
160551.57,823.162470969057,309.287373591921,8.73098373413086
160577.25,821.292158702626,311.805329608736,8.51540565490722
160607.17,818.141499790663,311.147613372934,8.750581741333
160658.81,818.775817820173,306.204826840479,8.51712226867675
160687.22,814.514150925391,292.035098281594,8.41941833496093
160727.08,808.684834225288,280.283766764411,8.49566459655761
160753.58,810.750386579533,273.009765635196,8.68732452392578
160783.43,817.913810669686,263.735955825188,8.78125190734863
160816.53,817.371502134364,270.530242861474,8.56770515441894
160851.47,821.5230568199,286.709996522348,8.75988006591796
160881.57,824.261992494099,304.191438575838,8.6535358428955
160912.25,823.911477664294,315.368606531876,8.6345100402832
160948.16,823.917223414279,321.086766002135,8.9955997467041
160975.33,826.780349388055,318.026041541103,8.86857032775878
161010.93,830.216136722941,310.231450372964,8.72852325439453
161059.57,834.156424610886,299.104801646641,8.74680519104003
161087.28,838.19949410441,294.045189720834,8.86519432067871
161122.39,840.460107443536,294.064839038819,8.98996353149414
161150.05,839.836275392685,294.949507518021,8.85237693786621
161183.26,838.591139285172,297.221351038272,8.97834777832031
161223.06,840.159589299273,304.681550069376,8.95105361938476
161248.97,839.094670970913,315.391086106478,8.79624366760253
161280.07,834.100544537827,320.976908998519,8.73084068298339
161311.88,831.141060709391,324.930173892009,8.78457069396972
161347.57,825.237073136734,326.792328163006,8.88230323791503
161380.11,818.676257100811,324.600280637197,8.68180274963378
161407.19,813.221869872617,316.196853718966,8.8674259185791
161457.15,812.962732341535,310.111240064616,8.73802185058593
161487.23,817.150429692214,303.625469463452,8.7586498260498
161519.2,824.440321504798,299.879245861048,8.56178283691406
161553.5,828.54965202887,293.69945062162,8.63399505615234
161582.24,832.437074607996,296.298544107261,8.68452072143554
161621.32,835.818760643804,304.655813674924,8.71496200561523
161649.21,836.145266182546,311.809915638224,8.72574806213378
161678.31,834.696627112129,315.671832630325,8.7597370147705
161716.44,836.116849371252,321.11004728642,8.77012252807617
161744.23,841.873863975735,314.56880915733,8.90238761901855
161775.23,845.173193096036,301.269572053895,8.80302429199218
161809.89,849.187218004568,291.785150129913,8.59130859375
161855.38,854.715002206917,287.850145423147,8.89852523803711
161890.14,860.518356544841,286.970722569781,8.89906883239746
161924.77,871.603143531105,287.760857776327,8.89483451843261
161950.91,898.357515524529,296.142755866582,8.93191337585449
161981.47,932.347613144259,300.90248064276,9.00575637817382
162014.09,967.516376390891,304.680475559521,9.14231300354003
162051.28,1001.25419758833,303.171185394566,9.01202201843261
162079.81,1022.65290334127,307.958095118787,9.18030738830566
162114.37,1025.63072904986,304.429766435144,9.09221649169921
162143.56,1022.33460194048,307.600955593096,8.92393112182617
162175.74,1022.60151953573,303.405599448765,8.88702392578125
162210.11,1022.76413728838,300.863235596156,8.80911827087402
162259.47,1025.20910690373,294.075225739095,8.74188423156738
162290.49,1025.22346238544,287.898196463747,8.89789581298828
162317.27,1021.1503202238,275.755109906976,8.87975692749023
162351.34,1010.46947338307,269.436744429599,9.01748657226562
162388.43,1000.87758746255,263.667765980392,8.85383605957031
162414.41,993.430170540506,257.96390825783,8.91763687133789
162451.75,985.363451092382,255.663015345422,8.80657196044921
162480.44,974.900128160422,255.730479363005,8.88399124145507
162517.76,949.802291104358,261.311289681176,8.81710052490234
162547.15,882.550838289597,272.123258346443,7.71958351135253
162576.77,771.346713711679,289.112903103488,7.91873931884765
162612.27,643.198070810315,308.074223503404,8.03764343261718
162657.11,511.274747477812,327.655054342814,7.96608924865722
162686.55,388.803863751588,338.796461821161,7.78249740600585
162727.44,311.054703024339,346.063038285091,7.75714874267578
162753.94,277.624445002603,347.692243268639,7.96840667724609
162782.8,264.482171044233,344.628251112528,8.10235977172851
162816.75,257.155517751054,341.444585856452,8.00574302673339
162851.16,254.044600646492,338.828427404285,7.90858268737793
162883.73,248.560514473266,335.721124681965,8.06490898132324
162912.32,243.857377239486,331.874437071015,8.01432609558105
162946.71,243.207708625457,328.913215723941,8.13348770141601
162976.59,244.150990209762,327.355583795875,7.95235633850097
163007.85,247.167253268181,324.770031705145,7.98351287841796
163062.39,252.52257493071,324.408828582199,8.00173759460449
163087.39,258.687167322672,325.342107431295,7.8522777557373
163119.76,266.079459975759,328.158259437003,8.09291839599609
163156.39,275.24632955125,329.945127650369,8.00786018371582
163185,285.304804263931,333.987628456813,8.17751884460449
163217.41,291.157629545006,336.618699299169,8.06648254394531
163245.98,298.248323905286,338.232625593808,8.33327293395996
163283.02,299.565012620559,340.482894369971,8.17514419555664
163310.87,300.014990516843,342.093304154688,8.18309783935546
163348.16,296.161293889825,342.958956532982,8.12484741210937
163379.79,298.839949846138,343.742911993237,8.03844451904296
163407.09,298.473813485509,345.565660451207,8.18209648132324
163459.19,301.172195675049,343.003283805358,7.92251586914062
163488.24,307.67447965193,340.480794766691,8.10064315795898
163519.29,317.864802877746,337.532146632459,8.17228317260742
163556.8,326.357392552375,334.650889277434,7.97035217285156
163585.33,334.235717199247,330.402957763242,8.21817398071289
163614.77,340.974328876587,331.829878687229,8.14716339111328
163652.55,343.429867516481,333.918202974814,8.08705329895019
163682.37,345.941729024856,334.834453579793,7.93916702270507
163714.35,345.209577633403,339.73078551422,8.1082534790039
163747.65,357.281597127489,343.062231710669,8.00210952758789
163776.82,372.699956771377,342.929184565448,8.17903518676757
163806.04,392.356974592874,338.362520583214,7.92105674743652
163858.4,410.244336180047,337.738578316709,7.91456222534179
163891.76,432.247692515452,333.349980494366,8.19843292236328
163918.81,454.717970275476,331.549686609258,8.08121681213378
163955.12,480.219838348436,331.08557567196,8.04862976074218
163982.6,506.226224651795,330.594061799554,7.99561500549316
164016.35,532.31969477606,329.423053935232,8.1434154510498
164052.63,554.830587833316,328.015188015385,7.99329757690429
164081.26,561.875045768311,333.219098913078,8.26658248901367
164111.62,564.508939450016,332.269821536683,8.06971549987793
164146.67,560.075745987499,339.007719898607,7.92689323425293
164176.38,558.850202943015,339.317947810953,8.00202369689941
164208.81,554.732164319535,340.939317258783,8.04176330566406
164255.33,553.049938994561,335.79057172395,7.88912773132324
164287.52,549.793959202157,337.135746299117,8.1338882446289
164322.32,549.485020638671,330.224494895622,7.97864913940429
164351.96,547.343439759219,326.636996093229,8.06087493896484
164385.38,548.581133028851,324.597636019867,8.18338394165039
164419.21,553.32851298188,324.317923598522,7.96156883239746
164447.7,558.53846550296,324.893978402844,8.14284324645996
164479.55,564.582309858202,330.679956892509,7.9024314880371
164515.82,569.210756303899,351.397076897749,7.92780876159668
164545.69,574.449343172624,385.488008030601,4.0517520904541
164575.66,563.537875096639,427.713642194172,0.429811477661132
164610.13,556.178058532054,480.771529827442,1.51943206787109
164655.19,549.26650620886,531.895060132839,2.64381408691406
164687.65,548.003066073638,566.618553392108,3.63395690917968
164724.43,540.229090735931,579.800738320042,4.45229530334472
164751.15,543.471267657637,575.247968441322,6.16410255432128
164783.92,539.339590530936,551.602008413028,6.67433738708496
164818.91,533.45532448534,521.152493167169,7.43725776672363
164845.5,525.275755121246,491.247513199026,7.65203475952148
164886.18,523.84023018103,461.787672431258,7.57038116455078
164911.42,530.341320303649,436.259217472639,7.59724617004394
164945.02,543.617092337695,409.913945514481,7.65887260437011
164979.42,557.7691370408,391.818047448731,8.160982131958
165009.04,570.061388154105,372.879464398307,7.83267974853515
165058.01,580.9073135417,363.598626783547,8.06714057922363
165092.05,586.805033197498,361.554442160889,8.0075454711914
165117.58,591.115468718567,364.348117551487,8.15889358520507
165151.83,603.74559474532,365.110872597199,7.79994964599609
165184.62,623.918787090079,369.723322309109,8.1144905090332
165216.69,645.775587257681,367.713352262125,8.02974700927734
165250.33,666.203609751575,364.899825386761,7.95790672302246
165280.4,681.945817688764,364.469841794777,7.98903465270996
165311.7,688.61588641942,362.456333416083,7.98005104064941
165347.84,686.514892396779,361.5611239247,8.06118965148925
165379.68,687.772420845734,366.184336603562,8.10210227966308
165406.69,690.425787949539,366.428574487654,7.9829978942871
165459.79,696.323163342586,367.786088249438,7.97069549560546
165487.41,704.599960759494,373.049207906772,7.93710708618164
165518.98,710.05170888167,377.292485786629,7.98351287841796
165559.26,707.439787963974,377.341214625928,7.74247169494628
165585.4,699.90266865067,378.844149458031,7.81213760375976
165614.32,694.134730086498,382.478543912871,7.94434547424316
165652.06,683.288141816563,379.54838036639,7.88846969604492
165679.22,675.407542947337,372.728744887765,8.09460639953613
165714.06,670.099698421178,363.218305233189,7.8493595123291
165742.86,669.401059531411,357.021320228197,7.88314819335937
165779.09,670.323616856363,351.213494294007,8.0236530303955
165807.02,674.812558983089,353.593057738277,7.93464660644531
165857.52,679.657240472752,355.771163559116,7.82744407653808
165888.47,682.86988748831,358.688457752056,7.92855262756347
165923.26,684.314976620543,357.034015128459,7.84295082092285
165950.01,679.908799501505,350.234666696934,7.87150382995605
165983.31,677.450189467658,348.677144812518,7.85745620727539
166014.83,675.600079521342,346.970159418613,7.82072067260742
166051.54,675.765418359534,350.682692465779,7.86429405212402
166078.22,677.892781517571,355.410260596277,7.93842315673828
166116.29,683.20923083499,363.541436821399,7.87894248962402
166145.91,687.572647456041,365.825956036133,7.89776802062988
166176.54,690.815914985247,372.695889083124,7.78999328613281
166213.67,693.816915193027,376.605326084405,7.96013832092285
166255.84,696.706011730409,376.067573095879,7.78793334960937
166287.41,699.420265129894,374.564869737024,8.00725936889648
166322.64,706.538420896168,373.653543302388,8.18733215332031
166351.77,720.720913554754,370.165376926595,8.12865257263183
166390.78,736.27138710367,366.511801776789,8.26286315917968
166418.34,751.591164254767,368.842648599719,8.27244758605957
166446.88,769.465965275743,370.995047137444,8.40826034545898
166478.02,781.285356480862,367.868199828427,8.28503608703613
166515.38,787.630358208659,361.731255261381,8.23262214660644
166546.63,792.5429780901,361.416839617841,8.4085464477539
166579.93,795.595733092082,364.590379003836,8.43541145324707
166607.95,792.507240140483,363.562845525233,8.259859085083
166656.64,791.744454056853,365.2878964694,8.34835052490234
166687.79,791.560212333326,371.654955564905,8.33436012268066
166724.89,790.477040884323,378.121012227861,8.06493759155273
166749.29,791.182793031693,375.295169851629,8.39558601379394
166786.9,795.268322841607,380.236035919431,8.45549583435058
166817.24,796.17357328503,380.670120323699,8.63954544067382
166847.93,796.815355541244,384.511037137498,8.47784042358398
166882.25,797.637778438984,380.461808997377,8.39993476867675
166915.43,797.841239548724,374.034934357404,8.35209846496582
166944.97,800.281649072131,367.095849681687,8.33518981933593
166974.74,802.937205103345,366.755800045796,8.41638565063476
167012.41,807.909807492936,365.255513482246,8.3642578125
167058.46,814.997549774984,365.900734507841,8.38932037353515
167090.61,822.876024212145,373.222616390095,8.42871665954589
167119.61,825.810554076976,373.954787100988,8.6209487915039
167152.22,829.493485174846,374.698813528227,8.48293304443359
167187.47,834.471166039443,367.413585611628,8.43850135803222
167220.64,843.677779662748,365.112148072134,8.66901397705078
167245.6,854.689605762732,363.617535652782,8.2675552368164
167279.94,869.104410554135,363.046195153507,8.58095169067382
167314.52,882.821021932564,359.086270146162,8.70746612548828
167343.5,894.499609150195,360.136803532891,8.80548477172851
167377.71,903.522258313385,353.71053202391,8.82196426391601
167410.17,909.481620568759,349.859939405515,8.79461288452148
167456.88,917.195549611601,349.643191122439,8.53611946105957
167486.63,929.421284693704,355.549992805821,8.42185020446777
167521.08,940.27347805283,365.503939736645,8.46888542175293
167552.81,948.890433807517,379.398356138807,8.33584785461425
167583,971.849560982656,400.614990233583,7.2897720336914
167619.74,939.86424999332,434.584748325264,0.300607681274414
167647.53,869.627621488054,472.621302305085,0.491867065429687
167681.2,788.827553809213,512.66379852843,0.100107192993164
167719.25,724.638603957721,547.410257751145,0.879192352294921
167744.53,675.54699924604,570.742832640899,1.2901496887207
167777,712.477530547665,577.35343518388,2.53981590270996
167812.56,799.642321260619,563.772549694029,4.3026065826416
167856.3,911.522893199006,544.914798222363,5.46870231628418
167889.48,1007.90324765235,519.998652784388,7.3805809020996
167921.12,1075.42613313458,493.450220517301,7.95790672302246
167951.18,1106.95841416563,462.694728997392,7.95075416564941
167983.43,1119.9545498969,442.425687856474,8.03893089294433
168018.26,1114.98572123087,421.826617565647,8.19302558898925
168050.33,1105.41582475471,410.708854880186,8.23780059814453
168078.48,1090.59119773178,397.670345236138,8.22515487670898
168117.05,1072.26384858078,389.745005861616,8.51918220520019
168144.29,1051.1376457637,384.71397241803,8.47306251525878
168175.33,1027.36570728188,377.843304827876,8.54310035705566
168215.25,1001.45556793936,369.228244341547,8.46905708312988
168257.41,980.050541398231,369.133545377564,8.89786720275878
168285.15,963.261457317741,364.181447746901,8.52413177490234
168321.68,957.891592024236,360.329348222386,8.77215385437011
168350.94,959.929784882991,357.70456030527,8.14175605773925
168390.28,975.718133028115,357.754135714085,8.37427139282226
168418.59,990.921422948649,354.29830813771,8.69153022766113
168450.06,1009.76654041079,358.19386979059,8.59983444213867
168477.57,1023.24057953018,362.770169043806,8.54727745056152
168511.89,1033.56681991729,367.505094555557,8.40216636657714
168549.49,1036.14513653338,369.77346579632,8.51305961608886
168575.59,1037.40051358015,370.475170186807,8.61783027648925
168607.95,1034.92847767498,369.783400884327,8.54041099548339
168643.13,1033.91578369188,366.32746875944,8.72262954711914
168687.26,1031.75547108883,363.459140261628,8.61379623413086
168727.94,1024.89997785126,364.991026660214,8.72629165649414
168754.18,1016.43628189856,362.906399673484,8.73458862304687
168783.41,998.884893064841,362.371321922275,8.67519378662109
168814.41,933.345712984503,362.799254611225,7.74441719055175
168851.94,818.436944544917,361.066820605417,8.0068302154541
168883.53,681.037141336014,362.019243205838,8.10833930969238
168911.52,539.389680175654,362.510678959463,8.01089286804199
168943.88,401.153786616558,359.816506445674,7.80272483825683
168978.76,311.98393816864,354.412475581636,8.06076049804687
169006.76,278.301521156479,350.434018152883,8.07360649108886
169045.41,271.310238843577,338.216036273509,7.8636360168457
169086.81,270.481587462919,333.733682948375,8.021821975708
169120.41,278.849167599027,330.357955128979,8.24915885925293
169154.59,282.586840572096,330.102291165226,8.36076736450195
169183.25,282.998286199543,332.837267030717,7.98316955566406
169216.95,283.656506147431,341.470200505849,8.30841064453125
169251,286.867424494768,345.85255772966,8.22446823120117
169279.74,286.18489045899,352.421199799061,8.13480377197265
169311,288.722729900298,356.133454334716,8.25204849243164
169348.19,289.257658557852,361.331379625377,8.28992843627929
169379.66,289.708349576373,359.823544065336,8.16455841064453
169407.39,287.852467783569,359.170182421729,8.35704803466796
169438.79,286.859043180586,357.521683246446,8.13191413879394
169487.9,283.676231918287,357.503460763063,8.12979698181152
169523.35,283.964530747522,356.071636330223,8.24174880981445
169555.4,281.357571316594,356.095753656288,8.0137825012207
169583.29,278.667324094009,358.858182848824,7.99921989440918
169618.63,275.961200354622,358.749894434332,7.95985221862793
169646.62,274.530587264649,358.409805669643,8.3426284790039
169683.74,269.723892793372,354.768339391126,8.1368350982666
169716.18,267.601830438336,357.274502972444,8.17111015319824
169743.19,266.959675521019,360.385389353444,8.05312156677246
169777.08,270.149165323724,365.717389536168,8.13640594482421
169808.96,274.031329897789,368.919827499761,8.30211639404296
169839.96,278.639397749281,373.864190431915,8.11134338378906
169895.45,284.020670867618,373.882204128242,8.06407928466796
169921.4,288.980836525668,372.174768009731,8.21780204772949
169951.39,291.788979064899,369.636973005069,8.44648361206054
169985.61,293.067957187428,371.334626459448,8.19336891174316
170017.01,296.111510716351,371.592831389509,8.23654174804687
170049.94,293.411485097813,374.991503052001,8.1419563293457
170080.9,290.584143664771,375.954598180046,8.14315795898437
170111.23,287.688363475775,379.630886997636,8.0716323852539
170145.66,287.416696641013,378.799235327514,8.10656547546386
170175.79,284.248166647288,381.257039434009,8.28226089477539
170212.94,286.195031295368,379.749942576366,7.90969848632812
170240.92,290.273805337197,380.311460897565,7.94737815856933
170288.79,312.288271077724,376.806691662288,7.61529922485351
170323.96,376.890632619587,369.711914772952,8.04628372192382
170351.99,490.114255434553,363.361053183536,8.86436462402343
170385.93,631.540427794264,359.850901950777,8.42654228210449
170414.66,785.085261290873,351.812236129339,8.51323127746582
170448.46,921.06169756706,343.507986884645,8.65107536315918
170478.9,1007.84761880957,344.653196012769,8.86862754821777
170512.68,1041.59301843324,342.371965904429,8.82591247558593
170547.28,1043.35967396648,343.264515724824,8.84302139282226
170577.67,1034.05616287511,342.934455155252,8.79401206970214
170608.53,1022.67486384517,345.40010445273,8.91117095947265
170638.92,1017.67457720337,344.351773314205,8.89297485351562
170690.5,1022.9499083408,344.713981478417,8.79970550537109
170722.66,1032.60221099916,340.594503460641,8.67064476013183
170751.12,1028.6316664492,342.148104021438,8.80007743835449
170784.99,977.970673588237,347.487379438151,7.88117408752441
170818.67,882.820733249178,352.60760405856,7.74121284484863
170848.23,759.883885903788,357.170369500613,7.84549713134765
170886.24,627.349222517182,361.40528425473,7.83888816833496
170914.01,506.382938232337,367.639491583036,8.09866905212402
170945.68,435.320198109164,369.078612629985,7.93089866638183
170974.45,404.225861007256,369.591490580906,7.96557426452636
171011.26,397.653909855692,369.860557268492,7.99927711486816
171044.67,400.805889920055,370.574825491227,8.12278747558593
171088.44,404.886275589097,368.113306199387,8.04305076599121
171122.18,408.739270156013,366.422128603656,8.07363510131836
171149.67,414.588126537401,364.961019430638,8.12662124633789
171188.07,419.812057720867,362.980458089652,8.05543899536132
171220.49,411.103755216363,363.038895394191,7.94817924499511
171245.85,387.571945791217,363.599824288819,7.83622741699218
171283.47,352.903744437392,368.494900636961,8.00050735473632
171310.31,315.81156392523,372.203266207587,7.98062324523925
171349.37,278.354917904101,377.150047796841,8.05872917175293
171380.35,253.025093556888,378.302838626918,7.91132926940918
171407.07,242.089375730933,380.639615359873,7.9899787902832
171444.93,242.404691397211,377.669051368395,7.87150382995605
171487.61,244.091335882639,375.25596809773,8.23831558227539
171519.21,245.955505418224,372.165497580041,7.92757987976074
171558.45,250.177657641285,371.768476001641,7.95890808105468
171584.54,255.784599732983,369.927442968893,7.95061111450195
171615.01,262.057281497796,368.533333623938,8.00465583801269
171653.08,272.367422926749,369.15768362739,7.9544448852539
171679.79,283.171603279176,367.263409806357,7.970552444458
171713.87,291.750515830194,371.500975534247,7.97478675842285
171747,298.814083433153,371.224495017064,8.16799163818359
171774.68,301.347871140853,373.109652504199,8.07806968688964
171807.66,301.131064017988,370.994944048673,8.22552680969238
171843.83,301.270090770585,373.527745824393,8.22864532470703
171890.35,305.453957887742,368.767307267312,7.98972129821777
171918.47,305.301230014997,369.902102087191,8.19708824157714
171951.88,303.941287360398,368.686153043791,8.20830345153808
171983.18,314.050379082607,373.824570588113,8.22426795959472
172018.65,344.231014390419,375.91265019022,8.03126335144043
172050.61,384.934510575609,377.257203914312,8.20255279541015
172077.98,435.278822924533,376.52200112323,7.76644706726074
172115.69,489.451527327858,376.307107785615,8.07552337646484
172142.9,535.317852912502,371.752375421366,8.03847312927246
172175.36,558.30523530263,368.63016038656,8.14962387084961
172212.63,565.517128044378,363.125325855825,7.91190147399902
172238.12,565.60692325247,363.582551305969,8.0855655670166
172287.13,563.175357869478,360.289478539611,8.11022758483886
172323.73,556.707383970132,359.214167466284,8.06493759155273
172352.49,552.806095243155,359.120012439405,8.11858177185058
172385.96,547.141298560466,363.127838047952,8.13291549682617
172414.91,542.332623783965,362.089347063919,7.90823936462402
172451.81,536.708899197575,366.036743625111,8.40788841247558
172480.93,537.089054880169,373.810629165876,8.0760383605957
172511.58,548.76524662434,379.927598410665,8.32480430603027
172549.94,570.450962068246,385.247953230048,7.99630165100097
172575.4,597.610427937239,390.527082490704,8.09163093566894
172607.18,627.845151779758,394.432189682884,8.11637878417968
172642.55,653.918565207646,388.86420280282,7.98943519592285
172688.27,666.642851034251,379.131043185094,8.15963745117187
172721.91,689.033449007842,370.539976959391,8.68989944458007
172755.94,715.77809100253,362.319220225949,8.60867500305175
172786.71,744.030618694689,356.638628632906,8.67373466491699
172814.94,773.898092148916,361.02205970175,8.732271194458
172846.76,806.134231871993,371.878011787854,8.54541778564453
172885.5,821.006619402272,382.462778027992,8.45921516418457
172910.11,825.642801502361,388.35131344412,8.49586486816406
172943.26,828.782288061219,389.338747077348,8.69473457336425
172980.02,831.778740535563,384.376519235914,8.61353874206543
173008.19,831.000299381252,376.901126805966,8.74285697937011
173041.79,828.68665787958,372.794890869901,8.6055850982666
173089.06,826.907727419979,376.413609483565,8.57545852661132
173120.86,826.024281070073,384.356276585597,8.51972579956054
173151.32,823.853038364025,392.803226638138,8.35587501525878
173186.71,823.95062940783,401.600480116823,8.42883110046386
173217.6,826.127076591881,402.756541792514,8.32589149475097
173247.02,828.632878713386,400.107667791896,8.61365318298339
173281.41,830.73335581911,395.118117850497,8.79733085632324
173311.44,831.627181389823,389.102676571786,8.68886947631836
173344.04,832.842435434611,384.252795694924,8.68208885192871
173381.5,832.85300242929,380.029028337348,8.67064476013183
173406.81,832.745739290791,379.64276076327,8.67010116577148
173439.98,827.503225735659,382.551462153612,8.3983039855957
173491.09,817.963458126144,391.886647407014,8.32391738891601
173519.91,808.899002281072,398.413121214646,8.64277839660644
173558.84,800.367023410514,406.33524106221,8.65510940551757
173585.51,787.660293055085,403.896828828874,8.3554458618164
173614.95,779.011322788777,403.342103630143,8.54533195495605
173651.5,775.079728050847,395.755304426075,8.61605644226074
173680,771.271552764796,391.995125612792,8.65276336669921
173714.85,770.477767290813,390.389612829974,8.68037223815918
173743.37,779.408208788082,396.31691042614,8.59886169433593
173777.48,793.052401344728,396.413049710611,8.48170280456543
173808.34,810.175184416699,400.221333072572,8.6941909790039
173843.2,829.794014561541,397.915487642834,8.83558273315429
173890.7,845.871473054655,393.80619059001,8.98501396179199
173919.46,854.543870803474,387.561965430375,8.83398056030273
173957.35,860.577196524846,380.26722896174,8.62435340881347
173986.56,864.484140428331,376.004072785082,8.82782936096191
174015.07,862.148689621697,375.41104954042,8.8824462890625
174053.59,861.590378696813,380.13992935032,8.95442962646484
174083.05,859.8985931206,386.096751481007,8.70815277099609
174111.55,854.256355883463,396.044471445744,8.71865272521972
174149.51,847.293566282887,401.240697472725,8.28729629516601
174179.98,843.337769160716,406.423612052076,8.3935260772705
174211.72,837.725253622989,409.381428046201,8.4286880493164
174243.5,833.011197464102,411.479964694454,8.38308334350586
174289.63,828.568742051733,411.379541767606,8.57374191284179
174319.77,825.32155850007,405.740205221061,8.26944351196289
174351.48,825.532442919289,397.416173293885,8.73859405517578
174386,826.331451208989,384.825954941409,8.71129989624023
174417.63,832.960592843179,373.22496085077,8.63957405090332
174448.37,840.504523581265,362.561122772775,8.60979080200195
174484.48,850.308982020265,359.683615818626,8.95917892456054
174511.89,855.459631443433,354.673725720208,8.84519577026367
174546.01,862.514182118168,353.368669584222,8.91065597534179
174576.79,868.225163808495,354.037360690027,8.70715141296386
174610.31,873.322607559386,356.168789947786,8.92928123474121
174638.59,878.688201286027,356.103679889914,8.77999305725097
174691.9,887.665056655307,361.409144729099,8.96192550659179
174722.83,897.319009506026,365.344490871743,8.82911682128906
174751.61,903.345512403891,366.97578497737,8.6828327178955
174786.95,915.731411586451,366.655023493982,8.95068168640136
174816.62,925.982841086849,368.588247046922,8.77996444702148
174848.69,934.44645224137,367.353857330893,8.63822937011718
174888.2,940.110664576885,364.085746361182,8.77655982971191
174914.96,948.546048445328,360.63377893317,8.83363723754882
174942.91,948.593713295889,356.265951585093,9.00495529174804
174980.37,945.96855788308,348.963337768657,8.96470069885253
175009.19,944.32664358191,344.788307244035,8.69221687316894
175042.6,930.507678966493,341.829130049024,8.87838363647461
175091.25,869.158422733819,342.846906100041,7.8841495513916
175122.61,763.047761345846,347.350570389194,8.32706451416015
175150.64,632.079149789842,351.906653502058,8.01887512207031
175183.07,490.6419224452,356.031991362387,8.2891845703125
175220.66,360.489372029575,361.64533458859,8.30311775207519
175247.84,277.817344562676,363.106033303513,8.33599090576171
175279.89,244.388704914646,361.718453489089,8.41429710388183
175314.01,240.206921405778,360.306107709899,8.33415985107421
175344.27,246.909241057408,359.546498274155,8.43727111816406
175378.56,257.550555525146,357.999976935863,8.18916320800781
175410.16,266.958239043705,357.561746050184,8.4085464477539
175441.34,275.172049213281,357.690847893627,8.4180736541748
175494.02,280.697108252163,357.991082106827,8.30666542053222
175522.14,282.676040266195,357.335814012674,8.23751449584961
175553.31,286.341701752039,356.2791612528,8.28060150146484
175587.33,287.919514162156,355.004329166019,8.47317695617675
175617.14,286.914495127646,355.356024983405,8.40067863464355
175647.07,283.911714457773,356.794043540212,8.45864295959472
175682.35,283.838444471301,358.032066473125,8.1338882446289
175714.17,279.373774935734,359.038817188898,8.16816329956054
175742.23,280.722567071553,360.147143782548,8.33112716674804
175778.45,285.508518878412,360.011348764937,8.39707374572753
175808.09,291.361525139393,358.675845116956,8.31999778747558
175839.78,296.781817018347,357.843147324651,8.39504241943359
175893.69,302.847140081776,358.152840059203,8.38082313537597
175919.04,304.430290194092,358.309167157246,8.24214935302734
175953.17,306.516124451458,358.418049978898,8.27648162841796
175983.33,308.0454914002,360.020989291147,8.31418991088867
176018.92,308.164481452454,361.397081053785,8.57511520385742
176050.28,308.330148142082,362.080223929959,8.32159996032714
176079.17,308.015578476766,363.08753891803,8.59651565551757
176117.06,306.342283923906,364.980352138313,8.44931602478027
176143.33,305.409600146703,365.673765323596,8.11188697814941
176176,304.492668888393,367.021420390232,8.26506614685058
176210.99,302.184397506703,370.098433340065,8.36299896240234
176240.38,300.77607228283,372.509823457102,8.29999923706054
176287.84,299.708099586159,374.915917932937,8.45020294189453
176321.38,299.743257558517,377.093411047304,8.30240249633789
176351.55,300.271102772539,377.435436779637,8.52662086486816
176391.96,310.230393946604,376.154571667426,8.36952209472656
176415.9,328.36753487363,375.104360430644,8.31645011901855
176445.77,351.523150101101,372.353652376472,8.20738792419433
176483.63,373.989231723435,368.985812805287,8.33673477172851
176514.14,396.74659029467,367.385657087399,8.18953514099121
176546.07,407.769730945587,366.432227411407,8.43501091003418
176576.39,409.788610940557,364.131217957049,8.28786849975586
176609.66,413.840223465497,363.085475260226,8.07437896728515
176641,430.753469817293,364.176713778799,7.90371894836425
176689.46,452.395459280812,362.316324369929,8.10851097106933
176721.02,479.79284875667,359.12236954519,8.13428878784179
176752.07,512.103772791545,356.796708726723,7.9357624053955
176786.33,536.598345032585,357.674191660772,8.13523292541503
176816.27,549.411498803011,359.025014044937,8.13154220581054
176846.33,556.732171390328,364.491000558128,8.14893722534179
176883.37,562.010242189563,370.669783880568,7.97152519226074
176911.65,560.954742984678,378.886428206563,8.11846733093261
176944.49,560.86916419238,384.114366093046,8.0859375
176978.27,560.859107847255,383.696362447501,8.18066596984863
177008.32,560.933280269043,383.347689111627,8.14682006835937
177042.1,561.457222022141,383.044029155106,8.15789222717285
177091.84,561.179675831619,379.198194825623,8.30011367797851
177119.39,556.110041399692,375.80554622391,8.02413940429687
177152.4,550.394711239944,376.588906422762,8.18126678466796
177184.62,545.231323337781,376.520782097084,8.25920104980468
177219.56,538.9962369691,373.076922826814,8.2155704498291
177249.12,534.371861831685,371.076322885514,8.19631576538086
177282.05,531.303938868881,371.279884347498,8.2650089263916
177312.28,527.21891570169,374.009969201049,8.19162368774414
177342.8,525.361010805769,372.59930776181,8.1935977935791
177377.05,522.38395607909,372.069916706302,8.24355125427246
177408.19,521.927208375625,371.591122455621,8.16020965576171
177440.92,523.020970827236,369.387570442501,8.00308227539062
177489.14,524.068382996006,363.936513886303,8.21416854858398
177518.82,522.626420038357,366.755722399179,8.12461853027343
177554.38,526.287589538666,369.512353330352,8.36291313171386
177588.19,525.29293696693,372.642735042956,8.22286605834961
177617.01,522.991783134313,375.179881350125,8.23923110961914
177647.47,518.715801565736,382.027667784468,8.14124107360839
177680.61,518.81296654533,386.30317586111,7.88426399230957
177715.68,525.121304864001,390.278556479553,8.09197425842285
177744.4,540.968976382111,397.352308071388,7.89505004882812
177780.57,562.762261317233,404.987102911518,7.91693687438964
177808.36,587.938465549528,409.304949317145,8.08316230773925
177840.2,606.574260185822,411.561667108442,7.90343284606933
177893.78,613.958779451148,416.631962302868,8.14427375793457
177918.93,621.935713083502,414.831684382831,7.9731273651123
177951.2,636.581510367939,407.545977429383,8.17720413208007
177987.37,653.621574020719,398.747771076445,8.20166587829589
178014.74,677.744975023247,393.356088766659,8.24481010437011
178051.03,705.731077262845,385.261198304123,8.16553115844726
178082.54,726.506181434508,386.366021459687,8.15211296081543
178112.27,735.585910228448,395.194057710201,8.38251113891601
178145.34,720.110065693231,400.374204134173,8.08310508728027
178176.28,684.675301204974,403.079607873107,8.18275451660156
178209.39,636.547141650466,408.78816765769,7.99821853637695
178241.21,584.886369513707,404.817512599529,8.07300567626953
178273.06,533.826179309947,393.981578613764,8.01913261413574
178320.83,503.943282992557,385.832138276404,8.15165519714355
178357.79,491.919140440928,384.373854511957,8.17660331726074
178389.86,504.316946701067,380.537735975374,7.95667648315429
178417.59,541.693191860634,380.3408276471,8.00173759460449
178448.12,590.520721249464,382.899143776649,8.11738014221191
178479.58,644.836597041176,393.61447795141,8.25608253479003
178515.77,697.171240447204,400.272060820091,8.23127746582031
178546.34,728.7955899998,403.393560895566,8.11014175415039
178573.71,746.490579102751,407.940961002466,8.31141471862793
178611.83,764.333674335552,410.422457308384,8.39653015136718
178640.1,785.287562226677,406.190082853035,8.49403381347656
178672.21,810.556225137881,398.383131955628,8.48814010620117
178725.51,845.475674201491,396.191994103994,8.73561859130859
178752.63,874.249033281428,392.988995425685,8.57934951782226
178784.04,890.841487164294,391.477426017455,8.53031158447265
178819.38,899.308054599174,390.816742545646,8.58916282653808
178849.16,903.952265347294,390.302024623633,8.88018608093261
178882.37,906.004029533872,390.514690240557,8.86276245117187
178914.39,910.602937370879,393.631417237324,8.5693073272705
178947.97,913.42186416278,396.158004759768,8.68560791015625
178976.59,918.187882115443,397.286459043181,8.66137504577636
179007.32,924.502846896693,398.362365261543,8.75418663024902
179047.81,928.876711424809,399.316948775506,8.73750686645507
179072.74,928.297435967446,398.583616016666,8.74151229858398
179120.48,929.384814696165,398.860576504813,8.72952461242675
179155.14,925.657944442014,399.907866539478,8.58530044555664
179186.01,916.767192372862,401.700278673065,8.64629745483398
179218.38,906.381068023033,402.667158836081,8.626070022583
179247.93,901.966937186256,403.659633369965,8.62031936645507
179285.67,900.1245318491,404.6797980496,8.81094932556152
179315.68,900.002860453834,405.247091908376,8.46879959106445
179342.48,903.685035440727,405.240927318933,8.73487472534179
179377.39,910.364204040634,406.056321745733,8.63299369812011
179411.52,912.836979335171,406.347664212371,8.47801208496093
179439.66,915.339821045343,406.221720820978,8.62904548645019
179471.62,917.639886013132,406.414262816765,8.81893157958984
179521.03,922.848711521013,406.949557240806,8.57857704162597
179554.28,934.04739929622,407.580291912653,8.58232498168945
179588.31,949.769841552145,408.608175545451,8.69439125061035
179617,964.355370051775,409.75853163701,8.4338092803955
179648.2,974.287465104146,409.881826311924,8.57119560241699
179682.93,977.817236164473,409.901159185144,8.63184928894043
179715.61,973.704591056293,412.181449798939,8.65299224853515
179742.91,967.727725584504,416.289756752636,8.78293991088867
179776.13,963.283411861491,421.982035872204,8.6520767211914
179808.29,965.474650665709,426.298031240593,8.69522094726562
179843.76,971.941870065253,428.495756808875,8.81306648254394
179876.17,983.721401226623,427.325296367144,8.64910125732421
179920.79,992.216926828567,423.307663255862,8.62226486206054
179955.25,996.939353504166,417.764568937466,8.58344078063964
179986.33,1000.35180653881,414.10705894635,8.5810375213623
180015.79,1001.5432385873,411.713334861165,8.60215187072753
180050,998.416002692646,409.611531230298,8.77203941345214
180083.7,997.245675890567,410.905371105055,8.75510215759277
180112.24,997.524515208079,411.624194861177,8.65033149719238
180148.91,993.756964004212,411.974040013894,8.75547409057617
180176.24,989.274414885524,412.252952094786,8.77627372741699
180209.77,990.442609018584,412.865691975492,8.68532180786132
180243.35,990.075533130549,410.238364618604,8.6341381072998
180270.91,991.950650683688,409.072748196252,9.00137901306152
180320.53,999.617907793246,409.174942529195,8.77289772033691
180349.27,1005.80444933663,408.988592919413,8.48121643066406
180389.28,1008.41973343888,407.421365771553,8.70677947998046
180417.22,1011.11972990988,407.291565822633,8.79961967468261
180449.48,1015.28415031239,406.82540371018,8.68157386779785
180480.67,1019.59346311308,406.223486487739,8.68803977966308
180509.97,1031.24967554834,406.730057462974,8.73599052429199
180549.36,1042.51669036989,408.467187175837,8.50828170776367
180574.61,1055.44452898275,409.273385072974,8.66915702819824
180612.29,1068.63675300856,412.795735096209,8.69828224182128
180642.82,1078.89027544544,417.669842876379,8.62286567687988
180672.98,1081.01557357727,420.858726426572,8.59499931335449
180726.13,1081.1582849163,422.990623265891,8.65118980407714
180751.02,1081.24302723499,424.551414748604,8.56922149658203
180788.59,1078.49825169493,428.340187338338,8.24186325073242
180817.86,1078.27985503816,446.817980401178,5.20915031433105
180846.31,1034.77166711148,479.432026872699,0.497760772705078
180886.74,974.632288396762,508.756220312033,2.21397399902343
180912.41,926.044920988061,541.251960006254,1.9313907623291
180942.98,888.554651967271,564.043863193809,3.47957611083984
180980.77,866.790506078225,570.425487811092,5.7923412322998
181008.64,899.616609397335,559.355562466011,6.87037467956543
181042.71,956.212261099471,551.218882030539,7.99249649047851
181075.26,997.597141087969,535.847811232917,7.89201736450195
181121.96,1028.72442932848,520.407082565605,8.20735931396484
181149.55,1041.5460365006,499.414939017298,8.15571784973144
181188.91,1037.11956521968,479.890661674728,8.31785202026367
181219.33,1020.07693989719,463.794286031972,8.37418556213378
181248.18,998.442149868243,453.706901328652,8.43103408813476
181283.29,971.659220526823,448.62890170363,8.4913158416748
181315.11,947.40985803593,445.668669328881,8.60183715820312
181344.06,932.261507081961,447.665554958836,8.51423263549804
181377.38,923.443018708463,448.685041864267,8.63279342651367
181411.7,920.083624479159,448.756007749285,8.37615966796875
181439.45,920.115000384139,448.806415356752,8.50224494934082
181476.88,919.570403660739,455.715619212281,8.57153892517089
181520.62,918.016876525594,459.195468094612,8.22701454162597
181557.73,917.757567348172,459.982774246562,8.63368034362793
181584.02,922.293510754246,458.776297316736,8.79172325134277
181616.16,934.685180870825,455.202762454007,8.59465599060058
181648.4,951.725639697298,447.442774101924,8.69487762451171
181682.43,971.949050585405,441.494401122244,8.73244285583496
181714.54,991.889963742311,436.758029047088,8.73078346252441
181744.96,1006.4159898088,433.390072202895,8.62229347229003
181775.01,1010.46639011862,432.085163262629,8.53282928466796
181812.96,1010.69607385853,431.762431046267,8.53918075561523
181840.71,1015.36982514419,431.56171356639,8.7579345703125
181873.75,1023.83161215384,431.773828718925,8.65674018859863
181923.16,1035.46536421192,431.738931177822,8.6575698852539
181951.65,1049.08443661522,431.597705558536,8.69433403015136
181989.66,1064.27549681172,431.609540004854,8.68114471435546
182018.43,1067.92699336772,428.207240836184,8.60933303833007
182052.89,1067.235245259,426.502837541222,8.53065490722656
182079.45,1066.14065629628,426.441291221075,8.60830307006836
182112.72,1066.57922900995,424.101723494144,8.70122909545898
182143.47,1064.48562889692,420.316344947835,8.74408721923828
182180.78,1066.34594524284,416.710673760388,8.48628044128418
182212.07,1065.44930030556,412.745925564576,8.88050079345703
182238.16,1065.02650913864,408.706871452459,8.42757225036621
182275.68,1071.00898723503,407.71645385273,8.28208923339843
182320.43,1079.72044685082,408.693872590673,8.51348876953125
182357.45,1088.8568750749,415.947179841598,8.30217361450195
182389.26,1093.58364873773,421.088973476836,8.37942123413086
182414.66,1089.73872479376,424.975433047416,8.55932235717773
182451.85,1075.0526985181,427.91232427322,8.43143463134765
182479.38,1054.74511111328,429.519493520811,8.44021797180175
182513.07,1036.30226937998,427.056360992128,8.41595649719238
182550.67,1025.23060497901,425.289493437721,8.3917236328125
182578.33,1021.79761938301,428.522909169773,8.35184097290039
182607.37,1020.86064447172,434.801090403528,8.26761245727539
182644.72,1020.59725878642,443.259987680233,8.02070617675781
182672.19,1015.52106569315,448.389356483833,8.15686225891113
182724.24,1011.11675244818,452.723297724338,8.47455024719238
182753.72,1003.92518127054,453.757029507076,8.54578971862793
182782.74,996.058827438564,452.738897434222,8.37827682495117
182814.42,988.729933113069,451.301964715529,8.46035957336425
182850.63,989.412181692914,453.974604842746,8.49577903747558
182882.71,992.677472799079,457.996953475467,8.31933975219726
182912.47,996.449761797388,460.453412481248,8.35865020751953
182947.58,1009.22122242476,458.576796430176,8.38866233825683
182976.06,1029.2873626457,457.11926747226,8.34002494812011
183011.68,1047.41150938746,457.25987851095,8.26277732849121
183044.47,1062.83819575955,457.02198923555,8.250732421875
183071.2,1077.86500399496,453.329468904617,8.3876895904541
183123.2,1089.42330259727,451.302794396561,8.19952011108398
183154.01,1056.34398854094,451.024222533933,7.82235145568847
183183.58,960.277524769067,452.319427481342,7.28110313415527
183218.04,818.122554323567,448.981577579729,7.88543701171875
183251.75,653.317161799957,449.637240604537,7.66470909118652
183279.82,473.498714281312,452.450765648416,8.12793731689453
183310.98,329.63462927948,451.874737770105,7.78126716613769
183349.3,247.466518587599,448.585219594696,8.00193786621093
183381.14,214.483393385112,449.862514460211,8.01910400390625
183408.45,212.188290535553,450.424806893398,8.19697380065918
183440.24,223.588116792305,450.763605303398,8.16095352172851
183475.65,239.40573454208,447.441146560671,8.1935977935791
183522.11,253.704188713544,446.953199432193,8.17131042480468
183556.72,270.811923515357,443.342804900469,8.03964614868164
183582.79,278.776838134104,443.080020858889,8.08307647705078
183619.01,285.49371366185,445.160714061822,7.94477462768554
183648.81,287.234476162785,453.967309899182,8.16739082336425
183679.98,293.157453473852,457.573344165747,7.83182144165039
183716.23,289.811970859118,465.061012965376,7.85980224609375
183744.32,292.432740816007,464.703911130255,8.04631233215332
183780.65,292.970337066172,466.713872335934,8.06184768676757
183809.05,298.139024178714,462.156929894221,7.89642333984375
183839.24,300.176442337985,461.88700924555,7.74876594543457
183878.39,306.635212989185,463.695885126411,8.09881210327148
183919.19,309.811500424869,470.731760062306,8.1134033203125
183955.85,312.360329581278,475.888739793057,7.98637390136718
183986.24,310.354364526405,479.700054721719,7.79268264770507
184015.14,304.956989143352,483.639628747323,8.07360649108886
184055.06,302.337336811264,479.617582467762,7.86967277526855
184081.85,299.325658591207,479.180809649613,7.73743629455566
184112.05,298.866504216472,472.837884079508,7.81568527221679
184147.46,298.328960734971,474.142144576446,7.86935806274414
184177.66,301.887168784383,474.936146459336,7.79668807983398
184210.68,297.101729955502,481.704602553595,7.69208908081054
184242.09,293.276350292154,481.615975872367,7.79829025268554
184274.2,290.245568194344,484.029617259498,7.39171028137207
184319.34,287.433568875853,486.368265010735,7.47908592224121
184354.41,283.88674657179,482.177684267571,7.55530357360839
184386.29,282.133472758745,478.155005380078,7.32253074645996
184414.57,281.173080498575,484.257100065458,7.02495574951171
184450.08,282.844459689033,486.422895998084,6.34623527526855
184481.25,283.668657666429,487.155362372556,6.50748252868652
184511.36,286.338913083517,493.5456574139,6.52158737182617
184550.75,288.232992845256,501.679661660744,7.05645561218261
184576.41,290.389364190117,499.918175944494,6.16971015930175
184608.22,288.132976246899,503.10122815875,6.48645401000976
184641.03,287.750519700202,500.022390115208,6.348237991333
184673.31,286.323029022426,498.452854170686,6.61039352416992
184722.3,287.9324483057,497.534050890981,5.98274230957031
184753.37,288.512930189109,495.429356269245,6.34105682373046
184784.68,294.436061503131,500.475173409211,6.70143127441406
184816.41,308.855156865637,504.215642541811,6.22710227966308
184847.37,321.84759109822,506.155456083079,6.30606651306152
184885.41,341.285322459291,508.178480353392,6.26890182495117
184915.21,361.507506025925,513.346693713333,5.94489097595214
184943.74,380.490217139106,510.518630518692,6.7811107635498
184979.88,391.54696803438,513.41484968736,6.86053276062011
185009.53,408.401206893012,521.037049215094,7.05780029296875
185041.66,424.026493893224,521.104541243227,6.7276382446289
185075.85,442.913424855734,523.410190942842,7.1410846710205
185119.95,465.967588370849,518.710061735667,6.48450851440429
185156.03,497.566956076514,519.660986458796,6.7320442199707
185182.85,523.620480942982,508.812263714409,6.4452838897705
185217.94,546.732249736596,501.585625028209,6.72574996948242
185250.4,566.533490448085,500.244844800433,6.60332679748535
185279,579.680795648127,501.452952719748,6.70417785644531
185311.89,588.071357502797,503.974520806232,6.90104484558105
185350.56,592.527695089732,506.936552674839,6.44147872924804
185382.55,599.829973149967,513.523090229999,6.88888549804687
185407.67,609.533075185702,509.023447970769,6.47772789001464
185444.62,620.275504817742,515.714443915176,7.24917411804199
185475.78,627.835583081573,509.686062256453,6.8463134765625
185521.05,642.48513519458,518.289790554092,7.22963333129882
185554.05,648.71787070526,516.037546845645,6.52247428894043
185589,655.412169269996,518.321160261684,7.2494888305664
185619.58,659.42778769487,514.084148882309,7.28138923645019
185647.21,663.784915772376,510.043373426149,7.56388664245605
185680.34,664.987081543991,498.370210706384,7.62657165527343
185716.54,669.200711739193,489.959616338243,7.56265640258789
185744.13,667.983700128681,484.420441287477,7.82981872558593
185778.77,658.21188248349,474.595744856919,7.70330429077148
185810.66,643.104685329371,476.493566763485,7.7369213104248
185840.2,623.342334480295,473.284149704696,7.94205665588378
185873.2,602.072729613041,475.63082468222,7.77643203735351
185924.28,581.54193732188,476.108023208617,7.79871940612793
185950.56,569.696949040923,479.638731479292,7.62428283691406
185982.46,563.866824696939,478.896972522434,7.72828102111816
186016.96,567.506362854117,477.039933360901,7.89834022521972
186051.6,575.015347862056,476.685925905725,8.07403564453125
186080.03,584.73770389016,470.759440520581,7.94022560119628
186115.38,594.282414760334,471.029022212651,7.97478675842285
186142.99,603.265717345257,465.866660218509,8.07889938354492
186181.88,607.301497492356,471.239721201894,8.07878494262695
186214.62,614.592380776871,466.5993472068,8.14023971557617
186239.97,624.767677665691,471.494200002282,8.15749168395996
186270.22,636.032189758657,466.725503816492,8.28892707824707
186321.04,650.020570809973,463.498970114032,8.24409484863281
186350.72,664.699468174804,457.205655295542,8.14527511596679
186390.88,676.172430995929,458.405719921578,8.09357643127441
186416.79,690.711741065149,455.855969393951,8.24275016784668
186446.75,703.996445256134,457.632544820246,8.23207855224609
186479.39,717.491695311604,456.328581956738,8.47269058227539
186512.34,729.937885203856,447.883455958173,8.4250259399414
186545.9,740.596027764889,436.303379570698,8.56613159179687
186576.56,742.30923845982,420.839997666315,8.57256889343261
186613.36,744.221381798992,404.946161455902,8.45520973205566
186640.45,740.540137689163,399.026167387214,8.59700202941894
186671.4,736.677440603361,400.054376181294,8.39750289916992
186725.15,731.900200094025,405.310644589065,8.477783203125
186750.74,730.135815380757,412.775601552062,8.36073875427246
186787.93,730.46045586879,416.69156074178,8.44777107238769
186816.58,731.748848399348,413.856090010008,8.40099334716796
186848.47,731.563126830783,412.043946073633,8.56395721435546
186887.14,731.820935822356,406.704875554864,8.57242584228515
186915.02,736.39240462857,399.060399987155,8.62798690795898
186947.24,741.137940824213,398.855302101732,8.72408866882324
186975.67,748.026444473878,402.562057616098,8.70732307434082
187009.15,757.711545663477,403.891027250903,8.71078491210937
187046.12,767.811616425725,403.280026583066,8.64821434020996
187072.95,777.969032602503,403.031490236376,9.01139259338378
187119.58,791.93051544366,401.899607701472,8.98744583129882
187155.55,810.086636056957,400.816653321447,9.21060562133789
187182.44,830.750256735962,396.657641348716,9.01662826538086
187222.92,851.035538954318,398.553284168738,9.37751770019531
187246.44,864.569784104756,402.923150181106,8.94882202148437
187282.47,871.992593602228,402.128451300737,9.27168846130371
187313.03,876.291992198572,398.475436642382,9.2449951171875
187343.49,873.976908485142,395.960672081304,9.1362190246582
187383.59,873.537247540435,392.712136833792,9.43058967590332
187408.28,876.313380517589,391.815225991245,9.20748710632324
187441.33,879.04228438883,392.164243173261,8.77956390380859
187471.8,877.432155726938,392.139722446699,9.14176940917968
187524.21,877.480378390411,395.997302482397,9.26485061645507
187554.43,873.4297402432,398.686541781238,8.91400337219238
187582.23,864.975486703059,401.455995672314,9.08698081970214
187620.82,855.145449828835,403.395367518328,8.88570785522461
187646.97,848.48110938202,404.873226180587,9.18725967407226
187680.6,847.554115223945,408.728585870344,8.84533882141113
187717.61,856.938498185104,430.992016054013,4.79467391967773
187743.61,820.341669515593,461.730600068119,0.297832489013671
187777.4,761.86564996108,498.295108026901,0.388755798339843
187810.91,679.98204620635,537.851192088543,0.229740142822265
187840.41,602.660008058425,571.881554058842,0.827436447143554
187873.83,549.822608536438,589.454895630814,0.665788650512695
187907.22,578.226938022577,588.573487665175,3.29526901245117
187952.88,655.54551583157,583.054435433244,5.50824165344238
187985.2,771.696360857434,572.793506691606,7.85247802734375
188016.53,881.004867084591,553.030337633565,7.98900604248046
188054.11,958.39401746087,525.035543675328,8.09466361999511
188081.01,996.519585419923,500.406098618198,8.37750434875488
188111.41,1005.08584896682,470.067911833803,8.3012580871582
188146.29,991.265028365387,443.994674191608,8.64383697509765
188176.65,973.837014873161,429.659514208377,8.68895530700683
188211.83,953.933045614723,424.299892716225,8.80674362182617
188242.35,940.181321710859,420.146758441039,9.06941413879394
188274.16,932.490207807074,423.738190919281,8.90398979187011
188302.79,930.70831359529,427.236062982189,8.8601016998291
188357.74,929.067584841128,429.077726089152,9.07567977905273
188387.7,926.928549918215,428.731301943958,8.87609481811523
188416.28,923.516388393253,427.354953567448,9.01044845581054
188451.49,916.754449499188,422.233082901534,9.20019149780273
188479.2,911.324418793643,415.1019476827,9.31245803833007
188510.96,903.781165034943,404.39964073139,9.12371635437011
188551.01,897.344672619002,396.431593167602,9.1365909576416
188577.2,891.100087151297,395.909248545495,8.88510704040527
188608.63,886.444379898445,396.026216076185,8.9216136932373
188643.23,881.80558537202,397.569554385681,8.9966869354248
188672.65,879.666295619017,406.384997176534,8.90321731567382
188710.84,875.392856382769,415.636466666634,8.82780075073242
188751.74,871.078028914559,418.228530360858,8.7875747680664
188788.26,865.798049239609,419.984273259241,8.79180908203125
188815.67,872.678357655068,419.646841961108,8.94092559814453
188848.26,886.416898314099,415.168595388901,8.94824981689453
188885.55,906.017077362207,411.021125682517,8.89486312866211
188912,930.114189408472,411.709574072923,8.90822410583496
188949.01,957.524658746142,417.354245919015,8.82699966430664
188976.03,971.491694676039,422.324205963486,8.85638236999511
189008.94,977.090268260769,430.214702167491,8.93488883972168
189043.45,978.135407101422,431.588453604376,8.89557838439941
189074.17,976.386522318114,428.630829722701,8.89308929443359
189104.68,973.646610111285,426.267852557797,9.02861595153808
189155.83,972.174912456509,428.62350637016,8.86041641235351
189186.86,975.555527382589,425.106664853008,8.81898880004882
189218.71,984.394431884781,422.273076400915,8.84662628173828
189247.31,993.770410264419,422.771436148053,8.93958091735839
189282.29,1003.97887858821,422.387265341936,8.81555557250976
189310.33,1013.46045772121,421.538689939943,8.72772216796875
189344.46,1013.25296078906,425.486855382219,8.74377250671386
189381.34,965.314491752271,428.989838358057,7.82252311706543
189408.34,859.700829606167,430.750325191079,7.61953353881835
189440.93,721.332745791379,429.695707758131,8.01401138305664
189474.11,567.5125928957,430.056630887875,7.97701835632324
189503.01,415.166298318919,430.54541810946,8.098726272583
189554.54,308.002811932495,434.710391254043,8.00620079040527
189587.13,264.537616230729,435.956539469624,8.16973686218261
189614.39,256.521960135394,442.494871330507,7.87837028503418
189648.77,263.993361117866,446.610513566352,8.3668041229248
189683.17,277.369126377415,448.158219012388,8.34528923034668
189716.44,288.06853018553,447.210225119879,8.28320503234863
189742.8,292.264089788954,448.652933017973,8.31547737121582
189780.28,296.43957987678,445.504574168568,8.51746559143066
189806.55,301.77693049555,442.97816967243,7.93418884277343
189845.5,308.097867705921,442.381955992692,8.27865600585937
189874.54,315.164455923604,449.248503995338,8.08379173278808
189903.85,328.028855106662,453.282826379722,8.29585075378418
189956.87,333.78947660378,460.754937835121,8.03747177124023
189982.89,343.912958911045,464.601018777796,8.1566047668457
190016.33,353.425938676576,466.131404760579,7.81642913818359
190052.77,363.873872702814,462.016034262653,7.99713134765625
190081.06,374.54220171371,459.380925409493,7.93167114257812
190112.03,387.998023869537,459.406763503221,8.17694664001464
190147.51,399.356264672802,459.93565750768,8.1430435180664
190176.4,410.341772621708,460.792392255572,8.13986778259277
190215.78,423.777659980007,461.974515556548,7.97224044799804
190240.89,433.862691824828,470.182426591351,7.90889739990234
190270.79,448.852943409246,469.746909244796,7.90102958679199
190302.31,459.292828598869,473.133715028378,8.24086189270019
190350.34,471.509490645608,474.951192666376,8.07583808898925
190390.36,477.319677227644,478.045221334571,8.13666343688964
190415.28,482.100553923271,477.37047959018,8.01961898803711
190447.1,477.324210178623,479.602171752143,8.08505058288574
190484.41,455.989022296717,479.990757507465,8.36726188659668
190512.3,423.405836145488,479.651659502713,8.16564559936523
190545.36,388.695621929035,477.584194482959,8.17502975463867
190579.44,352.033563303377,471.753156389817,8.02579879760742
190608.72,318.727734463548,468.114119432552,7.74198532104492
190639.32,304.779309601943,463.918469825522,8.19497108459472
190674.64,300.673478571024,464.819971207647,8.05658340454101
190706.66,306.726645039526,466.974649680468,8.28223228454589
190755.63,314.217824329334,473.11897186126,8.20999145507812
190783.15,328.323865529514,475.037833454334,8.1756591796875
190816.56,338.84091955635,478.848914419642,8.33613395690918
190846.85,360.226602110324,478.700141989325,7.97478675842285
190886.4,391.743340252652,480.204132234309,8.12544822692871
190913.11,429.954466577788,478.362847084501,8.12453269958496
190944.18,465.942309550646,480.255298603062,8.10461997985839
190977.52,506.720777520283,478.062573454266,8.04333686828613
191008.38,535.363108020438,475.344887928973,7.93212890625
191042.05,559.930269988797,472.317048480708,7.80996322631835
191076.16,588.289437437741,476.37438691509,7.96111106872558
191102.31,619.203474016082,477.239325763788,7.81946182250976
191152.67,652.340053652809,485.594060889192,7.99498558044433
191186.7,687.783180113107,498.79159797635,7.92632102966308
191219.31,711.354756003049,510.038969135584,7.94697761535644
191246.81,719.247406658122,516.189941527465,7.82509803771972
191281.78,726.5323485973,521.879358589688,7.94966697692871
191311.68,731.783964836474,521.557315793803,8.01306724548339
191347.38,734.617506208866,517.237628076713,8.07077407836914
191380.35,742.149809399506,513.705667121622,8.08310508728027
191406.74,753.749861306547,508.971466357884,7.89175987243652
191440.76,762.299072420282,509.086235889317,7.82155036926269
191471.83,771.628089241808,513.712990293505,7.77442932128906
191509.17,784.078032370523,521.643636632189,7.94626235961914
191554.8,795.776433177015,523.580089654757,7.72604942321777
191584.25,808.396852872126,526.924444341387,7.98608779907226
191617.38,820.526936272288,529.854906527012,7.89819717407226
191647.53,836.32503099459,532.243155894681,7.72676467895507
191679.99,851.501802430527,528.949339035227,7.68227577209472
191719.22,868.296602791931,527.430938858835,7.98628807067871
191746.01,885.18267285016,523.603994842627,7.70462036132812
191774.91,902.864584876131,517.419959765379,7.70198822021484
191808.33,921.739529605448,514.498862084888,7.73045539855957
191843.75,941.872827342987,517.263656094047,7.24682807922363
191874.54,953.890848475016,529.541297995846,3.33998680114746
191904.28,935.281944616471,541.755928938971,0.31534194946289
191952.73,883.24001513989,558.54465738965,0.656261444091796
191984.11,796.004955740036,569.460048201152,0.0953865051269531
192018.61,687.113213278254,576.791445063725,0.602102279663085
192050.69,579.665383748322,577.606038062898,0.0381660461425781
192083.28,500.070455490392,583.094434009237,0.246505737304687
192113.23,449.409714456884,589.761649224787,0.24209976196289
192143.9,425.5206393148,600.315721772945,0.731477737426757
192180.62,417.35410481018,613.232942202724,0.804147720336914
192213.48,408.255492279028,631.146595478818,1.20672225952148
192239.65,397.933178272972,644.185804082364,1.90635681152343
192276.31,383.320815701174,656.326759259665,1.67798995971679
192303.79,368.172966304798,664.603324213395,2.13369369506835
192357.72,358.936744894823,675.296962945262,2.21076965332031
192389,351.531042137936,677.704095390934,1.91851615905761
192416.17,347.274303987894,685.980120140416,2.17022895812988
192450.61,345.442633126751,683.945848897395,2.06917762756347
192479.27,346.421601629856,687.557552662287,2.20613479614257
192512.85,341.679557390293,682.93792254111,1.86149597167968
192549.58,353.655760192097,680.211692907903,2.62404441833496
192578.4,401.96555827258,669.166680457236,3.23713302612304
192608.97,492.318596571297,660.174269148467,4.30967330932617
192640.1,605.56799706838,634.834814954049,5.57687759399414
192676.11,737.37767943471,612.6341463522,5.51413536071777
192706.91,856.201006096585,588.272192383749,6.45566940307617