time,x,y,left_dist,speed,x_speed,flag
365867.0,313.576770408538,375.839456827592,10.3253173828125,,,0
365905.43,326.121857677351,375.122569270638,10.4174995422363,2.3987030815460955,326.4399497479908,0
365931.47,341.039948943669,374.322289101644,10.4563236236572,1.4909401467331589,572.891369674732,0
365963.38,354.655856966676,371.307216057012,10.413007736206,-1.3574392808259497,426.69721162623364,0
365999.01,359.936795644212,372.121642048392,10.4955196380615,2.315798536499858,148.21607290303905,0
366027.92,357.187245323297,373.080504572161,10.5650424957275,2.4048031015586724,-95.10724043297866,0
366084.86,353.07519629607,375.174922558817,10.2439498901367,-5.639139543217205,-72.21722913991704,0
366107.86,347.630048416278,373.431030862182,10.468053817749,9.743649026621789,-236.74555999095605,0
366140.74,341.698902591467,371.965664170058,10.7183933258056,7.613731996854146,-180.38764673996786,0
366171.81,336.864975763862,368.816508482144,10.6567955017089,-1.9825498582776113,-155.5818097072393,0
366205.44,336.199090551284,363.288534451195,10.4969501495361,-4.753058345904785,-19.80033340998889,0
366239.49,335.658957004653,359.039585060303,10.8338928222656,9.895526365040073,-15.862952911340363,0
366273.33,335.326858510652,355.472188119891,10.6228351593017,-6.2369285745786405,-9.813785283710128,0
366301.09,336.23635069527,353.60079617134,10.6114482879638,-0.41018988969364867,32.7626867657667,0
366331.24,336.747346689626,353.626552347031,10.5914211273193,-0.6642507676458532,16.94845752426488,0
366365.27,337.104100481818,357.588069835971,10.5484199523925,-1.2636254753677678,10.4835084393691,0
366401.9,336.815326971239,360.340928387366,10.4792118072509,-1.8893842517496857,-7.883524722330575,0
366430.38,336.248618280669,364.676466818419,10.3500366210937,-4.535645581365323,-19.898479303735286,0
366476.15,334.15122481823,369.337552447884,10.4907989501953,3.075427771499727,-45.82463321909901,0
366513.13,335.812172953231,371.765414071507,10.5656433105468,2.023914557910709,44.914768388368635,0
366541.4,341.198785037762,370.306689300496,10.5586051940917,-0.24896061036776018,190.54163723124879,0
366574.36,348.770540685782,367.734327399146,10.3821372985839,-5.354001684101873,229.7255961173722,0
366603.54,359.839624726104,366.425661538853,10.5691051483154,6.407397180656044,379.33804113518227,0
366639.0,371.431006516891,363.088623566846,10.4221630096435,-4.143884339306628,326.88611931134125,0
366668.19,380.702143647912,361.08221103983,10.7315254211425,10.598232665261243,317.61346800343546,0
366699.74,383.381712582706,361.551582429235,10.5933380126953,-4.379949554587983,84.9308695656086,0
366737.05,384.651668233276,360.768938962098,10.6286430358886,0.9462616776548636,34.03794292602763,0
366764.62,387.529718174334,359.965999991015,10.4174995422363,-7.658450984847574,104.39063986424665,0
366797.53,392.008850186445,360.165147056765,10.4180717468261,0.017386951984216067,136.102461625845,0
366833.61,396.408868514336,360.880049932675,10.2766227722167,-3.9204261255422934,121.95172749157787,0
366877.82,405.080073403273,360.110036196184,10.6942176818847,9.445711596195494,196.1367312583776,0
366909.96,413.633865806643,362.590011141324,10.3274059295654,-11.412935666432514,266.141642917432,0
366946.46,418.656669742569,364.253638303722,10.2154827117919,-3.066389528041087,137.61106673769999,0
366974.33,419.409468391309,365.217251146521,10.5900764465332,13.440751156848307,27.011074587015532,0
367005.57,418.326736522599,368.085560880074,10.5895042419433,-0.01831640812736836,-34.658510522098275,0
367037.26,418.249660278086,373.723418565973,10.6430625915527,1.690070987989774,-2.4321945254957584,0
367070.22,418.281066932121,378.072099071811,10.6064701080322,-1.1102088446766403,0.9528717850429862,0
367104.49,417.222639732188,381.522430856675,10.4407882690429,-4.834602830149121,-30.88494893295728,0
367132.81,418.973723915818,382.624384042056,10.3935241699218,-1.6689300537107141,61.832068630989035,0
367162.95,416.786645164975,377.84189172749,10.4965782165527,3.4191787203335258,-72.56399306045077,0
367196.72,407.529956660912,370.207505009033,10.4872798919677,-0.27534274755732646,-274.1098165257299,0
367234.02,395.738633439068,361.688407515569,10.3914642333984,-2.5687844120423806,-316.1212660007845,0
367276.27,384.249774984502,353.008666710587,10.4790115356445,2.0721254969490905,-271.92564389505355,0
367310.52,370.820380954453,347.500562240614,10.5586624145507,2.3255731067503724,-392.09909576785304,0
367344.69,361.259081624424,344.175635732138,10.5502796173095,-0.24532622889096511,-279.81560813677345,0
367372.42,359.001284553798,341.699503439263,10.7670021057128,7.815452160239681,-81.42073821231774,0
367407.69,372.729826377153,343.361756508709,10.7691192626953,0.060027133045050085,389.24133323923434,0
367440.16,395.905190693525,347.362084919284,10.6299877166748,-4.284925963061916,713.7469761746823,0
367467.53,427.375584795673,352.325187924764,10.5939674377441,-1.316049650370081,1149.8134491080157,0
367500.91,460.840516883644,354.77432248319,10.737018585205,4.2855346752884875,1002.5444004800693,0
367534.96,492.919960888891,355.314172668203,10.8241367340087,2.5585359413680218,942.1275772453199,0
367567.9,518.70878784955,350.617525770065,10.4233932495117,-12.165861703004635,782.9030649865578,0
367595.57,543.701177147119,343.272560325992,10.4580974578857,1.2542178667878854,903.2305492440787,0
367632.25,566.51480546246,334.761950517508,10.6424617767333,5.0262900449192,621.96369452959,0
367675.2,589.68307409511,328.031458326032,10.5694770812988,-1.6992944222230792,539.424182366559,0
367708.73,612.943273856165,322.775238519702,10.7347297668457,4.928502402238266,693.71308562708,0
367742.29,628.843098418538,319.316657824647,10.7025432586669,-0.9590735452563166,473.77307992771625,0
367774.23,634.540414115563,316.504963900008,10.5329132080078,-5.310897014999605,178.37556972525059,0
367804.61,634.387721002486,313.915381349186,10.4411888122558,-3.0192361998678487,-5.026106421227246,0
367836.81,630.453734159869,315.894358464795,10.7438278198242,9.398726943114566,-122.17350442905706,0
367870.09,621.964439365435,320.926166427347,10.8839893341064,4.211583962802952,-255.0869830056131,0
367906.16,612.603800389146,327.638641189429,10.6541633605957,-6.371665470225283,-259.51314045750775,0
367932.28,604.724565033628,336.830409057452,10.7419395446777,3.360497093484728,-301.6552586333043,0
367964.51,597.111404725368,345.622915334557,10.6702995300292,-2.222774267717743,-236.21347527969084,0
367999.67,591.963374039975,350.060636620815,11.0254096984863,10.099834142700775,-146.4172549885309,0
368028.93,589.330826204873,351.255165703351,10.795841217041,-7.845812762994771,-89.97087611418686,0
368062.25,585.955994216877,346.998047328966,11.0602569580078,7.935646487597389,-101.28547382939064,0
368112.86,584.015231002354,338.344688691951,10.663719177246,-7.835166582926496,-38.34742569696832,0
368140.25,584.280812603496,329.755670659728,10.6193447113037,-1.620097332686261,9.69629796063773,0
368171.02,584.079941651195,321.416848664135,10.7021141052246,2.689938053976279,-6.528142746209515,0
368207.63,588.871245596789,313.900040902215,10.4355525970458,-7.28111194151602,130.87418589445025,0
368240.06,597.846958116081,310.424478035483,10.6132507324218,5.479436798521059,276.77189390360803,0
368267.6,605.888834052726,309.170998076226,10.4660511016845,-5.344939387705633,292.0071146205904,0
368305.23,613.688557412075,312.550878041183,10.7134437561035,6.574346383709002,207.27407279691982,0
368333.4,621.160393969753,318.817997877704,11.0010623931884,10.21010426284958,265.2409143651712,0
368364.42,619.002937680155,326.656035928939,10.7396793365478,-8.426275197966913,-69.55049289493176,0
368402.68,610.192064837086,337.533533191863,10.7862281799316,1.2166451485569365,-230.2894104303929,0
368429.83,597.683250615635,347.85109732849,10.6526470184326,-4.920116445631153,-460.72980557791334,0
368458.44,582.550630527085,358.835899670752,10.8515167236328,6.951055756738824,-528.9276507709668,0
368513.22,569.217112216227,365.119749477146,10.2526473999023,-10.932262207572684,-243.4012104940746,0
368539.4,561.070629852907,367.931165594476,10.6787109375,16.27439028253885,-311.1719772079448,0
368573.76,557.66275801396,366.675723554195,10.6741333007812,-0.1332257485099418,-99.18136900315491,0
368609.71,557.527649330688,366.019636313889,10.8079719543457,3.7229110866329895,-3.758238755827745,0
368636.12,559.270268249685,362.924467146191,10.5049324035644,-11.474424490026264,65.98329871256287,0
368668.01,561.244729046894,362.272695117547,10.5367469787597,0.997634844631111,61.91473180332699,0
368705.69,562.804240354241,363.449897065078,10.6541633605957,3.1161460147564073,41.38830433511786,0
368737.54,573.654457564561,369.976711565293,10.5178356170654,-4.280305919321813,340.66616044985693,0
368763.46,601.108547427806,375.599466646506,10.4341793060302,-3.2274811356120225,1059.1855657099013,0
368800.21,636.582761746832,375.598752451562,10.3880882263183,-1.2541790397795878,965.2847433748581,0
368828.34,671.116208359222,373.408556729944,10.5564022064208,5.9834333488258835,1227.637632861154,0
368859.34,706.751854003716,372.751910037502,10.5332851409912,-0.7457117880516277,1149.536956273998,0
368914.25,734.761225323461,366.445280991584,10.3875732421875,-2.653649586664874,510.09599926712946,0
368941.19,744.287902827951,356.570356126236,10.6721878051757,10.564757349226984,353.625742557136,0
368971.39,743.094993812013,348.203786447693,10.2807426452636,-12.961760261985027,-39.500298540980964,0
369002.88,743.019951045807,341.018780970852,10.2867794036865,0.19170398294383328,-2.383066567352594,0
369038.01,742.558484072849,331.751997179562,10.0792694091796,-5.906917008450679,-13.135979873555852,0
369069.67,750.478597395334,328.144589116833,10.4546070098876,11.855262182826992,250.16150734338012,0
369105.22,766.375917530876,326.576977726799,10.3738117218017,-2.2727225903214245,447.18200099992225,0
369133.14,788.473588525499,330.779795876762,10.537691116333,5.869605821312877,791.4638608377468,0
369164.57,812.004438827782,331.330387484693,10.4909133911132,-1.4883145154251216,748.674842579961,0
369200.24,835.358793144713,333.040634252189,10.4710006713867,-0.5582483803338779,654.7337907749276,0
369232.6,846.295828873147,329.825352241934,10.4429340362548,-0.8673249422716934,337.9800904956345,0
369259.74,848.899825166077,326.473838142159,10.4078292846679,-1.2934691078438387,95.94680519265481,0
369313.38,848.412342958531,321.22403320215,10.444164276123,0.6773861195952975,-9.088035189147686,0
369339.12,845.997287133946,321.835659389042,10.4390716552734,-0.1978485178555686,-93.82501261017423,0
369372.45,843.692682803049,321.090750171266,10.2724742889404,-4.998420832070784,-69.14504443131783,0
369410.68,845.589985914668,320.240313466026,10.5474185943603,7.19184685901215,49.62864534710639,0
369434.55,850.419719824632,323.216553756387,10.4173851013183,-5.447569880269152,202.33489358881343,0
369467.24,853.012280793813,325.003933786572,10.4391574859619,0.6660258379809588,79.307463113516,0
369503.7,853.594084223814,322.763103572892,10.4575824737548,0.5053479921253122,15.95730746024716,0
369532.81,854.23788923595,324.712647471326,10.3420543670654,-3.9686742249898757,22.11628348115109,0
369571.42,852.799183029878,327.93779288625,10.4816150665283,3.6146257307161815,-37.262527999805506,0
369597.01,851.709856495786,328.00967871478,10.2519035339355,-8.976613231440803,-42.56844603716091,0
369628.75,852.743342219877,326.40889769996,10.3961277008056,4.543924602083861,32.56098689638842,0
369661.62,855.111042041641,332.53884332268,10.2693557739257,-3.85676686583263,72.0322428282411,0
369710.76,857.704846521383,339.478827384547,10.1175212860107,-3.08983491890429,52.78397394670989,0
369742.59,859.922779452619,350.34860755961,9.66316223144531,-14.2745540234105,69.68058219399398,0
369774.42,863.600753850712,369.320532655123,9.74916458129882,2.701927422356951,115.55056230278934,0
369807.12,876.707090624251,394.763439440324,9.19878959655761,-16.831039288716,400.80540591848285,0
369837.13,897.293608787044,417.836590659026,9.36318397521972,5.4779866265264365,685.9886092231469,0
369869.82,922.397647600275,435.561307534889,9.18574333190918,-5.427979299801993,767.942453754335,0
369906.35,947.117737224493,446.718779138523,9.27789688110351,2.522681335735203,676.70653228137,0
369933.1,969.267992966766,449.352772241789,9.50620651245117,8.534939489632142,828.0469436363729,0
369965.93,980.584802825275,444.481316869246,9.55026626586914,1.3420576734069039,344.7094078130799,0
369996.91,982.818488021564,435.415090521186,9.51224327087402,-1.2273400579452423,72.10087786605375,0
370028.84,980.167007732748,423.463734675014,9.62159156799316,3.42462565358488,-83.0404099220735,0
370065.72,977.142539067055,414.008005809259,9.74701881408691,3.4009556966901338,-82.00836946033853,0
370107.83,974.672638018707,408.178690910905,9.7393798828125,-0.18140420979345726,-58.65355137367636,0
370144.75,972.768838767456,405.60637565344,9.65160369873046,-2.377469774704195,-51.56552684863913,0
370175.11,973.512414368515,402.873550362555,9.41762924194336,-7.706668537128069,24.49194996901583,0
370203.83,974.599766474726,402.590343100869,9.65303421020507,8.19655181968878,37.86044938056694,0
370243.96,976.976496557619,401.155034610554,9.86732482910156,5.339910762433756,59.22576832526113,0
370269.36,977.621966171433,397.806772796455,9.89516258239746,1.0959745392101068,25.412189520268395,0
370301.8,978.503513979256,393.465066912992,9.92411613464355,0.8925262714577102,27.174716640658957,0
370332.9,978.00580417378,390.561562431888,9.78501319885253,-4.47276320870942,-16.003530722683195,0
370368.83,977.185410208443,388.574550601222,9.99249458312988,5.774600174711645,-22.83311899073535,0
370400.18,977.48319562362,386.827159035056,9.89410400390625,-3.1384554776300586,9.498737326224532,0
370427.9,981.844581194228,386.671815655118,9.88420486450195,-0.3571118111215591,157.3371417966549,0
370462.58,986.018767510525,387.604218294775,9.79379653930664,-2.6069297922528016,120.36292722888763,0
370510.07,991.032390667769,389.097049681735,9.98894691467285,4.109294069619866,105.57218692872294,0
370538.78,995.367858296443,388.246518635432,10.0114917755126,0.7852616105793503,151.00897348209097,0
370577.81,997.909320561176,383.237790031795,10.0707721710205,1.5188418013822005,65.11561016486985,0
370605.65,997.719217956742,378.233983502201,9.96660232543945,-3.741732959086038,-6.828398147764767,0
370635.44,997.747155617788,373.262673668422,9.81390953063964,-5.125639301776348,0.9378201089651816,0
370671.58,996.63765772765,368.570223014263,9.96236801147461,4.107871633506155,-30.699996960089763,0
370699.21,994.580122964202,362.764173544934,10.105504989624,5.180491427772958,-74.46741814866502,0
370739.36,991.569771298787,363.048096454822,10.2305889129638,3.115415276211909,-74.97762553966639,0
370765.6,989.636021208178,360.117925328962,10.1907920837402,-1.5166474551681854,-73.69474430677197,0
370794.96,987.10943558433,358.546221692123,10.0939178466796,-3.2995312350290944,-86.05536865954554,0
370827.39,986.128135097903,358.040961427286,10.0065422058105,-2.6942843314560156,-30.259034425751302,0
370863.33,984.80830587727,358.912923706121,10.167818069458,4.487364041388134,-36.72312800870925,0
370911.27,946.258215049474,363.661104766187,9.76412773132324,-8.420741304437644,-804.1320573173576,1
370940.06,854.191076326408,371.693650208705,10.1243305206298,12.511385526461309,-3197.8860272015604,1
370971.16,734.215127468418,377.792550674409,10.8259105682373,22.558843974534575,-3857.747551706748,2
371007.37,599.820225842726,381.923451009898,10.9969425201416,4.72333476675508,-3711.541055664574,1
371036.45,465.109890015729,387.553577482631,10.8916854858398,-3.6195678920818932,-4632.404945905142,1
371069.83,369.311765952417,389.101014640707,11.0882091522216,5.887467536901528,-2869.925825742919,1
371105.0,329.259047079497,385.422369102756,11.0059547424316,-2.3387662721079927,-1138.8319270099098,1
371132.3,318.41396388643,379.402717719183,11.1118698120117,3.8796728783935754,-397.2557946180087,1
371166.26,320.320928891898,373.056075026207,11.0060405731201,-3.116290897866151,56.15326871221534,0
371200.17,327.221526114209,372.45247057823,10.9795761108398,-0.780432388095549,203.49741145137685,0
371232.58,333.561303842035,368.468001242528,10.720796585083,-7.984558030130774,195.6117780876158,0
371259.44,337.082193713878,369.367484455383,10.8277416229248,3.9815725183117747,131.08301831142322,0
371311.28,339.900473928292,372.41143136627,10.8380985260009,0.19978593896789554,54.36497327184847,0
371339.56,342.509125079491,374.715925352818,10.8382987976074,0.007081739975268526,92.24367578507088,0
371372.19,341.691867116674,371.144759571927,11.0377979278564,6.113978861445606,-25.046213999904353,0
371410.08,341.58416401923,368.894486291904,10.9327983856201,-2.771167649413064,-2.842520386486582,0
371436.5,338.186620837906,365.907470336854,11.1583614349365,8.53758702939213,-128.59739520537875,0
371467.52,339.418917705397,362.666734736719,10.879783630371,-8.980586865420163,39.72588225307143,0
371502.06,346.174270544556,361.195734627749,10.9650707244873,2.4692268128648376,195.5805685918674,0
371532.5,356.89519076946,361.787617139712,10.7121276855468,-8.30956106900393,352.1984305158724,0
371566.81,368.346634591352,363.320011422338,10.8043098449707,2.686743206759121,333.7640286182677,0
371596.28,384.496847510493,366.854469748169,10.6555652618408,-5.047322128596743,548.0221553825739,0
371630.2,395.925708394163,369.134244204581,10.7134437561035,1.7063235336888762,336.9357571838289,0
371660.39,402.948798189983,369.885260693375,10.8221054077148,3.599259742010312,232.6296719383722,0
371711.6,405.358619187651,370.414503283766,10.8801555633544,1.1335707018090746,47.05762541827327,0
371744.32,409.6221531713,373.023215453124,10.7329273223876,-4.499640616340594,130.30360585712225,0
371772.63,418.886076989964,373.273448401444,10.7104396820068,-0.7943355839209053,327.2315018956119,0
371805.8,431.917656857089,378.552533459478,10.6718158721923,-1.164419952201389,392.8724711224422,0
371839.14,444.10270971254,384.353590615651,10.5008125305175,-5.129074435352969,365.4784899652554,0
371869.72,459.999942246207,390.140046040571,10.5121421813964,0.37049218047470395,519.8571789957099,0
371903.31,471.200812372972,393.599545303577,10.3571033477783,-4.615624698362069,333.4584735563097,0
371935.26,475.199484975495,395.960799322135,10.7729244232177,13.01474414520339,125.15407206640245,0
371966.1,476.828987535665,397.303245871857,10.5357456207275,-7.690622648847318,52.83730739856461,0
371995.61,477.579869099611,400.800786693819,10.7141876220703,6.046831628015716,25.444986917850166,0
372032.54,473.475499489011,400.487113768535,10.9350299835205,5.980026034395949,-111.13917169241287,0
372062.92,470.095729862347,398.782324244773,10.797414779663,-4.529796045341637,-111.24982312914594,0
372114.27,465.866867296164,397.457306230237,10.5340576171875,-5.128669181603146,-82.35370138617594,0
372142.39,460.739762019034,394.188268093464,10.5956840515136,2.1915517185672484,-182.32949065187938,0
372172.49,457.626911877729,388.563323384305,10.5088233947753,-2.885736104264717,-103.41694821619258,0
372207.78,458.955650522664,385.822314717213,10.6289291381835,3.403393125760068,37.65198767167911,0
372239.25,465.478945336803,384.125045458611,10.1390075683593,-15.567892272787866,207.28613962964175,0
372273.56,489.555932888158,383.224722439988,10.0743770599365,-1.8837221924454806,701.7483984656551,0
372299.91,523.564646480194,381.574101724254,10.1780319213867,3.9337708330281007,1290.6532672510846,0
372334.5,560.044017016186,380.25569657566,10.3814220428466,5.880026639483953,1054.6218715225484,0
372367.62,594.123664048956,380.579773702967,10.2507591247558,-3.945136415785549,1028.9748500233943,0
372401.93,624.984285420422,381.202897680788,10.4847335815429,6.8194245638914195,899.4643360964174,0
372429.03,637.236008285254,382.035544083401,10.6387424468994,5.682983961487155,452.09309464266477,0
372459.59,638.249908534476,382.299496062744,10.7952404022216,5.121006391433633,33.17736417611663,0
372511.24,633.970301403036,384.531673273572,10.28657913208,-9.848233691034729,-82.85783410344426,0
372541.45,628.989934400691,384.590444192243,10.4419612884521,5.143401402581686,-164.85822583057148,0
372575.18,621.172540018848,385.905134363729,10.2233219146728,-6.482044879318742,-231.76384173872785,0
372608.62,617.075190845739,387.379338511422,10.3009700775146,2.322014439048894,-122.52838436329958,0
372635.55,613.330511759648,390.066903175344,10.1668167114257,-4.981558339730253,-139.0523240286689,0
372668.18,610.266678518891,390.443000089025,10.5322837829589,11.200339305337089,-93.89620719449887,0
372703.06,607.682673777409,392.346897501894,10.0542068481445,-13.706334140319317,-74.08270474431282,0
372736.2,606.86532469432,392.627333908711,10.2811431884765,6.847807493418991,-24.663520913963175,0
372764.62,604.186134661249,392.644206475735,10.0890827178955,-6.757933517984158,-94.27128898918126,0
372800.92,612.521647012829,390.577185173247,10.0196170806884,-1.9136539175515925,229.628439437541,0
372829.44,633.562969001307,389.981407034331,10.2248096466064,7.194690249574506,737.7742632701348,0
372859.91,661.735468031972,389.005849723552,10.068941116333,-5.115475230506772,924.5979333997645,0
372914.71,690.800038765146,388.741174677802,10.0916004180908,0.4134909079887009,530.3753783421412,0
372940.54,722.251701508728,388.620893684905,9.98991966247558,-3.9365371899103807,1217.6408340547052,0
372972.8,743.633757909876,392.90589515178,10.1807785034179,5.916269093064592,662.8039801965818,0
373005.28,751.330614271509,397.849372280984,10.5451297760009,11.217711594290538,236.97217862141937,0
373037.58,750.477647051369,403.192227411955,10.3135585784912,-7.169386919807534,-26.4076538743143,0
373075.91,758.282477188413,408.169962144303,10.367088317871,1.3965494229026312,203.6219707031724,0
373102.27,772.771992133786,412.42564750824,10.3790473937988,0.45368269832245944,549.6781087006287,0
373131.73,792.10071546675,412.932847797642,10.0623035430908,-10.751658204629988,656.1005883567035,0
373168.91,817.809009485352,412.186329601079,10.2944755554199,6.244540406916175,691.4549225015294,0
373197.05,847.11525478356,410.701407565755,10.2686977386474,-0.9160560331374279,1041.444395813554,0
373230.55,866.500031672299,406.353188924136,10.1030445098876,-4.944872500292571,578.6500563802686,0
373260.1,878.685404576151,403.772346585886,10.1332569122314,1.022416322971629,412.36456527434177,0
373311.14,884.310833752695,402.247544833774,10.3012561798095,3.291521700195484,110.21608888205128,0
373339.83,887.417310238404,401.012514828428,10.1035022735595,-6.892781674799022,108.27732609650502,0
373375.59,890.511041807946,400.183749013198,10.4337501525878,9.235119659625692,86.51374635182314,0
373408.49,891.021121812333,402.48388670399,10.297679901123,-4.135873904709538,15.503951501143439,0
373437.44,889.35573523227,401.293924999743,10.2817153930664,-0.5514510554955139,-57.526306737904335,0
373471.84,888.244339122249,400.435570856057,10.4143524169921,3.8557274396980104,-32.30802645407753,0
373499.51,895.680508922351,399.740504074774,10.1672458648681,-8.930486162780841,268.7448427938697,0
373532.51,905.874916170319,398.709523516346,10.1353168487548,-0.9675459428272967,308.9214317566061,0
373570.44,920.018060484653,397.935489762924,10.2313899993896,2.5329066869185035,372.87488305659366,0
373597.62,938.262121879199,400.418222557703,10.2678680419921,1.3420913393123384,671.2311035522679,0
373629.23,957.11578384441,400.871983392738,10.1780319213867,-2.8420158369326463,596.4461235437947,0
373664.83,967.491662252618,400.27488518996,10.3622531890869,5.174754710674717,291.45725865724205,0
373709.56,973.983144664522,399.55666877736,10.1970291137695,-3.693808971997974,145.12592023042106,0
373748.17,978.819963548117,398.061030193696,10.3564453125,4.128883676005139,125.27373435889058,0
373773.46,980.807027423047,395.381983936736,10.2878665924072,-2.711693163016966,78.57112989035318,0
373804.19,983.300706876339,393.303256328425,10.2000045776367,-2.859160910203513,81.14804599067642,0
373841.1,985.914980435256,391.009114994646,10.1676750183105,-0.8759024472018682,70.82832725328768,0
373867.88,987.580353548216,388.97457774147,10.1643562316894,-0.1239278051193948,62.18719615228647,0
373903.12,990.510005980553,387.598452844425,10.2711009979248,3.029079632106349,83.13429149653426,0
373933.29,994.549754917207,386.705000332179,10.1113986968994,-5.2934140213949545,133.8995338633123,0
373966.32,997.884846586803,386.240784726831,10.0028228759765,-3.287188038837653,100.97159157109091,0
374001.4,999.767012068338,386.567665417459,10.1157188415527,3.2182430323873388,53.653519998122896,0
374028.56,1001.36680076665,387.075823304085,9.9283218383789,-6.899742384903468,58.90238211758382,0
374063.08,1000.90351928619,387.602066406423,10.1598930358886,6.708319742455873,-13.420668611234602,0
374111.43,999.315893972796,388.294960266902,10.0911712646484,-1.4213396326832206,-32.83609748489747,0
374140.1,999.467193065826,389.023595626392,10.0177574157714,-2.5606504665867122,5.277261703178707,0
374175.32,999.672998904764,389.70578819197,10.1010417938232,2.364689893575443,5.843436653543435,0
374203.91,998.871156514548,390.019528514411,9.96402740478515,-4.79238856377078,-28.04625359275455,0
374240.21,998.943952806155,390.238921310428,10.3968429565429,11.92329343683733,2.0054074822840806,0
374271.57,998.909312333125,390.167453813705,10.1683044433593,-7.28758013978638,-1.104606920603,0
374302.4,998.405309607496,390.187157811,10.088882446289,-2.5761270538520296,-16.347801674626233,0
374333.48,997.56821101889,390.068510300996,9.84352111816406,-7.894508626939205,-26.93367402210692,0
374369.34,997.797531945871,390.473182618748,10.1912212371826,9.69604347512855,6.39489478473884,0
374400.15,998.667655141189,390.384477920629,10.2495574951171,1.893419601898911,28.241583749369266,0
374427.33,998.581852591865,390.630207085588,10.0875663757324,-5.9599381672090335,-3.1568266859484755,0
374463.24,997.4298622115,390.454148445007,9.98628616333007,-2.820390208922405,-32.07993261948721,0
374508.61,996.529763456449,390.368887071689,9.84437942504882,-3.1277658867371514,-19.839073287438143,0
374544.11,997.400684488861,389.778685888042,10.1090240478515,7.454778107117778,24.532986828505827,0
374576.44,997.321090104547,389.362366928484,9.70719337463378,-12.429034123647313,-2.461935796904541,0
374604.33,998.44274878515,388.998424260369,10.1780033111572,16.88095864192126,40.21723487280133,0
374634.44,974.490412466647,391.7011818651,9.82229232788086,-11.81371581788461,-795.4943978251137,1
374672.35,899.414333483794,397.799722475391,9.8195743560791,-0.07169537857455618,-1980.3766547851124,1
374702.5,788.241671202686,398.84803414148,10.4831027984619,22.00757686176742,-3687.3188152909515,2
374735.4,658.866008369602,400.812445920246,10.7930946350097,9.422244271962937,-3932.390967568159,1
374765.73,521.034931943277,400.66852665103,11.0557651519775,8.660419286784142,-4544.3810229645715,1
374799.39,406.909037830278,399.074104942329,11.1172485351562,1.826600807446249,-3390.549438885576,1
374827.55,343.66688420205,392.81128585658,11.2045955657958,3.1018121676022696,-2245.8151146408204,1
374864.22,317.839948684303,393.395405418995,10.9751415252685,-6.257268626326782,-704.3069407624351,1
374912.1,311.277808283864,391.714629941956,11.4686107635498,10.30637506853074,-137.05389307515446,1
374940.03,316.971392578754,393.098491772912,10.8791828155517,-21.103757536592166,203.8519260608507,0
374975.22,323.97687416328,392.367575046905,10.9796047210693,2.8537057549804117,199.07591885584392,0
375008.53,333.040803086296,392.132513650271,11.1173057556152,4.13392478371868,272.10834353049586,0
375036.8,338.973639321276,389.999929588565,11.3160896301269,7.031619190377699,209.86332631723616,0
375071.41,345.406900461467,391.351618565369,11.0242366790771,-8.432619215542248,185.87868073370714,0
375100.84,346.269007037317,390.242486356931,11.3710212707519,11.783370427257756,29.293461632637456,0
375132.99,347.408783165817,391.832578855332,11.2274837493896,-4.464619638023493,35.451823592573156,0
375167.49,347.72514579122,392.73041277083,11.3068485260009,2.3004283075739043,9.169931171100686,0
375197.32,348.602681127636,393.506485767355,11.064977645874,-8.10830975952959,29.41787919596217,0
375231.1,348.752220521294,394.57895089687,11.1112976074218,1.3712244389532728,4.4268618608096855,0
375263.46,348.827152162984,396.404914327394,11.2529754638671,4.378178505720222,2.3155637110598786,0
375310.68,349.38675921877,398.156131943317,11.134614944458,-2.5065760145948706,11.851060054771708,0
375340.14,348.907437013323,400.520379080609,11.181936264038,1.6062905492181365,-16.270271739534707,0
375375.62,348.76256863231,402.746702141238,11.0115051269531,-4.803583345123732,-4.083099803074235,0
375407.9,346.451459091347,402.678112936907,10.9525680541992,-1.8258077061291793,-71.59571068652423,0
375436.9,346.320506601721,404.594721804163,10.9759426116943,0.8060192239690068,-4.51560309055163,0
375467.51,345.431380700816,403.960467098639,10.801134109497,-5.710829865971282,-29.046909536274534,0
375501.0,344.618209268464,403.701588720214,10.9682464599609,4.989917899789412,-24.281022166385412,0
375533.88,344.795676165076,403.749888317656,10.8632755279541,-3.1925465938803392,5.397411697443724,0
375567.73,347.038791887122,404.404161743163,11.0623455047607,5.880944661941999,66.26634333966193,0
375596.3,352.235735087047,405.65725678798,10.8802700042724,-6.3729611651471645,181.90210710268522,0
375633.57,355.098054307408,406.677405846646,11.1936378479003,8.408045173805819,76.79954978158302,0
375660.43,357.735234994257,409.69091366355,10.7505512237548,-16.49615130847845,98.18245297283507,0
375712.42,358.546583608677,412.767672217551,10.7783317565917,0.534343774512499,15.605859096367718,0
375745.48,361.228552248212,415.427291696136,10.8505725860595,2.1851430571023944,81.12427826785206,0
375771.88,358.192656509239,415.813825354186,10.7805919647216,-2.6507811112817343,-114.99605071857323,0
375809.74,355.17017236081,416.886876727025,10.9062767028808,3.319723670344622,-79.83317877522721,0
375839.53,352.08724387512,416.561573874449,10.84885597229,-1.9275169718270886,-103.48870378268329,0
375867.28,349.328476008759,416.432693212219,10.9744548797607,4.526086755700885,-99.41505824724265,0
375901.34,345.961856493031,418.047683200464,11.0556507110595,2.383905792683654,-98.84379083171606,0
375934.72,342.172241951558,416.207978214795,10.5603790283203,-14.837378152785913,-113.52949495143996,0
375965.99,344.178675005767,416.933156978517,10.6425189971923,2.626797853276314,64.16479226759752,0
375997.34,347.936718378171,417.730883882828,10.6855201721191,1.3716483230224095,119.8737917830887,0
376031.89,357.809082642032,419.721017074978,10.9263324737548,6.969965315073247,285.74136798449615,0
376066.12,367.3454023182,419.240093421093,10.8904552459716,-1.0481223424837598,278.595374705614,0
376109.07,381.654999755262,425.325804470168,10.4465389251708,-10.33565356928239,333.16874125862904,0
376145.09,391.840041609713,428.002625616867,10.5047607421875,1.6163747089580554,282.7607399901651,0
376172.78,401.449717889829,428.756784959938,10.8113765716552,11.073161049753516,347.04500831040747,0
376204.0,402.100757713051,428.893767950392,10.6410598754882,-5.45537143392548,20.8532935048871,0
376239.53,397.860497754669,428.893013196476,10.93674659729,8.322170610795606,-119.34308917474465,0
376272.55,387.961550235304,426.513038107566,10.7774448394775,-4.824402114254723,-299.78641790965617,0
376301.1,377.604767865371,425.653871827166,10.3739547729492,-14.132751892415596,-362.75945253720573,0
376332.37,362.919994631269,427.094227647004,10.8905410766601,16.5201887979083,-469.61219168830394,0
376367.22,350.777740532075,427.586389025953,10.6432056427001,-7.097143011769448,-348.4147517705059,0
376399.34,343.557830994599,427.58622165728,10.4225063323974,-6.871086871180912,-224.77925085504197,0
376427.59,341.751328926659,428.026347946786,10.9344863891601,18.12318785000704,-63.94697585628175,0
376465.93,340.555771221425,429.04998334982,10.766372680664,-4.384812428175326,-31.183038738524765,0
376510.1,342.646873945495,430.021423740471,10.9711933135986,4.637098323175823,47.342149062049835,0
376539.6,346.16627860815,431.617943913245,10.9348583221435,-1.2316946255966514,119.30185297135615,0
376577.89,349.087532760286,434.404056531869,10.8968067169189,-0.9937739677347472,76.29287417428053,0
376604.73,348.994827113645,436.288356167921,10.709753036499,-6.969213130407077,-3.454010679625518,0
376635.26,349.420275813695,437.218977998012,10.6332492828369,-2.505855016771388,13.935430725503991,0
376673.06,350.865379649888,436.162555774858,10.9117698669433,7.368269420806526,38.230260216757024,0
376701.25,352.387334121899,435.007899734482,10.7514381408691,-5.687539059034684,53.989161830823214,0
376734.91,352.492746231007,434.245806466484,10.4614448547363,-8.615367977808102,3.1316728790275703,0
376767.26,353.890795981133,432.393047904893,10.7629680633544,9.320655598694731,43.21637558344657,0
376796.31,358.198004891566,430.955885874073,10.6055831909179,-5.417723663909239,148.26880930928357,0
376829.57,359.93799302495,431.535425827691,10.4154396057128,-5.71688470249688,52.314736421633924,0
376865.07,362.177982025713,430.583959446495,10.7629966735839,9.79033994003101,63.098281711633504,0
376912.79,367.320420049162,429.035186397357,10.6296157836914,-2.7950731327028464,107.76274148055381,0
376940.42,370.353425633681,425.937778255204,10.6181716918945,-0.41419079974295836,109.77218908861715,0
376973.76,371.843522946318,421.734838949066,10.9323692321777,9.424041400208758,44.69398058295835,0
377006.47,374.091102839495,417.710897661225,10.9063339233398,-0.7959434068459472,68.71231712563718,0
377036.88,373.554538437631,415.359810606294,10.5931663513183,-10.298177310791283,-17.644340738686807,0
377073.35,369.903576856795,413.928051228251,11.0452651977539,12.396458635479702,-100.10862574276923,0
377101.95,370.581361593642,417.998268994192,10.5950832366943,-15.740628009057657,23.69876702259351,0
377132.18,369.742431884955,420.911143862862,10.8637046813964,8.885922748999867,-27.751561650264406,0
377170.28,369.316586761996,423.07096395173,10.7490348815917,-3.0097060316167084,-11.1770373479951,0
377195.91,371.204042403809,427.669619514185,10.4598140716552,-11.284463907027034,73.64243627846075,0
377232.61,373.356803955546,431.747319725113,10.5445003509521,2.307528046236322,58.658352908346544,0
377264.26,374.352550344984,433.645450428382,10.5306529998779,-0.43751504183857187,31.46118134083029,0
377311.93,374.026535994854,438.275011950123,10.2442073822021,-6.008928417786803,-6.838983640238077,0
377341.52,375.156002041855,443.363932305584,10.5366611480712,9.883533824563928,38.17053217303277,0
377375.85,374.864613665231,445.456632624515,10.4507732391357,-2.501832477005696,-8.487864160336995,0
377406.8,373.348392989047,444.575154706683,10.6660079956054,6.954273230036153,-48.989359488963515,0
377436.95,368.765676357834,441.385995750078,10.8189010620117,5.0710801461420125,-151.9972348659846,0
377470.16,363.771143698191,437.102167934865,10.8340644836425,0.45659203947057403,-150.39243178707108,0
377499.97,358.68130861114,432.243850576874,10.8107471466064,-0.7821984916505421,-170.7425389819312,0
377537.1,353.415350088356,429.123325155467,10.9320545196533,3.2670986546427803,-141.82489961711246,0
377568.83,350.369739153385,430.375134997953,10.7475471496582,-5.81491868877627,-95.98521698604372,0
377595.21,348.558380130755,433.783323546927,10.6617450714111,-3.2525427690327366,-68.66410244995107,0
377631.88,348.934632285987,437.207558215566,10.7981872558593,3.7208122292953423,10.260489643637216,0
377661.23,348.588134628076,440.078328981046,10.7295513153076,-2.338532897845159,-11.805712364950276,0
377693.21,348.918538398315,439.437884297046,10.5260753631591,-6.362600129713816,10.33157505436501,0
377744.75,350.373063097581,435.674359155642,11.052017211914,10.204537228465549,28.22127860431913,0
377771.29,348.572472156383,430.895170044619,10.4433917999267,-22.93238176291566,-67.84442129613426,0
377806.36,348.61181166765,428.636155993451,10.7486915588378,8.705439375849444,1.12174255109683,0
377835.96,346.106266708924,426.054885043867,10.4316616058349,-10.710471385220453,-84.64678914604801,0
377872.55,345.984112669302,426.971175556169,10.9313106536865,13.655344297678187,-3.3384542121371457,0
377903.37,344.480567504068,428.204697682898,10.5019283294677,-13.93193783967237,-48.78472307701736,0
377930.87,348.760049353686,429.307831217473,10.9503936767578,16.30783081054907,155.6175218042902,0
377967.08,350.819268895839,429.968034436641,10.2931880950927,-18.149836555225605,56.868808123496954,0
377994.5,354.889827222506,432.034848781638,10.6014060974121,11.240627363952703,148.45216362762383,0
378032.19,355.529442936772,433.275298689734,10.537633895874,-1.6920191440195333,16.97043550718844,0
378064.29,357.469507651638,436.295947256688,10.3543853759765,-5.708676632325013,60.43815311113497,0
378092.79,357.09700672541,439.952026173011,10.6586265563964,10.67512913754037,-13.070207937826046,0
378141.6,356.574499722638,441.911779795266,10.7171630859375,1.1992732952489633,-10.70491708199166,0
378172.53,356.58246909062,443.451655571854,10.504560470581,-6.873670072943689,0.2576581953443474,0
378207.44,358.680466907578,443.724047854385,10.5253028869628,0.5941683294705135,60.09733076366521,0
378240.83,364.699936068972,443.427053200785,10.1079082489013,-12.500588141998374,180.2776029167859,0
378268.3,374.66867770689,443.389787050333,10.4234504699707,11.486793631951977,362.895582014128,0
378306.08,388.483869532685,443.228277277816,10.458641052246,0.931460621367761,365.6747439328956,0
378334.53,403.372922077936,442.866688292946,10.3911209106445,-2.3732914446914832,523.3410384971844,0
378365.28,417.981592648739,442.673968297189,10.5497074127197,5.157284620331728,475.07871774969243,0
378399.07,427.658386875408,442.312236005057,10.3444004058837,-6.075969423975348,286.380415113198,0
378430.51,432.088987421784,441.107633623165,10.3411960601806,-0.10191939259223581,140.92240923586783,0
378462.63,432.569601355741,439.737950759163,10.4141235351562,2.2704693329891255,14.963073908999307,0
378492.97,439.529396508791,438.290587445709,10.2419757843017,-5.6739535548677,229.3933801271429,0
378543.24,449.45146460599,439.156553444193,9.90737915039062,-6.655990330434763,197.37553405998204,0
378574.08,461.078227205876,439.409782479776,10.303030014038,12.8291460326541,377.0026783358081,0
378609.96,477.231661306915,439.858551006248,10.1664161682128,-3.807520786655042,450.207193451419,0
378639.23,492.756160850091,440.190575928597,10.1303100585937,-1.2335534547027194,530.3894616739675,0
378667.48,500.758231392729,441.140703964006,10.0522327423095,-2.7637988065203896,283.25913425267134,0
378704.67,504.227481843388,440.203204396203,10.0961780548095,1.181643250873817,93.2844971943741,0
378734.87,505.512724755849,440.135243968761,10.3514099121093,8.451386003301415,42.55771233312933,0
378765.1,503.280714222345,440.268254097157,9.84560966491699,-16.73173163058623,-73.83428824033551,0
378797.39,502.642372850725,440.568722617937,10.1322841644287,8.878120145908303,-19.769011199110523,0
378827.29,502.00382004871,440.296163564052,10.2052688598632,2.4409597135312544,-21.356281003871068,0
378865.71,502.487023759693,439.824426299223,10.0778675079345,-3.316016447906333,12.576879515420723,0
378896.92,504.092574767925,439.477866400413,9.91627693176269,-5.177525670362132,51.44347991778003,0
378944.61,503.579458220094,439.199811794483,10.133056640625,4.545600940706636,-10.759415974647732,0
378973.54,502.555810415491,439.49060341396,10.0337791442871,-3.4316452242628235,-35.38360886979775,0
379005.01,495.162917336919,440.221564197101,10.1481628417968,3.634690101988875,-234.91875051048274,0
379041.22,483.258563140395,440.642215643169,10.1908206939697,1.1780682732102572,-328.7587461070498,0
379073.76,470.026444172411,441.075674123784,10.2838897705078,2.8601437165947634,-406.6416400727975,0
379100.46,459.096802461636,441.375068582539,10.2010345458984,-3.1031919329349718,-409.349876807874,0
379132.89,448.37797643824,441.282283117471,10.3135871887207,3.4706334511971515,-330.52192486581254,0
379167.78,443.991238065537,439.822691168601,10.3621387481689,1.3915608898876501,-125.73053518776872,0
379197.46,453.008497823422,439.606171047026,9.67566490173339,-23.129172723573827,303.81602957840613,0
379232.43,466.297909832312,439.575724856539,10.2136802673339,15.385054778408385,380.02322015729527,0
379263.26,481.767437459947,439.823439116044,10.0140666961669,-6.474653622020615,501.768654804634,0
379294.05,497.326319374695,440.273193958821,10.0510597229003,1.2014623817286583,505.32256949524435,0
379339.47,512.267736289532,440.929206822267,9.89321708679199,-3.475179130523255,328.9611826253264,0
379375.3,517.868857041928,440.933650348889,9.94849205017089,1.5427006245848172,156.32488842850867,0
379408.28,521.257907944,440.577154499989,10.0694847106933,3.66866769321607,102.76079145142221,0
379435.24,521.016364834848,440.535451101874,10.1096820831298,1.4910004612965175,-8.959314137696438,0
379470.72,518.809911519482,440.692767418794,10.1118278503417,0.06047821905019668,-62.18865037675327,0
379500.2,515.03512450644,442.009333104479,10.1923656463623,2.731946947777885,-128.04569243680186,0
379531.85,511.62000062818,443.320138114045,10.2184867858886,0.825312465286897,-107.90280815999193,0
379568.1,506.596696145513,444.591159293596,10.1933097839355,-0.6945379849131071,-138.57391676322644,0
379598.06,501.469969331268,445.273550469618,10.0620174407958,-4.382254443912154,-171.11905254477503,0
379628.28,497.750748318305,445.495210261836,9.99189376831054,-2.3204391954067085,-123.07150936331074,0
379664.1,497.126424076666,446.224860838305,10.1872730255126,5.4544739587476,-17.42948748296707,0
379694.39,496.212908902906,444.100277821936,10.1455307006835,-1.3780892977566341,-30.15896909075208,0
379747.58,496.173509437713,443.454620783736,10.23193359375,1.6244198734065918,-0.7407306860878468,0
379773.33,497.834216779792,444.4949482246,9.97057914733886,-10.14968723926757,64.49348901277588,0
379804.98,499.581880731245,445.935456666107,10.05784034729,2.7570679289490108,55.218450282937226,0
379841.2,499.205387972298,447.099685068461,10.0030517578125,-1.5126612224587022,-10.394609578870243,0
379870.3,498.72872249259,451.131423206861,10.1522254943847,5.126245243035026,-16.380257034652406,0
379901.62,497.960584454509,453.314541787542,10.1553726196289,0.10048292605997901,-24.525480143066677,0
379932.76,495.852900949594,454.324495710468,10.1417255401611,-0.43824918008324293,-67.68412026056609,0
379967.53,494.403777217438,454.967984303609,10.1618099212646,0.5776353495395133,-41.6774153625319,0
379996.57,493.982700926587,454.67885234228,10.1688194274902,0.24137418132249333,-14.499872274495079,0
380026.77,493.941368231814,454.192651026982,10.2706432342529,3.371649230551643,-1.3686322772498543,0
380067.3,493.151342220907,453.916069065158,10.3253746032714,1.350391537590483,-19.492376286888803,0
380092.45,493.780252443083,452.977346426165,10.2201747894287,-4.182895182608478,25.006370663038044,0
380145.63,495.717786287082,450.171056384182,10.4574394226074,4.461538796140117,36.433505904461455,0
380174.07,495.910857324833,448.68796929866,10.0401020050048,-14.674311448754116,6.788714407559105,0
380203.34,495.227506295619,447.503506630979,10.2537631988525,7.2996649760015275,-23.34646495434145,0
380243.99,496.926507140868,446.819699661847,9.84623908996582,-10.025193330554238,41.7958387515496,0
380269.82,500.361854521592,446.61337298524,9.98376846313476,5.3244046910125125,132.99835000858857,0
380300.08,504.928248376282,448.005543385011,10.0303745269775,1.5401871725950211,150.90528270616562,0
380336.7,512.783137198711,448.571093331096,10.2619743347167,6.324407638974021,214.497237095302,0
380366.03,523.02794056303,448.557888927593,10.1465892791748,-3.934028487617992,349.29435268712496,0
380397.46,530.368548930314,448.116928767656,10.2467823028564,3.187814943735986,233.55419558655998,0
380433.91,536.118316458732,447.690624916355,10.2201461791992,-0.7307578506785718,157.74396511455083,0
380462.8,537.686424631343,447.43044339223,10.0340366363525,-6.442005636781213,54.27857987574409,0
380493.18,537.697091576237,447.514543020504,10.0718593597412,1.2449876033144995,0.35111734344812223,0
380545.22,535.9922819097,448.254916982697,10.1943969726562,2.3546812627795797,-32.75960158604349,0
380576.85,533.182641769315,449.168593051778,10.1719379425048,-0.7100546996964159,-88.82833197548486,0
380605.25,530.44444940479,449.855391967036,10.2420043945312,2.4671285924768838,-96.41522410291161,0
380636.22,526.782264730415,450.388925176383,10.1331996917724,-3.51322902030668,-118.24942442293516,0
380669.17,520.074881856898,450.208722579095,10.2464962005615,3.4384372925359563,-203.5624544314023,0
380701.56,511.924378658379,449.39706066473,10.2487277984619,0.06889774314290041,-251.63640625240606,0
380734.12,506.624078560556,448.887532705296,10.0911426544189,-4.839838576259582,-162.78562954003087,0
380769.84,500.115210056885,448.002727717145,10.1562595367431,1.8229810281115848,-182.2191630365464,0
380799.21,497.111782955065,447.148774888623,10.1792621612548,0.7832013793565835,-102.26173312293153,0
380829.07,498.332562207815,446.612808762415,9.98554229736328,-6.487604283041208,40.88343110350178,0
380862.91,501.462870589074,446.556566671878,10.4236507415771,12.946467027607655,92.50320275596968,0
380896.72,503.226370159611,446.323707872344,10.1092529296875,-9.298959239562915,52.15911181712934,0
380944.2,505.051460759655,446.503207353577,10.1667594909667,1.2111744161573554,38.439144904011904,0
380972.73,507.61782107829,447.917507110424,10.0783824920654,-3.097686607129108,89.95304306476291,0
381002.68,507.074098910317,448.686691491392,10.0699424743652,-0.28180359599985255,-18.154329481561803,0
381038.77,505.795189551073,449.359515555007,10.0368118286132,-0.9180007135488384,-35.4366683082038,0
381070.9,504.025569999424,449.022728154458,10.156602859497,3.728323401300416,-55.076861240234365,0
381100.06,504.455161682783,448.548730099642,9.91908073425293,-8.145477546100075,14.732225080910696,0
381136.02,502.725616724375,446.630198085536,10.090742111206,4.773675666100386,-48.09635590675686,0
381167.12,504.624027646868,445.045326978945,9.80661392211914,-9.135954633024815,61.04215184869474,0
381195.67,513.884490890901,442.147371717981,9.66768264770507,-4.866244287710264,324.35948315365306,0
381234.85,529.102832901817,440.097481497263,9.53101158142089,-3.488286530990405,388.42118455637325,0
381260.53,544.040682746391,437.917229235329,10.1395797729492,23.698138299341736,581.6919721395708,0
381293.26,558.773972758783,438.359118508019,9.66402053833007,-14.529765799553946,450.146349294237,0
381344.34,571.379947009251,438.529581886968,10.0075721740722,6.725756377095165,246.78884593704106,0
381373.39,577.143451837714,439.888167076137,9.63907241821289,-12.685017413406435,198.39947774407062,0
381409.92,586.259920184621,440.713121716767,9.66954231262207,0.8341060610239511,249.56113733683495,0
381438.96,604.910558212163,440.795292982404,10.0933170318603,14.592793362179275,642.2396014985549,0
381467.09,628.784228375591,440.222633726717,9.93395805358886,-5.665089878116373,848.690727459087,0
381501.48,655.63416115707,438.84065835169,9.97323989868164,1.1422461498351577,780.7482634926871,0
381536.32,680.910139535255,436.404436062746,10.0592994689941,2.4701369205624535,725.4873242872094,0
381568.42,699.762749315158,433.587542806506,10.191650390625,4.123081670747546,587.3087158852544,0
381596.97,706.109281306767,433.77377652739,10.1197528839111,-2.518301461083309,222.29534121231575,0
381629.34,708.153529700731,433.436848251591,10.0960063934326,-0.733595628003155,63.15256082671171,0
381662.3,716.386537096256,434.315076194229,10.2438640594482,4.485972876691967,249.78784573829702,0
381691.92,732.074645196058,435.791858496141,10.5303955078125,9.673580295892824,529.6457832479556,0
381747.18,749.171792707476,437.699902814633,10.4153823852539,-2.0813087687039715,309.3946346618738,0
381773.22,768.562222406282,437.245582067565,10.3240013122558,-3.5092577956287223,744.6401574048225,0
381805.42,787.040862957469,435.451021377135,10.4826164245605,4.925935164740453,573.8708245708182,0
381842.85,795.920811152804,433.908001438581,10.3094959259033,-4.625180300754267,237.241469284977,0
381869.21,800.097127983063,432.379571855005,10.335988998413,1.0050482742661395,158.4338706468888,0
381903.84,800.998550794137,430.946842670813,10.1530265808105,-5.283350205096026,26.030112938892977,0
381931.46,800.968595248161,429.851641597194,10.2269554138183,2.676641310927318,-1.0845599556847803,0
381968.43,801.047343928949,428.398944127306,10.5162334442138,7.824669472429472,2.130069807628149,0
381997.11,801.392069787107,426.896255842792,10.1830959320068,-11.615673368447712,12.019730061299013,0
382027.93,799.884146833132,425.818083161155,10.127420425415,-1.8064732833156332,-48.92676683888937,0
382066.93,798.728605202261,425.283329643192,9.86397743225097,-6.754948542667449,-29.629272586438066,0
382092.74,799.598829352163,424.609719115524,10.1043319702148,9.312457883140317,33.716549783110935,0
382146.09,801.647389723694,424.129384652217,10.1606655120849,1.0559239338343829,38.398507432609144,0
382175.74,803.713481156758,423.817857401707,10.1374626159667,-0.7825597341729745,69.68267902416311,0
382204.02,806.762762313183,423.522420709717,10.3686332702636,8.174351283475009,107.82465192439729,0
382239.82,809.060697686882,423.222691856647,10.2905559539794,-2.1809306224644245,64.18813893016147,0
382273.94,812.286282514636,423.085183274467,10.3080368041992,0.5123344144138857,94.53648381460862,0
382301.72,817.151305838202,422.932434825675,10.2091598510742,-3.559285569658306,175.1268295022064,0
382332.9,824.891661942795,420.956641388395,10.1910781860351,-0.5799122847681237,248.2474696786508,0
382368.04,836.505736004246,419.675221216087,9.87044334411621,-9.124497493434658,330.50865285901006,0
382401.66,846.247454220536,418.854106117941,10.0611305236816,5.671837583742327,289.7596138099746,0
382425.63,853.880009437703,416.68760015952,9.91361618041992,-6.15412362375859,318.42116049884737,0
382464.7,858.384561784156,415.627669204277,9.90763664245605,-0.1530467868919803,115.29440354369315,0
382494.91,858.929029009801,416.177840129149,10.0305747985839,4.0694523710030825,18.02274828353787,0
382541.59,853.373652177068,416.829281753669,10.0463390350341,0.3377085786242838,-119.00978647658145,0
382579.94,848.310898859734,418.151781577576,9.87891197204589,-4.365764354323646,-132.01442809223138,0
382605.3,837.008225831648,419.916143425087,10.0562667846679,6.993486302133581,-445.6889995304513,0
382636.02,824.393146730674,422.393379831797,9.75082397460937,-9.94279980658297,-410.6471061510951,0
382672.62,810.564928275419,424.576845148516,9.88517761230468,3.670864417907,-377.8201763733266,0
382701.87,798.439829458828,425.29531077986,9.67243194580078,-7.273356119791484,-414.5332928749076,0
382735.25,788.620538397671,426.044825645235,9.69537734985351,0.6873997619151474,-294.1668981772192,0
382764.51,785.061135905022,427.383700881796,10.0539493560791,12.254682372709343,-121.64738525795998,0
382797.85,784.926026046273,426.970430175448,9.89358901977539,-4.80984811949208,-4.052485265418876,0
382827.16,786.634572958013,428.515494618452,10.0205326080322,4.3310674942620055,58.29228630979557,0
382865.49,787.38346556447,430.524491596792,10.215425491333,5.084604312567648,19.538027823029726,0
382898.32,787.236328616948,431.015021313922,10.2029514312744,-0.37995918545825963,-4.481783354310458,0
382941.4,791.059557222517,433.718787530244,9.92923736572265,-6.353622691542413,88.74718211623978,0
382976.0,797.324255582585,437.411629872452,9.72229957580566,-5.980860980263811,181.0606462448616,0
383005.0,806.743232559042,439.325725670685,9.84881401062011,4.36256671773964,324.7923095329991,0
383037.36,818.129659257052,440.338399016154,10.3907775878906,16.74794738166638,351.86732688550546,0
383074.69,831.082192666387,441.169167992601,9.88343238830566,-13.590817026110852,346.97383898551504,0
383101.96,840.376850074992,440.579584351644,9.84346389770507,-1.4656578878094597,340.8381888008334,0
383133.16,845.08105657633,438.44064972053,10.0278568267822,5.9100297781219835,150.7758494020815,0
383168.98,849.230555352673,439.735037069414,10.0813579559326,1.493610529044921,115.84307024964464,0
383198.15,850.185505528128,441.424838323993,9.85227584838867,-7.8533461619335005,32.73740745470087,0
383231.76,848.685248119481,442.222238727215,10.4512310028076,17.820742470073736,-44.63723322367313,0
383265.54,845.955067934799,441.756157647072,10.0890827178955,-10.720789961883458,-80.82238557384426,0
383292.48,848.280772071995,440.958637794326,10.1806926727294,3.400517996803682,86.32903256109122,0
383347.69,852.841764906365,436.374385225917,9.99629974365234,-3.339846569045275,82.61171589147453,0
383372.17,862.072300555414,433.777449689695,10.0958061218261,4.064803029976974,377.06436474902006,0
383406.57,875.030005380068,433.284910949598,9.74853515625,-10.09508620860075,376.67746583271025,0
383438.45,887.164066300845,433.207487825589,9.96173858642578,6.68768601555045,380.6167164609532,0
383468.61,895.659908654005,433.638770544018,9.85310554504394,-3.601891292504368,281.6923857150938,0
383501.7,900.818358172772,434.910162260779,9.7441291809082,-3.293332249490966,155.89149346518735,0
383535.62,903.516205083896,434.521842818242,9.99312400817871,7.340649388874683,79.53558110628748,0
383568.55,909.097931704703,432.741674030894,9.72862243652343,-8.032237220022317,169.50278228995364,0
383597.49,917.628890432672,431.297417442682,9.85731124877929,4.446745413125398,294.78088209980524,0
383634.3,926.457400826868,430.628947237981,9.8517894744873,-0.15000745156182452,239.8399998423399,0
383663.23,936.010074766036,429.145524130343,9.76953506469726,-2.8432219077102983,330.1995831030184,0
383695.47,944.801998650253,427.877900974034,10.0069999694824,7.365536748920871,272.7023537288939,0
383743.63,947.584966569808,427.827916378919,9.82947349548339,-3.6861809385151756,57.78587872826132,0
383778.32,949.901460820357,427.852688705131,9.76186752319336,-1.9488605445380698,66.77700347503152,0
383805.63,952.348154557205,427.142432555372,9.86944198608398,3.939013653995995,89.58966447631789,0
383837.63,953.889681129056,426.821737175467,9.87333297729492,0.12159347534185239,48.17270537034446,0
383868.44,957.388908986557,427.369159801256,9.87868309020996,0.17364858536317646,113.5744192632658,0
383908.64,961.510195294145,426.933051109413,10.2371406555175,8.916854858393954,102.51955989021856,0
383936.84,963.394892311124,426.485892079263,10.1504802703857,-3.073063302544845,66.83322755241835,0
383965.25,954.77560799973,427.251102963805,10.068769454956,-2.8761286670106863,-303.3890993101618,0
383996.98,938.390865657344,428.963631558413,9.80154991149902,-8.421668561523374,-516.3801557641249,0
384033.7,914.587530799438,430.661987043941,10.0182437896728,5.90124940559917,-648.2389667180373,0
384064.86,888.255981089894,432.334356384536,10.2452087402343,7.283855923032314,-845.0433154546096,0
384091.92,865.405035558651,433.284626564629,9.94179725646972,-11.212545593666187,-844.4547498612345,0
384144.12,864.825852922863,433.939433551444,9.72862243652343,-4.08380881123068,-11.095452792871384,0
384172.03,881.061791014893,433.150028311454,9.90428924560546,6.294045470506067,581.7247614479047,0
384204.92,906.383260515565,431.010145092559,10.1499080657958,7.467887509597788,769.8835360506566,0
384243.47,933.027145737884,428.870973182229,9.99175071716308,-4.102654958048454,691.1513676349429,0
384269.79,957.495585795365,427.190987864162,9.87899780273437,-4.283925320238641,929.651977867571,0
384300.62,967.594404227831,425.317674065668,10.0077724456787,4.176926465918344,327.56465885373643,0
384338.28,967.419760803139,423.934508382216,9.98265266418457,-0.6670149095620878,-4.63737187179688,0
384366.02,964.508042985771,423.031333302877,10.0415325164794,2.1225613660724325,-104.96459327213178,0
384398.89,962.598108553965,422.501469347158,9.87078666687011,-5.194580152397747,-58.105702214977825,0
384431.72,960.519394635539,421.998694054575,10.088882446289,6.643185483374008,-63.31751198381319,0
384462.16,958.731090002801,421.559541078224,10.1115417480468,0.7443923047896955,-58.74850961688132,0
384492.69,958.429438275835,421.460338818451,10.2016353607177,2.950986330521381,-9.880502029668081,0
384541.42,960.034143220938,421.362124393408,10.2561664581298,1.1190457092575326,32.93053447780821,0
384574.18,963.826766676815,422.391232908324,10.099925994873,-4.769244910157332,115.76994676056249,0
384608.84,967.881807212009,423.359089974121,10.01558303833,-2.4334378690975593,116.99482213474107,0
384637.1,971.246889832872,424.055903960174,9.99180793762207,-0.8412986803952862,119.07581814822264,0
384667.83,971.581054682236,424.741204992917,10.2445793151855,8.225557356430356,10.87422223766953,0
384702.29,961.84932073142,426.551478657715,10.0628471374511,-5.273713805414867,-282.4066729781336,0
384735.47,945.928434754841,428.440520468329,10.0270557403564,-1.0787039510159502,-479.83381484576194,0
384767.64,928.200724861922,430.484278310978,10.1255893707275,3.0629042701576776,-551.0634097884938,0
384799.66,912.129495391087,432.825215249496,9.76161003112793,-11.367249831356034,-501.91222582307756,0
384826.96,899.931887812843,434.332698972139,9.79448318481445,1.2041448236799932,-446.79881238912606,0
384865.83,904.846609329319,434.324505581471,9.64310646057128,-3.894435920843517,126.43996697907335,0
384896.52,921.445132880116,432.409356123086,9.70564842224121,2.0378612469835202,540.8446904788459,0
384945.81,942.579080734806,430.068422773941,9.67314720153808,-0.6593877196823366,428.76745495433016,0
384973.38,965.299584041674,427.467624164923,9.5756721496582,-3.5355477649567044,824.1024050367179,0
385004.59,985.344798233177,425.487433130956,9.47948455810546,-3.081947822898915,642.2689583944091,0
385041.94,996.770691485925,424.172796826977,9.55575942993164,2.042165243004774,305.91414331338973,0
385071.92,999.12983357426,425.8052781612,9.58989143371582,1.1384924544429917,78.69052996452633,0
385099.86,995.892667969559,426.69925017164,9.6379280090332,1.719276138775063,-115.86133159272394,0
385137.62,990.88622678152,429.78741070483,9.84294891357421,5.429579039749993,-132.58583654761156,0
385164.65,983.862166859623,431.427229794175,9.6734619140625,-6.270329245709755,-259.8616323303637,0
385196.27,975.968791330803,431.974763492208,9.72736358642578,1.704670220217818,-249.63236966543843,0
385232.01,969.409039860314,429.918042078957,9.84114646911621,3.1836285028108375,-183.54089173169316,0
385262.6,965.467002898529,429.67254228424,9.8147964477539,-0.8613933103085353,-128.86685066326228,0
385292.45,963.422226138612,427.092441673031,9.82501029968261,0.3421725939262642,-68.50173400048934,0
385345.84,965.111466888289,426.107538551662,9.849214553833,0.4533480829815376,31.639646931570095,0
385371.85,968.302761807074,426.474608749734,9.65944290161132,-7.2961035071910105,122.69492190661461,0
385406.16,971.856768629905,426.669499552724,9.89069938659668,6.740206499136582,103.58515951125614,0
385442.43,974.961341669136,426.580085941237,9.61157798767089,-7.695654781517694,85.59616871324563,0
385471.42,975.53729635427,429.14751019431,9.76967811584472,5.453609112586433,19.867357196763166,0
385500.21,972.520691816548,430.460729073846,9.5266056060791,-8.442949279795245,-104.77959491900113,0
385531.71,973.240331171715,430.720632012443,9.69263076782226,5.270640055338429,22.845693814822823,0
385570.12,974.70349987931,431.57119318404,9.51796531677246,-4.5473952369153245,38.093431595835334,0
385596.99,977.986336921414,431.488560796151,9.56199645996093,1.6386729880341968,122.17480618178546,0
385627.97,983.710632957989,431.049490812282,9.72724914550781,5.334173193898634,184.7739198379087,0
385665.56,991.584203713484,430.368707415561,9.63592529296875,-2.429472001569527,209.45918476961128,0
385691.83,994.339920351135,429.604125312318,9.77791786193847,5.405122534054769,104.89975780924989,0
385744.99,996.38669688961,427.883468573742,9.61011886596679,-3.1564897662106945,38.502192221143474,0
385774.43,997.034826284852,426.35758622322,9.71096992492675,3.4256473831505763,22.015264784033402,0
385803.82,997.553313549638,422.841656846461,9.70129966735839,-0.329032241182598,17.641621802850324,0
385839.81,999.151077980706,420.690504766742,9.64339256286621,-1.60897761856614,44.394677162222045,0
385869.21,997.212358630634,419.719191614008,9.92122650146484,9.450133965932347,-65.94283503641057,0
385905.03,991.816277054712,418.516011627924,9.8155403137207,-2.9504798365192633,-150.64437677054366,0
385935.4,984.721086158487,418.653100424627,9.60931777954101,-6.790336983197922,-233.6249883512068,0
385965.1,976.392070645319,419.749115191118,9.78627204895019,5.95805620907263,-280.43823276703813,0
385997.3,966.564316990951,423.780154581636,9.72847938537597,-1.7948032165900507,-305.2097408187697,0
386030.03,954.801972617857,431.243407364468,9.49954032897949,-6.9947771584540845,-359.37501903696347,1
386063.88,907.626189969756,444.593816541013,9.09805297851562,-11.860778447980705,-1393.6715701073415,1
386092.53,815.399865408706,458.452610589328,10.2126216888427,38.90292182639355,-3219.0689201038404,2
386144.7,697.118212071775,471.281358401335,10.6278991699218,7.960082060173079,-2267.235064921754,1
386173.66,570.025090072791,480.280778795725,10.3944110870361,-8.062433801312151,-4388.574654666694,1
386204.94,445.554172363889,484.263756090668,10.7751274108886,12.171237974813298,-3979.2492873654373,1
386245.11,362.033729538896,482.580963196591,10.5330562591552,-6.0261675811177104,-2079.1745786663396,1
386267.66,327.520118485858,478.594267910756,10.5887031555175,2.4677115903471436,-1530.53707552354,1
386301.4,318.490578357663,473.676452717518,10.770263671875,5.3811652743697955,-267.6212249016566,1
386335.76,320.983288696568,469.111850809387,10.6876373291015,-2.4047247605801303,72.5468666736325,0
386364.54,327.18596124317,465.515576247889,10.896406173706,7.25395568466709,215.52024136930248,0
386398.25,330.835284888166,462.336735857989,10.7906055450439,-3.138553208603819,108.25641189539238,0
386429.26,334.606339130792,459.728320410835,11.0143661499023,7.215756364344824,121.60768276765155,0
386459.25,338.600352672864,458.136166796763,10.5196952819824,-16.494527106370537,133.17817746159605,0
386496.98,341.625561147399,457.37596258608,10.9185791015625,10.572059888160517,80.18045254536214,0
386542.0,346.476161515984,457.458303382897,10.848970413208,-1.5461725534089403,107.74323342032396,0
386576.12,354.468157708475,457.592227366684,11.0377120971679,5.53170234349134,234.2320103309523,0
386607.82,360.299080027544,459.142815367324,10.5934524536132,-14.014499796673084,183.9407671629916,0
386635.43,366.390705100832,461.763432008959,10.8017921447753,7.5458055473453785,220.6311145704852,0
386666.76,373.24464408971,464.609089228416,10.4677677154541,-10.661488328152776,218.76600666691414,0
386705.58,377.090167584724,467.132553971117,10.5186939239501,1.3118549329209284,99.06036823836425,0
386737.93,377.800719186521,470.068926368026,10.6719589233398,4.737712500457813,21.96450082836269,0
386764.74,375.409931715416,471.159934662375,10.2728462219238,-14.886710235585017,-89.17521339445011,0
386795.75,372.125833729306,471.665722367734,10.7400226593017,15.065347867712324,-105.9044819770723,0
386832.02,367.680590950332,471.784945102491,10.4543209075927,-7.877081657260873,-122.55976782386962,0
386860.86,363.069366640578,471.723546103577,10.8079433441162,12.26152692523923,-159.88988591398075,0
386895.91,358.988927835586,471.666962577755,10.5134868621826,-8.401040854028492,-116.41765492134984,0
386926.47,357.437792354259,472.381247077675,10.7125854492187,6.515006120291754,-50.75705109054828,0
386972.84,356.660173820334,472.376792640583,10.572338104248,-3.0245276034189694,-16.76986271132342,0
387004.55,354.394901173037,472.346511630517,10.5899620056152,0.5557837075755484,-71.43716957741046,0
387042.24,353.639165054468,472.321739843091,10.6411170959472,1.3572589634384749,-20.051369556088396,0
387071.27,354.029506144233,472.470384874691,10.5186939239501,-4.217126145262924,13.44612779072085,0
387101.61,355.4899995052,471.540648368602,10.6151103973388,3.177866624548579,48.137553097184444,0
387135.39,357.294707595518,471.770865175127,10.3207397460937,-8.714347283743516,53.42534311179719,0
387166.01,361.99379292352,472.765570068567,10.6989383697509,12.351359361765429,153.46457635541242,0
387195.27,368.419964311239,474.489302778016,10.4613590240478,-8.119594863397968,219.62308228697805,0
387235.98,375.028771723365,476.42453733643,10.2772521972656,-4.522398103226932,162.33867384259506,0
387262.35,380.475293750216,478.97317865984,10.3292369842529,1.9713609020594818,206.54235975926935,0
387293.52,386.221457822502,481.379657674891,10.1200675964355,-6.710599544982918,184.34918422451884,0
387326.3,388.103475622952,482.682019728592,10.2940464019775,5.307468137344721,57.41359976972967,0
387374.9,385.887726990167,483.908316166423,10.1941680908203,-2.05510928306848,-45.59153565397945,0
387407.84,384.002222458284,485.255841490967,10.2126789093017,0.561955630886394,-57.240574738398706,0
387439.85,381.873913604748,486.19085716968,10.268268585205,1.7366346736452885,-66.48887390000777,0
387470.91,377.879947061823,486.977967291,10.2371978759765,-1.0003447916452661,-128.58874896733167,0
387500.24,383.58417137892,488.893883497542,10.1012134552001,-4.636359385486716,194.48429311605435,0
387533.04,398.660551062692,490.974909720344,10.0150108337402,-2.628128703046627,459.64572206638144,0
387570.26,415.290466110321,492.962179435274,10.1644706726074,4.0155786906791615,446.8005117575363,0
387597.87,433.563846662129,495.967176380522,10.0876235961914,-2.783305918726559,661.8392086858827,0
387629.77,452.230998199862,498.110953259348,10.1239585876464,1.1390279452970289,585.1771641918297,0
387664.13,462.55486783578,499.317979392663,10.0764369964599,-1.3830498017031336,300.4618636764323,0
387691.83,462.664203322074,499.198818987779,10.1024150848388,0.9378371255916327,3.94712946909634,0
387728.43,460.496828329675,498.559687563281,10.138292312622,0.9802521252246557,-59.21789596722359,0
387773.62,450.446842490444,497.644754349264,10.4566669464111,7.045245270836141,-222.39402166918526,0
387804.68,435.50256776324,497.475478834901,10.2029800415039,-8.167640209504851,-481.142135454125,0
387840.25,419.905861168763,496.815115544159,10.1148605346679,-2.477354704413336,-438.479240778013,0
387868.54,404.509986371511,497.004451326651,9.97541427612304,-4.929171387237999,-544.2161469516941,0
387904.18,388.966699160681,496.072567086814,10.0825595855712,3.0063218139202714,-436.11916977620353,0
387937.53,379.070731266299,497.659654530455,9.88317489624023,-5.978551404220709,-296.73067149540174,0
387967.51,375.07527234337,497.899063668631,10.4425334930419,18.657725043429505,-133.27081130525303,0
387995.55,372.739496868839,499.009164851927,10.0591278076171,-13.673526584346856,-83.30155044695869,0
388029.65,372.642245969242,501.709547822867,10.0749206542968,0.4631333337150663,-2.8519325394981374,0
388065.59,370.250068099537,506.840708096923,10.0483703613281,-0.7387393703032427,-66.56031913480513,0
388092.44,368.38204786041,508.171327109358,10.1699924468994,4.529686613460156,-69.57244838467722,0
388129.15,366.689761248925,511.417531425333,10.3940391540527,6.103151924630152,-46.09879083312625,0
388172.31,372.756794578202,513.032020022116,9.88077163696289,-11.892203825072164,140.570744422628,0
388202.8,386.372034804183,513.877464192049,9.74564552307128,-4.431817444790151,446.5477279758984,0
388243.15,406.404471003654,514.274037989472,9.6053409576416,-3.4771887343137284,496.46682030864145,0
388270.58,430.648857753302,516.373583553238,9.78435516357421,6.526219684019528,883.8638990030693,0
388299.94,455.879683798983,513.003638401312,9.58548545837402,-6.773491321535579,859.3605601394075,0
388336.99,475.238050403981,510.845728938815,9.64931488037109,1.722791416925516,522.4930257760877,0
388366.55,484.885830905432,507.143193040379,9.70550537109375,1.9008961678844463,326.3795839462705,0
388399.37,488.107719610466,504.922071480635,9.54548835754394,-4.87559456275978,98.16845536359942,0
388433.37,488.21954030412,504.08486236358,9.76284027099609,6.392703336827947,3.288843931000308,0
388464.97,485.910714548934,508.437116879891,9.50895309448242,-8.034404320058771,-73.0641061768271,0
388494.26,491.477401576521,512.882318660733,9.17198181152343,-11.504652883528887,190.05418325639954,0
388525.24,508.533934634443,517.484986285933,8.7414264678955,-13.897848406332749,550.5659476414552,0
388577.96,533.592136835024,519.568300803706,9.34347152709961,11.419671077461361,475.30732550391866,0
388602.83,561.140033312144,519.563021682187,8.98990631103515,-14.216534622618674,1107.675773105155,0
388640.01,591.791034607225,518.387104426285,9.14935111999511,4.288456400214924,824.3948707661839,0
388667.54,612.945641074611,516.860793226632,9.15481567382812,0.19849450900892107,768.4201404798123,0
388701.8,622.74674579986,513.475189827028,9.17432785034179,0.569532297538377,286.08011457228207,0
388737.81,626.101655314534,512.027744954456,9.04609680175781,-3.560984409440319,93.16605150439072,0
388763.91,629.965401360384,509.174020798452,9.48969841003418,16.996230202174893,148.0362469675653,0
388801.39,636.464326314958,506.875088277369,9.17083740234375,-8.507497537088927,173.3971439318879,0
388829.19,645.897260272495,503.304656881724,9.24490928649902,2.664456264579169,339.31417113456615,0
388859.77,657.690852302553,502.653593964827,9.27663803100586,1.0375652225906664,385.66357194413695,0
388899.0,667.344159221644,500.447847388925,9.05965805053711,-5.530970697651109,246.06951106539688,0
388925.55,675.366980174231,500.794128860205,9.32049751281738,9.824461856135,302.17781365689484,0
388973.45,677.489227559215,500.625099968414,9.00612831115722,-6.563031349895762,44.30579091822496,0
389010.17,671.843485770611,502.753458386306,9.42584037780761,11.430067174583606,-153.75113803399574,0
389040.28,660.692209289246,503.680528220404,9.00784492492675,-13.882280069088186,-370.3512614197487,0
389071.03,651.131285494646,504.310488799514,9.26304817199707,8.29929258765267,-310.92435104390063,0
389104.02,638.778704237021,504.646669599606,9.08317565917968,-5.452334429143398,-374.4341090520926,0
389133.13,626.300291652447,503.678134745709,9.09636497497558,0.45308539319500324,-428.6641217650294,0
389163.44,616.679279608766,503.042327548397,9.10271644592285,0.20955034468062242,-317.42039075162234,0
389201.87,612.024221712918,502.993196309332,9.380464553833,7.227377255014348,-121.13083257478176,0
389235.02,607.259941700519,503.399827565297,8.9879035949707,-11.841959543349182,-143.71885406925085,0
389260.87,608.240714718694,503.856135775894,9.04189109802246,2.0884914139964494,37.94092913639782,0
389297.99,619.144982305841,505.247474703929,9.14091110229492,2.667564770271373,293.75720870550686,0
389324.52,636.007552482308,505.246616430574,9.16231155395507,0.806651023751474,635.6038513550407,0
389378.64,654.640377791434,504.578371010915,9.18385505676269,0.3980691575687841,344.2872377887587,0
389409.11,673.042251517472,503.712893607376,9.00504112243652,-5.868524264073977,603.9341557615625,0
389437.75,686.219348654178,502.584781487695,9.05505180358886,1.746183001128345,460.0941737674445,0
389467.99,692.382410282548,500.562073786756,9.15475845336914,3.2971775721002397,203.80494802817037,0
389503.56,694.628995956428,499.99072944594,9.32819366455078,4.875884486410031,63.15956350518757,0
389532.4,694.414530088073,500.204136955099,9.13902282714843,-6.559321685235128,-7.436403202315789,0
389572.45,694.740015897492,498.98320411128,9.19504165649414,1.3987223307297507,8.126986502348892,0
389598.87,692.682385353741,498.916417316188,9.0245246887207,-6.454086592488502,-77.8815497256716,0
389629.09,687.54051738683,499.016526166906,9.34315681457519,10.543750028265098,-170.1478480114456,0
389664.61,678.717701858778,499.238145246991,9.26985740661621,-2.06360945830694,-248.3900768035407,0
389693.97,669.123644295661,497.712702814024,9.28502082824707,0.5164653144028736,-326.77307776299483,0
389727.52,659.317862711715,499.042258835943,9.20943260192871,-2.253002274761736,-292.27366867160924,0
389776.98,651.970046137059,498.458176469112,9.28401947021484,1.5080240251958594,-148.5607880036705,0
389805.47,647.596990513587,498.519005683689,9.23592567443847,-1.6880939198450846,-153.4944058783212,0
389836.39,650.823422248259,498.470903580793,9.24565315246582,0.31460148859436193,104.34772751189023,0
389869.41,659.264197925631,498.503588484936,9.20722961425781,-1.1636444036358462,255.6261561896467,0
389904.4,669.843808758584,498.394451118827,9.32659149169921,3.411314016611385,302.36098407940017,0
389933.66,681.626757706223,497.418511211148,9.02727127075195,-10.22967262295832,402.6981868646149,0
389964.48,692.520791358258,498.284980584804,9.33016777038574,9.827920169815776,353.47286346633706,0
389998.38,696.814732585071,496.694427922341,9.24436569213867,-2.531034756549008,126.66493294425233,0
390028.98,697.89662945426,497.112424334171,9.54388618469238,9.788251390651538,35.356106836268566,0
390066.17,695.837185013221,495.349752002403,9.38289642333984,-4.328845424913391,-55.37629580637166,0
390092.17,693.740421756478,495.696822904345,9.42352294921875,1.5625586876503772,-80.64474064396056,0
390125.0,692.570588928957,493.94716086104,9.45771217346191,1.0414018959227396,-35.63304378679204,0
390177.46,693.226760245204,494.888311427925,9.435396194458,-0.42539037369235394,12.508031190368024,0
390206.25,692.714916859488,496.099715995209,9.28227424621582,-5.318581043497459,-17.77851287656799,0
390241.31,692.547597091171,497.088789047991,9.28095817565918,-0.037537665620100184,-4.772383580061047,0
390272.01,690.40561474625,498.56480476695,9.04489517211914,-7.689348649509757,-69.77141188665352,0
390303.08,688.655231131139,499.748666554305,9.55927848815918,16.555626522044527,-56.33677551047948,0
390333.54,688.267551963779,500.70402587003,9.35365676879882,-6.750548895620877,-12.727484154970261,0
390365.77,687.781319275928,500.973636041921,9.29174423217773,-1.9209598703385786,-15.086338437804713,0
390401.53,688.030156547359,502.668106272844,9.25177574157714,-1.1176870973316795,6.958536673123006,0
390429.02,691.354182873706,503.637893646144,9.12111282348632,-4.753107242301367,120.91765465071585,0
390460.52,695.125253927287,510.137327530628,8.40353965759277,-22.780100504557122,119.71654138352234,0
390498.79,700.913728828518,519.682373621264,7.86312103271484,-14.121207861993431,151.25359031191456,0
390525.32,710.153336824117,533.054994550023,8.20077896118164,12.727400243740853,348.2701845303171,0
390577.01,718.134012303159,546.555065226088,8.16513061523437,-0.6896565282892115,154.39495993502922,0
390607.03,724.65681030414,557.755662733762,8.23159217834472,2.213909497345388,217.2817455355404,0
390636.21,724.910442846788,564.793564020588,8.30039978027343,2.3580398193532357,8.69199940534842,0
390670.52,720.74614828809,566.424860156824,8.23894500732421,-1.791162137838085,-121.3726190235575,0
390704.82,716.946605107909,562.910627939866,8.37166786193847,3.8694709800088813,-110.77385364962913,0
390735.97,715.036365479243,556.635115100477,8.51984024047851,4.75673767384292,-61.32390461213864,0
390765.65,712.115122395553,552.213133194492,8.7183666229248,6.688894287262346,-98.42463219962801,0
390801.23,710.991736320653,544.927353451097,8.50298881530761,-6.053339168562197,-31.57352655709324,0
390832.03,713.62621630715,537.756866538175,9.0014362335205,16.183357734160293,85.53506449652694,0
390861.45,710.251716460627,532.465404559653,8.54719161987304,-15.439993665795805,-114.70087853585581,0
390899.63,708.172618975275,530.052369539359,8.4572696685791,-2.355210877264443,-54.45514629000494,0
390925.82,707.341259301804,528.027983123878,8.563814163208,4.068136488312006,-31.743401048907305,0
390975.06,708.865224506423,528.715216941058,8.56844902038574,0.0941278874439598,30.949740142552628,0
391008.9,708.264527061414,528.801926182925,8.75916481018066,5.635809391098574,-17.751106530985926,0
391037.17,717.524349814615,528.09751467184,9.02566909790039,9.42710603891416,327.54944298599025,0
391070.02,728.835662828647,524.135688498812,8.78110885620117,-7.444756216102299,344.33220742830827,0
391105.27,743.880614626136,518.217416547402,9.29995536804199,14.719049981299868,426.80714319117834,0
391133.45,759.217349199409,513.081162042047,9.12775039672851,-6.110893233269084,544.2418230403414,0
391165.18,773.051439624032,508.37803106259,9.12746429443359,-0.00901677576174808,435.99402535868694,0
391201.91,780.381228221116,504.563499759474,9.34956550598144,6.046861191068946,199.5586331905167,0
391232.95,780.831943602234,503.963813473474,9.00592803955078,-11.070794665922941,14.520469752495975,0
391260.06,776.547956468857,503.302604399055,9.56185340881347,20.506284369715104,-158.0223951818213,0
391295.96,770.392527055745,502.82291848782,9.36000823974609,-5.622428107722795,-171.46042933448697,0
391327.16,764.305533602289,502.159391459231,9.41757202148437,1.844993004434788,-195.09594402131646,0
391373.34,757.396649102538,501.766874465403,9.27755355834961,-3.032015225955067,-149.607719786558,0
391411.17,751.855303250685,499.35801158479,9.22634124755859,-1.3537486331238675,-146.48019698279685,0
391437.44,748.366556702404,498.363704703146,9.37336921691894,5.596801269898955,-132.8034468320729,0
391467.08,745.970342511133,496.032827824291,9.24230575561523,-4.4218441735373615,-80.8439335786032,0
391503.02,746.153155882905,495.216263751067,9.45619583129882,5.951309840945313,5.0866269274342635,0
391531.83,747.011696013582,494.666476868021,9.10145759582519,-12.313024487110654,29.800073956161476,0
391568.74,750.413496160006,494.924909170119,9.23721313476562,3.678015143335787,92.16472897389434,0
391602.42,751.694291626387,495.274675971525,9.30155754089355,1.9104633648439142,38.02836895431124,0
391629.62,752.966169202598,495.505246102478,9.14105415344238,-5.900859832761081,46.76020500773984,0
391660.73,753.728936853221,495.839164487158,9.48946952819824,11.199465598071926,24.51840728457838,0
391697.33,754.493589350229,497.113910588293,9.36721801757812,-3.3402052081968328,20.892144726974625,0
391727.48,757.450249544147,497.931017394932,9.74086761474609,12.393021464955334,98.06501472376476,0
391773.77,759.912400611339,499.643844185255,9.35385704040527,-8.360565442655192,53.189696850074704,0
391807.07,763.613744160905,502.124486481999,9.25168991088867,-3.0680819674665316,111.1514579449635,0
391836.27,766.423371194996,503.001774207953,9.47607994079589,7.684590065312672,96.22010390718843,0
391869.68,769.23596466818,502.711198345818,9.32942390441894,-4.389585045706734,84.18418058025165,0
391902.55,769.229023857839,502.889552195223,9.26834106445312,-1.8583157884341033,-0.21115942625518383,0
391935.28,770.849752370734,503.223794599064,9.3683910369873,3.0568277584497006,49.51813360504157,0
391965.62,771.20665289634,502.233875631996,9.28273200988769,-2.8233034640639882,11.763366038442612,0
391996.9,771.712553927311,502.398945719277,9.47218894958496,6.056807535073528,16.17330661670606,0
392031.0,770.469260071496,502.468190124485,9.42678451538086,-1.3315083344319878,-36.46023037583001,0
392063.01,768.672551159536,502.261031615043,9.53787803649902,3.4705879761989435,-56.12961299467182,0
392097.92,766.049943769488,501.572084616233,9.32332992553711,-6.145749383044053,-75.12481781867653,0
392124.67,764.597529523864,501.056975855079,9.35751914978027,1.2781018408658136,-54.295859649496336,0
392177.8,762.644027648561,502.398247811199,9.58388328552246,4.260570971996413,-36.76833945610452,0
392206.14,761.625570698693,500.768339354291,8.99016380310058,-20.949875879369866,-35.937083622690956,0
392238.69,763.567778538788,501.303545000047,9.55856323242187,17.462348059032024,59.66844362813438,0
392270.59,764.856198177855,499.738449274028,9.06294822692871,-15.536520548363598,40.38933037824642,0
392301.56,762.296599549404,500.599208314761,9.56033706665039,16.060343549309984,-82.64767931718787,0
392333.71,769.127279256592,500.493541030429,9.09888267517089,-14.353169252851224,212.46282137427792,0
392370.34,787.137187814883,500.571849648257,9.44612503051757,9.47972578068893,491.6709953122752,0
392402.61,810.279547276662,499.553394478017,9.24382209777832,-6.269071358521756,717.1477986305372,0
392430.23,835.521706288247,498.92677623401,9.29815292358398,1.9670827590756579,913.9087259807816,0
392460.71,867.06524236369,498.096757500826,9.42664146423339,4.2155033021404815,1034.8929158596488,0
392497.35,889.2223582657,494.554917481543,9.03296470642089,-10.74445299707902,604.7247789857189,0
392526.96,896.969758053546,491.719222558376,9.61752891540527,19.742121208493987,261.64808469552287,0
392576.12,897.99089545673,488.058458825778,9.17381286621093,-9.02595706254212,20.771712839391554,0
392608.16,897.345155385756,485.869730780667,9.62385177612304,14.04615823696641,-20.154184487339748,0
392634.58,896.222887761258,483.757066650249,9.33013916015625,-11.117055865492954,-42.47795702105382,0
392673.21,894.931927508358,483.728828048765,9.46887016296386,3.59127628287842,-33.41859313745519,0
392702.75,894.983334901634,485.586947389615,9.5196533203125,1.7191319346200387,1.7402638211254189,0
392737.73,895.480443677851,486.015508697027,9.16048049926757,-10.267948000146427,14.211228593976486,0
392764.38,897.80972646728,485.258882231276,9.75763320922851,22.407231142980088,87.40273131058196,0
392800.25,899.726085493169,484.1889804809,9.19349670410156,-15.727251327767572,53.425119205162694,0
392830.18,903.65400067246,482.788401909942,9.63154792785644,14.635857793350535,131.2367250014026,0
392863.4,908.753428935764,481.394824686421,9.60734367370605,-0.7286048811068203,153.50476409690813,0
392899.98,915.31749162329,480.105085656258,9.04229164123535,-15.447021117314023,179.44403191726613,0
392925.69,922.833900980734,482.013096023955,9.37726020812988,13.028726833693366,292.3535339337948,0
392977.72,929.102605727146,481.892106166484,9.09379005432128,-5.448205915986239,120.48250521652265,0
393007.46,935.317108472899,481.767089986663,9.34367179870605,8.402210638344263,208.96108761744233,0
393037.68,940.982369612329,480.386914614687,8.93365859985351,-13.56761081578154,187.46727794292508,0
393070.13,944.631098734702,481.03794473424,9.23309326171875,9.227570473501764,112.44157541977734,0
393103.23,946.527728778592,479.226214205985,9.27369117736816,1.226523131402993,57.30000132601915,0
393133.03,947.462661410318,478.160078222812,9.39130783081054,3.9468675651743443,31.37357824579131,0
393166.09,948.692621479447,479.728942089525,9.48534965515136,2.8445802885912563,37.20387383935508,0
393201.93,952.033742907019,480.532438594319,9.34098243713378,-4.0281031812977455,93.22325411760805,0
393234.9,956.72695009733,482.903774474618,9.72753524780273,11.724380062741758,142.34780680335734,0
393261.79,960.979663648098,483.621644729123,9.03814315795898,-25.637489395495876,158.15223320100475,0
393293.09,966.257304729919,483.122355684767,9.35706138610839,10.189080771531446,168.61473104834346,0
393327.54,971.830203936552,481.177091358389,9.30304527282714,-1.5679568441603198,161.76775636111842,0
393374.37,976.60227830847,479.041606297133,9.37027931213378,1.4357044481447199,101.90207926364035,0
393411.37,980.427316945258,477.092426863756,9.53742027282714,4.517323261982686,103.37942261589212,0
393437.19,983.300534037292,475.761511607795,9.27589416503906,-10.128819046785752,111.2787409772742,0
393465.92,986.604449882978,473.754758886734,9.55192565917968,9.60777912080747,114.99881119694167,0
393502.96,988.128312038792,471.046233953049,9.38329696655273,-4.5526104920836925,41.14098692798433,0
393537.17,990.45326636969,471.601988123466,9.88892555236816,14.780139895234734,67.96124907630846,0
393570.29,992.405189084133,469.700923294142,9.20087814331054,-20.77437829280548,58.93486456652272,0
393596.32,996.978496669675,470.909282359639,9.43370819091796,8.944681045223595,175.69372207211302,0
393633.93,1001.81484493684,472.181809142797,9.25063133239746,-4.8677707663006835,128.59208367899012,0
393663.57,1008.13797637302,472.099596124743,9.44898605346679,6.692129590729997,213.33102011393473,0
393692.26,1012.70922889616,469.600212253556,9.11893844604492,-11.503924971134294,159.3326079867402,0
393730.83,1015.60962200093,467.74152318889,9.2296028137207,2.869182465018393,75.19816190742858,0
393773.66,1014.65339402536,463.467158140182,9.11092758178711,-2.770843612741217,-22.326125976441947,0
393808.57,1009.84261714609,461.419267692085,9.50466156005859,11.27854420713587,-137.80512401218732,0
393837.19,1001.71746729645,461.06768849318,9.35545921325683,-5.21321966463256,-283.8976187855118,0
393869.27,994.715004957961,461.138066421661,9.87430572509765,16.173519695777898,-218.2812449652555,0
393907.7,988.0846657904,461.725662705032,9.69886779785156,-4.5651295146011,-172.53029319703975,0
393933.03,983.465749644084,463.15519761533,9.5844554901123,-4.516869630445628,-182.34963072692557,0
393964.29,980.840565705377,464.265596645754,9.72902297973632,4.624679770449329,-83.97901275467333,0
393999.84,979.388870608758,465.060735362112,9.79033470153808,1.7246616540557258,-40.83530510877929,0
394028.14,977.599328474777,464.960529765124,9.26393508911132,-18.600693018621126,-63.234704380978116,0
394069.11,976.873625451934,464.627769641341,9.62016105651855,8.694800278434782,-17.713034484831443,0
394096.44,976.57250374913,463.617089488484,9.71915245056152,3.6220780842631353,-11.017991321034012,0
394125.32,977.087651768074,463.475599009593,9.64857101440429,-2.4439555456100672,17.837535281993187,0
394173.74,976.779330391324,463.94571839772,9.63947296142578,-0.18789865713575707,-6.367645120819426,0
394208.19,977.990987616808,468.057732817629,9.51416015625,-3.637527000747086,35.1714724378377,0
394239.97,984.959699663137,470.983949503164,9.22279357910156,-9.168237166416512,219.27980007349623,0
394271.92,995.252072774343,473.458325084707,9.28004264831543,1.7918331522331175,322.1400034805074,0
394302.43,1007.32797985865,475.032345387663,9.16851997375488,-3.6552826797940474,395.80160879394685,0
394333.29,1021.07151929554,475.670114000996,9.28404808044433,3.7436197890312264,445.35124552483046,0
394368.8,1031.82211857904,473.076943031001,9.19155120849609,-2.604811938840218,302.7485013657341,0
394402.24,1016.97394882734,475.248320278769,9.23386573791503,1.265386645303141,-444.0242150627706,1
394429.62,941.842767184878,479.630452779559,9.18239593505859,-1.8798320984817833,-2744.0168605715576,1
394464.47,819.162233893281,487.197784258201,10.3941535949707,34.77066455991159,-3520.244857723928,2
394497.84,673.225062009312,492.836983661657,10.3144741058349,-2.3877581401160075,-4373.3045215383545,1
394524.34,524.056298607135,498.229134240058,10.8181285858154,19.005829433226374,-5629.009939704792,1
394579.86,395.331864315958,497.797923242752,10.4479122161865,-6.668162277182332,-2318.523672393169,1
394607.75,326.277853923172,494.999070948116,10.8737754821777,15.269389243133272,-2475.9415701954604,1
394636.31,304.173252269773,488.117752833643,10.438585281372,-15.237752129052412,-773.9706461274797,1
394672.62,307.041206608291,484.66907673677,11.108980178833,18.46309274197313,78.9852475493859,0
394702.0,318.770935416482,481.18722317725,10.4673671722412,-21.838427726061905,399.2419607960905,0
394736.52,329.491599683692,481.257424227357,10.9644126892089,14.398769321188656,310.56385478575356,0
394768.4,337.302942723292,482.270118488679,10.2694988250732,-21.797800004253446,245.0233073901772,0
394797.14,343.023852518876,485.254209933844,10.7603359222412,17.078535044125253,199.05740416095597,0
394828.17,345.177748538883,486.5204930363,10.5065631866455,-8.178302790716955,69.41334257199753,0
394864.49,345.528701771158,489.492178929146,10.8097743988037,8.348326325940013,9.66280925867114,0
394897.7,344.29310490229,490.212762380151,10.2824306488037,-15.879065040640388,-37.20556666266894,0
394924.86,341.919840001456,491.590428918048,10.7972431182861,18.954803736483285,-87.38088736510403,0
394979.05,339.77674043411,491.659688821535,10.2893829345703,-9.371843213061062,-39.547879080012784,0
395005.66,340.049838555871,491.865406748772,10.7061767578125,15.663052357851136,10.262988416427602,0
395035.65,338.429120959999,491.235133213041,10.308666229248,-13.254769208531219,-54.04193384025896,0
395073.9,339.57294979577,492.401004154062,10.8425045013427,13.95655613319477,29.904021850221945,0
395100.27,347.840192113967,494.79932315058,10.1326274871826,-26.91987160258728,313.5093787712734,0
395131.48,359.161381246463,499.992708364744,10.6149959564208,15.455574150553575,362.7423624642583,0
395166.16,371.924802575707,507.0181511455,10.4689121246337,-4.212336556722316,368.03406370376536,0
395200.69,386.221096727673,514.512271513107,10.4524612426757,-0.4764228774395423,414.0253157241359,0
395231.71,402.113141492324,521.001606209598,10.2492141723632,-6.552129926253319,512.3160788085582,0
395264.97,413.294345870799,525.81309794871,10.0802135467529,-5.08119740260218,336.1757179341984,0
395295.07,434.176289378551,528.530411093577,9.28193092346191,-26.521017385051916,693.7522760042448,0
395324.03,461.240014634059,526.348083264959,9.31883811950683,1.2744197529314016,934.5208997060904,0
395376.2,492.714496266354,524.99015577979,9.17472839355468,-2.76231025401946,603.306145913453,0
395407.77,522.537010216901,522.974577150268,9.37239646911621,6.2612630839874885,944.6472584903509,0
395439.92,552.1183336942,519.867159989264,9.08300399780273,-9.00132103619884,920.1033741005039,0
395468.43,566.365791462086,515.841387836078,9.06126022338867,-0.7626718489671561,499.7354531000113,0
395500.2,570.039650064479,516.879868716852,9.0432071685791,-0.5682422036373853,115.63923835035749,0
395536.05,567.103165089679,515.755703351418,9.39090728759765,9.698748089784523,-81.91032007815667,0
395567.82,562.538970407045,516.827303460696,9.19964790344238,-6.020125406205785,-143.66366643472927,0
395602.62,555.705258615894,519.782451176264,9.17258262634277,-0.7777378476901847,-196.37102848141677,0
395630.05,552.292225893704,523.996086228029,9.30147171020507,4.698836451415683,-124.42700409007894,0
395660.23,550.440522820583,526.617071108132,9.23652648925781,-2.1519291235014433,-61.35530394702931,0
395694.45,548.561770322494,530.131545140343,9.33732032775878,2.945465765659857,-54.90217703352995,0
395730.09,547.690542730435,530.08063455896,9.501314163208,4.6013983010425425,-24.445218632397033,0
395773.65,548.495364634229,530.283952426321,9.30038452148437,-4.612709865097378,18.476168590311737,0
395803.19,547.207552192038,526.874833619104,9.31975364685058,0.6556914477394948,-43.59554645199476,0
395840.8,547.101875188138,525.266420862049,9.12025451660156,-5.304417182905982,-2.809811324115043,0
395869.16,546.500282875366,524.721356159751,9.25403594970703,4.717257866908838,-21.212704963763166,0
395903.38,546.117509166373,524.746109390602,9.14826393127441,-3.090941508840602,-11.185672384355964,0
395936.14,546.508658041838,524.506256885233,9.25091743469238,3.1335013253339303,11.939831363396426,0
395965.02,549.05208701036,527.985050445456,9.27864074707031,0.9599484895404085,88.06887010116287,0
395998.82,555.877474304866,530.012629137643,8.8765811920166,-11.895253108102054,201.93453534048587,0
396033.25,568.367841803963,529.176837422211,8.91746520996093,1.1874533239715046,362.7757043014654,0
396064.01,580.653938865403,528.886191738983,8.84774208068847,-2.266681705866054,399.41797989064776,0
396093.21,593.523610425047,527.176321978305,9.14374351501464,10.137035422125072,440.74217669996,0
396130.75,605.653533190824,524.551767424788,9.06146049499511,-2.191875866264662,323.11994581203425,0
396173.55,615.130542917518,521.050388823906,9.45382118225097,9.167305777008552,221.42546090412714,0
396205.34,620.249301986258,519.432800951347,9.04887199401855,-12.738256943439621,161.01790087241335,0
396241.13,625.511601278385,518.365238605758,9.42978858947753,10.643101298105723,147.03267091729631,0
396268.23,630.469587325443,519.869201230379,9.34965133666992,-2.9570941995453484,182.9515146517418,0
396303.95,636.48307200043,520.383003513724,9.33357238769531,-0.4501385491208217,168.35063479792598,0
396334.12,641.345175503832,522.809789378366,9.26467895507812,-2.2835078759439265,161.1568943786773,0
396368.71,648.766010257437,524.662913502309,9.07785415649414,-5.401121670536013,214.536997791253,0
396404.23,658.063776742775,526.086352385849,9.63174819946289,15.59386382233579,261.761443844267,0
396431.62,664.620740332951,526.699608939823,9.01845932006836,-22.390977706981325,239.39261008297382,0
396458.86,669.202466451921,527.203647763926,9.01419639587402,-0.15649501447653993,168.19846251731505,0
396493.44,672.237959194538,526.973310728959,9.17046546936035,4.519059383639568,87.78174501490808,0
396528.49,672.918437681635,525.063379735162,8.81638526916503,-10.102145511995355,19.414507477810954,0
396574.73,674.294682123347,523.200696985808,9.51149940490722,15.03274515013688,29.763071836337026,0
396608.19,673.721798074863,520.143724749527,9.30335998535156,-6.220544517499355,-17.121459906861862,0
396637.06,675.205828147135,519.88140052751,8.95528793334961,-12.056531070384741,51.403881963012616,0
396669.82,677.927994944533,519.393348742767,8.99969100952148,1.3554052555512461,83.09422458477543,0
396700.7,681.369253075977,521.154888744627,9.10818099975586,3.513276885827791,111.43970632912787,0
396739.72,681.652760708325,522.018957653467,9.23606872558593,3.277491692214268,7.265700470227904,0
396765.06,684.129495877043,523.195404619913,9.24405097961425,0.3150060784653609,97.74014083328916,0
396797.66,685.133368960754,521.876358256076,9.10154342651367,-4.37139733437676,30.793652874589913,0
396833.98,685.839111547027,519.298754238805,9.25191879272461,4.1402909199039195,19.431238608834484,0
396860.61,692.374326047874,517.70890336817,9.37557220458984,4.643387602899332,245.40797975388193,0
396895.37,702.237526086974,516.232581379416,9.39142227172851,0.4559858210203065,283.7514395597623,0
396930.46,714.522630062156,515.24592645078,9.56439971923828,4.929536834130604,350.10270661650407,0
396959.83,729.54861919741,513.40401639042,9.08123016357421,-16.451125490777876,511.6101169648034,0
397004.89,744.895612308883,512.112349691542,9.76613044738769,15.199739986984365,340.59017113790065,0
397038.91,753.945202302695,511.039446029286,9.32092666625976,-13.086530897367656,266.0079363263527,0
397073.18,759.771163072014,510.623656322902,9.34744834899902,0.7739037857964743,170.00177325112054,0
397100.93,764.846306451716,510.416888740812,9.69672203063964,12.586438978040349,182.88804971899145,0
397136.5,766.562238327262,510.24478896023,9.29326057434082,-11.342745468055666,48.24098609911755,0
397167.85,768.794565901145,510.154952180348,9.68461990356445,12.483551171416904,71.20662117654494,0
397197.33,772.422622680497,508.160146232511,9.38953399658203,-10.0096983372464,123.06841178246876,0
397237.75,776.510927025846,507.087648776985,9.33978080749511,-1.2309052223389274,101.14558004330867,0
397262.25,779.600375885883,504.772825604193,9.37162399291992,1.2997218540738782,126.09995347089834,0
397293.84,782.788038587257,506.311297051749,9.35903549194336,-0.3984963905207508,100.90733464297142,0
397324.94,784.569403740169,507.218698347655,9.33849334716796,-0.6605191246114112,57.278622280172485,0
397359.2,782.867346998277,510.791661955263,9.48469161987304,4.267316774811447,-49.68058207506178,0
397407.42,769.183015972521,515.656641411394,9.17761802673339,-6.368179036495813,-283.7895277014483,0
397440.76,750.894855042079,521.321407237216,9.25658226013183,2.3684533112891537,-548.5351208886614,0
397470.03,730.555166590216,524.876578818532,9.06220436096191,-6.640857504946922,-694.8988196737303,0
397500.85,710.514654678864,527.596542525025,9.39259529113769,10.720017202346806,-650.2437349573443,0
397536.09,690.545586403746,528.501552424226,9.41408157348632,0.6097128929795531,-566.65914515012,0
397569.34,682.478856883423,527.294866484774,9.00054931640625,-12.437060363310353,-242.6084066262576,0
397597.9,679.848783479977,525.735581075842,9.35749053955078,12.497941986854292,-92.08940488256971,0
397632.73,683.878825628783,524.410801098153,9.09321784973144,-7.5875018610295,115.70606226847246,0
397664.96,696.402125099606,524.670402657627,9.05545234680175,-1.1717500133305274,388.56033108307736,0
397693.67,713.385034780958,522.292252403462,9.30238723754882,8.601006295624833,591.5329042624185,0
397727.52,732.470203019347,522.298667549602,9.15822029113769,-4.258993985553339,563.8159006903777,0
397759.19,752.328569839017,521.090499453751,9.26676750183105,3.4274458697005126,627.0403163776508,0
397806.37,768.521110002894,520.260897397555,9.56974983215332,6.4218382857633705,343.2077186070259,0
397840.06,775.208717828552,519.449753896713,9.01968955993652,-16.327108109728773,198.50423940806007,0
397868.4,778.798948661399,522.202737376558,9.57152366638183,19.4719162471705,126.68422134240286,0
397902.67,780.214742471067,520.923877159919,8.94950866699218,-18.150423092803287,41.312921204249726,0
397935.51,778.527521433309,522.379410992864,9.42312240600586,14.42185563377922,-51.37701089393179,0
397965.4,777.260772694125,520.373587694436,9.23174858093261,-6.40260371606423,-42.38035259897588,0
398001.87,775.285677004253,519.98387884387,9.37239646911621,3.8565365556267297,-54.1567230565805,0
398028.1,773.42327615737,516.847470745097,9.22937393188476,-5.452631995102952,-71.00270098682205,0
398063.6,769.044819416491,516.788152944975,9.61249351501464,10.792100933236036,-123.33680960222424,0
398097.07,765.231878493625,515.661113639967,9.09158706665039,-15.563383578242542,-113.92115096691238,0
398125.51,761.772904847806,516.204706887344,9.47616577148437,13.5224579758772,-121.62354591486397,0
398155.94,759.757602619627,516.319317764383,9.29746627807617,-5.872477601322399,-66.22748038709831,0
398207.79,757.33506510061,516.907388207244,9.39728736877441,1.925189791673775,-46.72203508231713,0
398239.89,756.830231241685,518.033875991792,9.39399719238281,-0.1024977069033086,-15.726911492971665,0
398267.93,757.363025041972,518.406745837825,9.28238868713378,-3.9803318562451477,19.001205431076304,0
398304.6,754.321357967363,520.596089356894,9.44589614868164,4.458889052302512,-82.94701594246924,0
398333.32,753.301783613603,522.035481998794,9.0450382232666,-13.957448656497855,-35.500499782694106,0
398369.56,754.76305931307,524.33292783821,9.40292358398437,9.875423860868151,40.32217713762138,0
398402.53,758.43326083175,525.315109548845,9.378662109375,-0.7358651686183622,111.31942731806463,0
398429.19,765.30268877464,525.769665542675,9.31051254272461,-2.5562478113449396,257.6679648498376,0
398463.56,777.657916359166,524.400524037216,9.30361747741699,-0.2006128980977567,359.4770900357195,0
398494.43,789.155875265706,521.045285190276,9.15018081665039,-4.9704133711248115,372.4638453690198,0
398523.8,800.954899479439,519.189023299497,9.35977935791015,7.136484210411704,401.7372902190964,0
398559.92,810.980922175374,516.689543741505,9.32235717773437,-1.0360514998832862,277.57537917874595,0
398609.09,816.543633851626,516.051197293365,9.39891815185546,1.5570667911536493,113.13222851835167,0
398636.43,815.411126477044,515.97785492689,9.10737991333007,-10.663432279653922,-41.42309343757752,0
398672.02,810.075024588089,518.722303443258,9.45928573608398,9.887772485351457,-149.9326184026738,0
398701.97,801.794009848829,518.169695537428,8.99299621582031,-15.56893222919516,-276.494649057527,0
398738.29,794.627731675867,518.689743738749,9.48354721069336,13.506359990995438,-197.30942106168942,0
398766.16,788.303961755769,518.239692631415,9.08698081970214,-14.229149300010265,-226.90240115174282,0
398797.21,784.56872285926,517.145496169419,9.55658912658691,15.12426109127429,-120.29754900172077,0
398833.61,783.415232998699,515.767036733739,9.33640480041503,-6.0490199497827355,-31.68928188357345,0
398863.23,783.601452157956,514.189903352636,9.13816452026367,-6.692784610107739,6.286939880386101,0
398897.39,779.672409665593,514.26536396755,9.36690330505371,6.6961002573132555,-115.01880832433433,0
398926.39,776.299109866249,513.265613502115,9.10431861877441,-9.054644354458574,-116.32068273600233,0
398961.67,773.079192006988,515.206671285711,9.428071975708,9.176682452774035,-91.2675130176784,0
399006.51,769.92341109305,514.423931391699,9.22943115234375,-4.429991600449092,-70.37870013238563,0
399037.54,764.884721533658,517.771301893604,9.46998596191406,7.752330311651479,-162.38122975820167,0
399074.68,763.291604788207,520.766859424754,9.27483558654785,-5.2544527562234125,-42.89490429322486,0
399102.84,760.877258832004,523.261468349181,9.60076332092285,11.574138294553364,-85.73671719460832,0
399133.17,760.984229960024,525.084910292872,9.34146881103515,-8.549110118300657,3.52690827629732,0
399164.12,764.521815140112,526.322331989029,9.32613372802734,-0.49547925711803487,114.30000581863418,0
399198.45,767.742667043258,526.137943489546,9.65792655944824,9.66480720712912,93.82032924976649,0
399232.43,771.039008114913,524.136170373843,9.23486709594726,-12.450249073019778,97.00827167912848,0
399262.18,773.942938139387,522.395841713669,9.55696105957031,10.826687852875645,97.61109325963004,0
399294.38,776.018921353048,520.849323233112,9.28802490234375,-8.352054572250418,64.47152837454027,0
399325.89,777.066513776247,521.498542409709,9.51830863952636,7.308274743971501,33.246347927601555,0
399358.73,778.967114175186,522.218392122974,9.34756278991699,-5.199325505771594,57.87455538796826,0
399413.92,781.186848127805,522.088830847803,9.25958633422851,-1.5940651510867259,40.2198578115399,0
399438.11,782.089897115233,523.414234288841,9.46463584899902,8.476623181913595,37.33150010037114,0
399468.75,781.679827050432,524.558172360449,9.03851509094238,-13.907335445706474,-13.383487754597736,0
399503.35,780.150994667038,526.29367228583,9.19672966003418,4.572675407280546,-44.18590703453646,0
399534.58,779.786334027824,526.013686332009,9.2999267578125,3.3044219589557966,-11.676613487468193,0
399572.25,777.828639567929,527.182948339803,9.17521476745605,-3.3106448196576745,-51.969590122000824,0
399599.75,781.846979973449,527.231072530926,9.2080020904541,1.1922662908381974,146.12146929163663,0
399631.36,792.91157535825,526.392814296697,9.23194885253906,0.7575691896542714,350.034653109962,0
399660.91,807.30182441673,522.964881866858,9.34372901916503,3.7827467555334513,486.9796635697343,0
399698.31,824.948545514481,519.828555753994,9.29795265197753,-1.2239670370981686,471.83746250641667,0
399729.29,843.832052493235,517.808743408938,9.43327903747558,4.368185458299929,609.5386371454273,0
399758.31,857.745083606051,516.371713045704,9.40635681152343,-0.9277128170962416,479.4290528189908,0
399807.33,862.639759173115,513.631796554556,9.72112655639648,6.4212514253963855,99.85058276340408,0
399837.68,863.294798676022,514.058293001813,9.39542770385742,-10.731428419746642,21.58285017817194,0
399872.78,858.321485134306,514.869269714212,9.05550956726074,-9.684277395907165,-141.6898444931902,0
399903.49,851.703616128012,514.906514811424,9.52348709106445,15.238603836023342,-215.4955716803033,0
399932.97,848.662904078651,513.974215104295,9.23329353332519,-9.84374347827147,-103.14491347906757,0
399969.14,850.385409626567,515.456138331369,9.53679084777832,8.390857463444254,47.622492339343694,0
400001.89,852.333665975525,514.497928420796,9.37954902648925,-4.8012769859257896,59.48874347963394,0
400032.8,858.238772346115,515.470888664983,9.35892105102539,-0.6673560486534188,191.04194016806252,0
400069.51,863.579384496393,514.789013545788,9.42197799682617,1.7177048706277167,145.48112640356848,0
400097.41,865.608488929917,516.063637824887,9.3742561340332,-1.7104610320082532,72.72775747407046,0
400126.66,865.11648182247,514.758550245125,9.48317527770996,3.723731407752464,-16.820755810156573,0
400161.55,866.14456148752,515.778496163904,9.31995391845703,-4.678170227941081,29.46631312839422,0
400204.64,862.533061126315,514.235080919822,9.22376632690429,-2.232248585580936,-83.81295802280938,0
400243.67,858.775185559449,514.398918902798,9.34930801391601,3.216543351571045,-96.28172090363616,0
400269.53,855.280251404387,512.692237963031,9.28330421447753,-2.552351099704842,-135.14826585677125,0
400302.92,852.118207931281,513.598507822613,9.3775463104248,2.8224646884514537,-94.70031366008342,0
400333.96,849.709924102965,512.436272101897,9.29423332214355,-2.6840524575112763,-77.58646354101244,0
400366.7,852.482342062194,511.813641740348,9.39491271972656,3.0751190465192426,84.67983992760381,0
400401.88,859.679208950859,510.234193005428,9.33534622192382,-1.6931920921760462,204.57268017812473,0
400432.2,869.965871707145,511.550683183207,9.43965911865234,3.4403989686179726,339.26987982465727,0
400464.9,881.913455646671,510.688896379915,9.29489135742187,-4.427148661480703,365.36953943491574,0
400495.84,892.278970698301,512.089356333481,9.27597999572753,-0.6112269455183603,335.0198788503317,0
400524.93,899.790917290872,512.676150204576,9.20539855957031,-2.4263126901787055,258.23123384597545,0
400561.99,905.477284121481,512.719929959925,9.2816162109375,2.056601493987967,153.4367736268045,0
400603.8,908.285715902588,512.516419805972,9.25892829895019,-0.5426431951043119,67.171293496941,0
400637.3,909.906366321308,512.019900532247,9.46337699890136,6.1029462671991075,48.3776244394048,0
400670.46,911.564034589238,509.9187345681,9.45513725280761,-0.2484845022238209,49.98999601713787,0
400702.08,913.947721577999,509.079449722322,9.44692611694336,-0.25968171613699925,75.38542026443368,0
400740.21,917.754898094982,510.408859890586,9.44709777832031,0.004502003067173556,99.84727293423809,0
400765.73,931.867678181626,508.134896577676,9.09899711608886,-13.640308081190852,553.0086240856571,0
400799.29,947.37722697167,505.729539262772,9.49968338012695,11.939400001135795,462.14388528143655,0
400835.41,965.434342060638,504.966428272994,9.48652267456054,-0.3643606192251246,499.9201298164536,0
400865.29,981.626696090326,502.886272505226,9.36458587646484,-4.080883470404303,541.9127854647111,0
400898.03,997.184896207658,500.334394315585,9.62762832641601,8.034283749260148,475.2046462220124,0
400929.13,1001.95400224382,499.39850208016,9.14385795593261,-15.555317378899113,153.34746096995542,0
400959.61,1003.95381587745,501.940715415555,9.54245567321777,13.077352929311136,65.61068351808372,0
401005.66,1002.58885686571,503.311403148578,9.00306701660156,-11.713108721310435,-29.640803729431685,0
401040.49,999.968710729485,507.395145370626,9.40787315368652,11.622341001572487,-75.22670503082908,0
401074.99,995.367162841037,507.672934690095,9.0889835357666,-9.243177331012175,-133.37819966515806,0
401102.41,992.155044953895,509.639859092818,9.48992729187011,14.62231058000542,-117.1450724706052,0
401133.44,991.824984792274,507.388132285639,9.12943840026855,-11.617431247219987,-10.636808302309575,0
401170.63,991.237629504406,505.49758345419,9.55787658691406,11.520252397028356,-15.79336617015324,0
401199.7,992.72126054723,501.172098163082,9.00137901306152,-19.143363393615655,51.03649958113917,0
401231.7,994.175645517097,500.017709364225,9.55006599426269,17.146468162536564,45.449530308342645,0
401260.41,996.184838066758,498.78367248075,9.16285514831543,-13.486967814272473,69.9823249621581,0
401295.74,992.166756154876,499.131654274344,9.18293952941894,0.5684795104302585,-113.73002864081789,0
401324.86,989.66815278958,500.161919706277,9.21392440795898,1.0640411586554188,-85.80368699507034,0
401363.81,989.475560854325,501.246355755438,9.07745361328125,-3.5037431239458288,-4.944593973169136,0
401408.36,993.285417922314,502.049758693079,9.12797927856445,1.1341339008577505,85.51867717149294,0
401438.47,994.51663245467,500.699267968236,9.14660453796386,0.6185738757694836,40.8905523864698,0
401468.47,1002.02241505814,501.651790220143,9.16703224182128,0.6809234619140033,250.1927534490013,0
401504.96,1006.70382235069,499.924844606665,9.05668258666992,-3.0241067457169697,128.2928827772992,0
401534.09,1012.09248419946,499.44753867578,9.26138877868652,7.027332372693686,184.98667520663312,0
401569.8,1012.58621878065,497.426283909049,8.94887924194336,-8.75131718688005,13.826227420624425,0
401602.09,1014.85242827946,496.56571401402,9.34438705444336,12.24861605758884,70.18301327988141,0
401630.28,1015.89555333235,494.356629197612,9.06326293945312,-9.972476587095299,37.003371865551784,0
401665.8,1018.51749621944,492.640769530131,9.35048103332519,8.086094985146126,73.81595965914678,0
401696.35,1021.94664821957,491.385022232016,9.29102897644043,-1.9460575085035337,112.24720131362669,0
401728.87,1023.48430429984,491.135520444678,9.23006057739257,-1.8747970186908218,47.28339730224966,0
401761.07,1026.45932749144,491.292635313927,9.13015365600586,-3.1026994219463897,92.39202458381847,0
401806.08,1028.78407213418,490.034760440169,8.88699531555175,-5.402318161609828,51.64951439101165,0
401837.62,1029.12098000461,490.435633653123,9.54305648803711,20.800924936138067,10.681923602732784,0
401870.57,1027.13340643493,491.240380883747,9.00238037109375,-16.4089868571523,-60.32089741059637,0
401903.65,1025.66063908414,492.197679951096,9.07670974731445,2.246958168702024,-44.52138303474337,0
401938.1,1023.70011854634,494.734872646099,9.58820343017578,14.84742185375969,-56.9091592976094,0
401965.84,1019.5937585045,496.927369424213,9.07808303833007,-18.389343613727867,-148.03028269044017,0
402003.41,1017.24325338282,500.504039384446,9.61976051330566,14.417819403149583,-62.56335165513038,0
402035.1,1016.83053380712,501.309096860901,9.005126953125,-19.39518965543122,-13.02365338276814,0
402067.67,1011.70106403687,502.763542624235,9.44051742553711,13.367837654652012,-157.4906285001201,1
402096.35,961.191293797201,505.090133884697,8.93654823303222,-17.572147576883285,-1761.1495899470476,1
402127.47,863.128254560774,510.964296012112,9.94923591613769,32.541377991825904,-3151.125939474344,2
402157.59,740.503911246788,513.912591939745,10.6315326690673,22.65261463905698,-4071.193337110493,1
402206.13,603.562883235456,519.91973095058,9.91476058959961,-14.766627100700441,-2821.199588203361,1
402240.66,472.065407295574,524.953964944321,10.7703495025634,24.77813243453637,-3808.2095551693374,1
402273.98,387.410694902578,526.698950586052,10.114574432373,-19.681124555530072,-2540.657634843286,1
402303.3,353.406401373964,525.197480125955,10.2184581756591,3.5431017491839807,-1159.7644450411278,1
402333.45,342.843497294536,524.622465650535,10.4417037963867,7.404498199914662,-350.3450772610228,1
402369.16,344.293230143366,522.413288330786,10.2307605743408,-5.907119071579908,40.59739145425594,0
402400.78,347.896050398033,520.497568565664,10.5218410491943,9.205581114895846,113.94118452438171,0
402429.58,350.33639154503,520.791586731231,10.1474475860595,-12.999773025519183,84.73406760409526,0
402465.5,352.318961585247,521.562281256757,10.523042678833,10.456433540469707,55.1940434359107,0
402495.56,353.641822066672,522.258774565845,10.2141094207763,-10.27722082690369,44.00733471141332,0
402526.0,356.223577151347,522.537338349771,10.3248023986816,3.6364316000424313,84.81455600114408,0
402562.83,358.76097627196,523.013435299358,10.3466033935546,0.5919357825954668,68.89489874047926,0
402605.33,358.358269964509,521.407993618782,10.1691341400146,-4.175747142117646,-9.475442528257778,0
402640.45,355.988755094789,520.538437356851,10.2242946624755,1.5706299106180954,-67.469102212994,0
402671.15,355.182920124936,521.999555654644,10.1177787780761,-3.4695727817380932,-26.248696086406365,0
402704.41,352.370594036285,526.036143969693,10.0511455535888,-2.003404223914585,-84.55580543160329,0
402736.97,347.804125864686,531.244956866982,10.2772808074951,6.945185930783658,-140.24779396803868,0
402769.0,344.483226138535,536.819306999021,9.99924659729003,-8.680431164683943,-103.68091558376926,0
402797.03,342.7201705,542.494670588616,10.0307750701904,1.1248117338686365,-62.89888114638679,0
402828.99,338.120775920152,543.922238739115,9.73042488098144,-9.39769052594836,-143.9109693320816,0
402864.06,338.051441184109,542.8249053203,9.85007286071777,3.411690326099403,-1.977038381607929,0
402900.3,345.637365874162,541.64653094094,10.0234508514404,4.784160891906019,209.3246327277853,0
402926.07,357.383589479718,539.203803655994,10.2384567260742,8.343262500335442,455.8099963347888,0
402960.97,370.58978347065,538.807774874232,10.0014209747314,-6.791855339342042,378.40097395258437,0
403006.67,386.371165036109,539.197136559248,9.78046417236328,-4.834940970854778,345.3256360055797,0
403037.39,397.999768292219,541.974852514496,9.80421066284179,0.772997736929912,378.5352622427915,0
403073.59,401.32414954692,545.028389097196,10.0640487670898,7.1778481836443655,91.83373631767752,0
403103.05,400.13381003217,546.829286574194,9.89401817321777,-5.771574808969602,-40.40527884424687,0
403134.5,397.493332963208,547.747919321709,10.0178146362304,3.9362945314017095,-83.95793542006474,0
403165.93,395.14267496456,550.596489349106,9.56019401550293,-14.559994296136543,-74.79026403590557,0
403197.44,394.198108167629,552.633262453706,9.99893188476562,13.92376608259474,-29.97673109903859,0
403235.88,404.901458992866,552.276561766129,9.45542335510253,-14.139139689465573,278.4430495639012,0
403263.9,422.379862267683,555.300446836393,9.34498786926269,-3.9413092733678368,623.7831290080425,0
403292.95,442.823683767236,557.085916069822,9.44838523864746,3.559289823917749,703.7460068695761,0
403331.6,463.022986114575,558.714475700222,9.34550285339355,-2.6618987129108094,522.6210180428792,0
403361.03,480.502595010016,559.951040970616,9.22104835510253,-4.228831066625979,593.9384605983887,0
403412.42,490.401643436205,562.232878172774,9.16560173034668,-1.0789380182116797,192.62596665105087,0
403438.0,494.430929641184,563.615397325137,9.22099113464355,2.1653402774368407,157.5170525792184,0
403470.71,493.443407545989,564.852394477272,9.18259620666503,-1.1737978593242,-30.19021996925624,0
403502.17,492.154825917395,565.682903312975,9.16394233703613,-0.5929392761895426,-40.959365181039864,0
403533.51,492.401061897432,564.69996803753,9.21011924743652,1.4734176898644826,7.856923421722984,0
403574.17,491.538441827885,564.296593204088,9.10429000854492,-2.6027850194703994,-21.21544686540948,0
403601.86,489.2604155011,562.755229971551,9.06778335571289,-1.318405663850719,-82.26891754369052,0
403630.88,487.540106275759,562.051947455041,9.26121711730957,6.665532791059804,-59.2801249255649,0
403665.95,486.592047516556,561.719968839348,9.1160774230957,-4.138571263582602,-27.033326467145436,0
403693.34,485.427203736794,562.10794385784,9.05010223388671,-2.408732720297775,-42.528067899284956,0
403728.83,482.503367597882,562.405579808175,9.11799430847168,1.9129916761055967,-82.38478836046141,0
403760.0,479.216777652932,563.895339355109,9.14786338806152,0.9582637019523842,-105.44080670361564,0
403806.16,475.9844033631,563.408733214297,9.27214622497558,2.692435808365028,-70.02543955445877,0
403842.96,480.394565060337,562.960057297433,8.89183044433593,-10.33466795215133,119.84135046824551,0
403872.51,488.27532883195,563.536556670002,8.75515937805175,-4.625078385253249,266.69251342186396,0
403904.81,498.883607609157,562.533480096331,8.93311500549316,5.509462149890834,328.42968350498006,0
403933.4,511.198718914429,562.031334425809,8.94355773925781,0.365258263890901,430.7489088933516,0
403968.66,525.656842705622,561.654470710198,8.67427825927734,-7.636967668203174,410.0432158597016,0
403997.72,533.017577015906,561.584744907979,8.64964485168457,-0.8476740396686806,253.29436718116233,0
404034.88,537.974697376803,561.68888524106,8.95628929138183,8.252003221124632,133.3993638560984,0
404065.49,547.306390956342,561.705358731322,8.88702392578125,-2.2628345508203926,304.8576798282702,0
404096.5,562.076862805217,562.196844783943,8.90911102294921,0.7122572450162281,476.3131844202049,0
404130.58,577.993243379186,561.985807076634,9.1922378540039,8.307712178830807,467.0299464190525,0
404159.38,595.050391087568,561.15444846419,8.77046585083007,-14.644861221319458,592.2620732079474,0
404210.67,613.803237888124,558.964904617566,9.11968231201171,6.808665649869044,365.6238409156511,0
404244.45,626.397747704162,558.918172508961,9.04020309448242,-2.352848357881114,372.839248550254,0
404271.28,633.047405534934,556.902157794886,9.25094604492187,7.854750295912097,247.84412339798425,0
404305.53,633.731811179067,556.402213194114,8.97637367248535,-8.016711603985982,19.98264654402902,0
404334.7,629.405953775448,555.619716752578,8.93351554870605,-1.4692534720371744,-148.29816261986383,0
404364.79,621.202059481882,555.324351912684,9.19378280639648,8.649626377225438,-272.6452074966732,0
404402.4,611.908761897703,555.06171162719,8.96567344665527,-6.065125225762898,-247.0964526500406,0
404430.57,602.764889641295,556.15781283765,8.89852523803711,-2.3836779772168746,-324.59610423902456,0
404463.6,596.730323705672,557.592414151954,8.85981559753418,-1.171953996456711,-182.69954391851246,0
404497.55,595.377551270801,559.434568441838,9.02532577514648,4.8751156881368,-39.84602164567408,0
404528.8,595.001544767891,561.599141010084,8.93056869506836,-3.0322265624998863,-12.032208093118243,0
404561.96,600.708100761034,561.945117841939,8.95892143249511,0.8550282698046694,172.09155588472095,0
404608.97,609.671671624182,561.633450296016,8.94238471984863,-0.35177010522225105,190.6737048108342,0
404639.47,624.259382373108,560.304228652332,9.08801078796386,4.774625184105929,478.285598325444,0
404674.98,636.600779652958,558.382524272165,9.00461196899414,-2.348600928462337,347.54709320886286,0
404703.82,651.291002304295,556.10883493788,8.96309852600097,-1.4394397709131173,509.3697174522897,0
404738.75,671.231577315683,556.04575148941,9.13630485534668,4.958669606233749,570.8724595302596,0
404765.65,697.494675711462,554.051135553891,9.03047561645507,-3.934172449498842,976.3233604370369,0
404801.76,721.48534253031,552.89074425583,9.01923179626464,-0.3113769091784558,664.3773696720381,0
404830.03,745.57885915705,551.316069719924,9.1102123260498,3.2182713047435394,852.2644721161694,0
404861.41,767.842084996634,550.783733837861,9.39385414123535,9.038936111728313,709.4718240797297,0
404898.66,777.658903119191,548.796410010732,9.0509033203125,-9.206733447593283,263.5387415451554,0
404929.22,775.729712491309,548.575948119773,9.21346664428711,5.319480496551759,-63.12796557206004,0
404962.54,773.317789342324,549.495859496947,9.00489807128906,-6.259561014345887,-72.38664912918684,0
405006.41,771.639629206187,549.884791335846,9.27715301513671,6.20594811597169,-38.25302339040677,0
405039.78,776.725479813633,549.243271565375,9.11353111267089,-4.903263484134184,152.40786956661162,0
405075.32,785.212375703681,547.6441367429,9.13928031921386,0.724513408637752,238.79842121702328,0
405103.28,800.329909527304,547.193527790279,9.19692993164062,2.0618602441600995,540.6843284553543,0
405138.24,812.717500875477,545.111732092932,9.26882743835449,2.0565648373554732,354.33613696184545,0
405166.56,827.494983686731,543.680547242954,9.01637077331543,-8.914430262676499,521.8037715836991,0
405196.88,831.951971424182,542.47684034844,9.01968955993652,0.10945866164542985,146.99827630112287,0
405234.32,833.690203207968,543.629514231914,9.16173934936523,3.7940648885871293,46.42713097718668,0
405261.89,832.533044794026,544.201935275955,9.05668258666992,-3.8105463436809615,-41.97165085026345,0
405296.01,830.179096783736,544.945547813762,9.17115211486816,3.354909970640564,-68.99026993816794,0
405328.11,832.829337784103,546.089671031731,9.25638198852539,2.6551362510059793,82.56202493361228,0
405359.24,841.611436683081,546.232534225927,9.10809516906738,-4.763469947253106,282.11046896809165,0
405413.22,856.878750015404,544.494574047957,9.24510955810546,2.538243590924933,282.83277755331994,0
405438.59,869.726238524492,542.591075766076,9.05107498168945,-7.648189846890056,506.4047500615273,0
405468.71,884.569189646876,539.891266289781,9.3848705291748,11.08218949154719,492.79386196501525,0
405506.85,892.260425294014,538.538543694551,9.18437004089355,-5.2569608883451115,201.65798760217413,0
405536.43,894.626585167146,538.764898969094,9.16156768798828,-0.7708706188389899,79.99188212071338,0
405567.5,893.705478249761,540.298090622487,9.37654495239257,6.9191266303264065,-29.64618337254023,0
405600.13,902.179622006802,540.931417792786,9.31085586547851,-2.0131500739825183,259.70406855776315,0
405630.97,914.86513148693,541.819766131746,9.42609786987304,3.7367705705139844,411.3329922224828,0
405664.04,931.205707909712,541.422580266791,9.29366111755371,-4.004740015703134,494.12084737764224,0
405695.95,949.352058672144,538.820807881551,9.20742988586425,-2.7023262829636594,568.6728537265269,0
405731.27,968.311671275585,536.501604205564,9.57758903503418,10.48015711126432,536.795373823251,0
405763.13,976.68305805297,532.556151574445,9.22322273254394,-11.12260836441918,262.7553916317832,0
405803.19,981.415808240491,531.255376374786,9.50357437133789,6.998293529554841,118.14154237446996,0
405839.89,981.245743035453,529.564923591445,9.31534767150878,-5.128792910873317,-4.6339292925867,0
405869.92,983.461130062391,530.639762715245,9.59275245666503,9.237588583301019,73.77246176957354,0
405904.39,979.323145349253,529.7665732884,9.37617301940918,-6.283128437936186,-120.0459736911639,0
405934.24,978.449920975499,532.334072747985,9.65669631958007,9.397765499869626,-29.253747864476487,0
405969.06,973.335825761047,532.111455120205,9.28816795349121,-10.583812926156984,-146.87234963960435,0
405997.77,968.367769630449,532.493696399881,9.4057559967041,4.095717283622599,-173.04270743972145,0
406033.6,962.864591540093,531.334232912976,9.57758903503418,4.795786724261259,-153.591350554351,0
406063.71,960.674080395564,532.321475240209,9.72181320190429,4.789909228492135,-72.75028709816462,0
406095.2,957.029412321777,532.593849982727,9.43785667419433,-9.017355595746052,-115.74049138736318,0
406128.25,955.265628123435,534.652669492685,9.43350791931152,-0.13158108571292754,-53.36714669720558,0
406160.31,954.851470975139,535.912009375602,9.44372177124023,0.31858552491302805,-12.91818927935212,0
406208.43,952.73926722303,538.434549132897,9.31763648986816,-2.620226129926902,-43.89450856419904,0
406242.52,952.539303546917,539.823360610412,9.31466102600097,-0.08728260097356459,-5.865757586177157,0
406271.23,950.369870454993,539.88818223639,9.37577247619628,2.128577157624173,-75.56367439661564,0
406302.68,953.242912712105,539.881644258329,9.47281837463378,3.085720141095837,91.35269497967789,0
406333.09,956.95933879159,539.238994347618,9.17996406555175,-9.630197602160985,122.21065700365125,0
406367.62,965.023570138685,536.81670609683,9.35797691345214,5.155309814669704,233.54275549093956,0
406402.7,972.193080208019,533.649025957559,8.95774841308593,-11.409022245325632,204.37599969585457,0
406429.78,982.367207061757,532.984078727655,9.50626373291015,20.255366315505487,375.7063092220049,0
406463.54,989.1128895554,529.404822905477,9.29803848266601,-6.167809545155225,199.81287007265362,0
406493.54,994.481230398075,527.800894629054,9.44698333740234,4.964828491210997,178.94469475583418,0
406527.13,996.025515170122,528.617003525799,8.95792007446289,-14.559787524235684,45.97453920946287,0
406565.67,994.165616629985,528.81522739556,9.44978713989257,12.762508184482254,-48.258913859315555,0
406594.22,993.730610619102,528.659612966012,9.39230918884277,-2.0132382154053516,-15.236637859307704,0
406641.57,991.126435421383,532.089218806242,8.9483642578125,-9.375816917211033,-54.998420226336904,0
406670.92,992.996613182643,534.560956536232,9.20926094055175,8.889154437460228,63.71985557960892,0
406702.62,996.099650779959,534.932485038689,9.27111625671386,1.9512718032203993,97.88762136639814,0
406739.73,1005.02848471373,537.458450239168,9.09547805786132,-4.732907541164295,240.60452529707223,0
406767.31,1011.62924134382,538.607749245913,8.89906883239746,-7.121436746328644,239.33127737803179,0
406802.99,1020.78320397804,538.340780041853,8.99688720703125,2.741546374265975,256.5572487169775,0
406834.69,1024.99990236284,538.845686562752,9.17415618896484,5.5920814490071,133.01887649206463,0
406862.33,1027.94311241579,540.061453520981,9.21269416809082,1.3942828916773025,106.48372116311577,0
406897.92,1027.55951756991,540.159989175291,8.87909889221191,-9.37328676255171,-10.778163694305954,0
406930.18,1026.56845882339,541.236015558333,9.27832603454589,12.375298894416112,-30.720977883435378,0
406960.13,1026.102357047,542.029528477116,9.11905288696289,-5.317968199764175,-15.562663652419085,0
406990.52,1025.94995538906,540.773890569023,8.96169662475586,-5.177896091048336,-5.014862057907875,0
407041.16,1026.19821041664,539.151815565733,9.35028076171875,7.673462420284954,4.9023504656429875,0
407072.65,1027.06062644272,537.665201496888,8.77850532531738,-18.157365398554553,27.38698082180337,0
407102.01,1027.81894439693,535.022024061584,8.82791519165039,1.6828973546674004,25.828268195177223,0
407136.62,1030.48720335826,533.757137184252,9.07155990600586,7.039720148961777,77.09502922078059,0
407166.37,1031.50731456108,532.460245198389,8.79295349121093,-9.3649215057119,34.28945219562562,0
407198.7,1034.01692712427,533.117495800543,9.05628204345703,8.14502172118671,77.62488596315615,0
407233.28,1008.42716333992,535.185129053545,8.71856689453125,-9.766198638681905,-740.0163037691743,1
407262.37,933.894400429149,536.70027342002,8.91700744628906,6.821607141905572,-2562.1437920541257,1
407297.02,816.74527431408,541.455441168838,9.73855018615722,23.709747182326314,-3380.927160605779,2
407328.75,685.785827535053,548.168361829426,9.75972175598144,0.6672414063735568,-4127.3068635078425,1
407361.09,544.83664101938,555.172738934545,9.68742370605468,-2.235561222223325,-4358.354561396458,1
407394.76,430.365123916361,560.845442477647,10.0898551940917,11.95222714693239,-3399.8074577687676,1
407442.94,363.394484953893,567.217256917787,10.5473613739013,9.495769609997236,-1390.0091108857962,1
407473.83,336.850212836946,567.138034001497,9.69283103942871,-27.663656020466302,-859.3160283889612,1
407501.62,327.557362400184,567.53100196975,10.3805923461914,24.748517695689404,-334.3954817117319,1
407536.9,326.473783119864,564.675442709167,9.90323066711425,-13.530659837776938,-30.713698421744645,1
407570.28,328.593941211178,563.401296529065,10.4525756835937,16.457310260017163,63.515820590584624,0
407597.83,333.035049082789,562.810780668289,10.1864433288574,-9.659976578454161,161.20173762660153,0
407633.31,337.201599337141,564.503900308753,10.263032913208,2.158669231979717,117.43377267063632,0
407660.09,337.324804924083,564.990140078958,10.1276493072509,-5.055399774345006,4.600656719265148,0
407693.61,337.52422663353,566.878642874815,10.522928237915,11.79233086708134,5.9493350073755975,0
407732.15,334.947614184985,567.30144632181,10.3221702575683,-5.209080963842895,-66.85553836384317,0
407759.0,331.661389011898,567.384836111659,9.76292610168457,-20.828460181907463,-122.39199899776045,0
407788.6,329.102652468466,567.504697354636,10.074291229248,10.519092147421462,-86.44380214304161,0
407842.39,328.423741348878,566.196681440056,10.2077293395996,2.4807233751906934,-12.621511797499185,0
407871.29,329.35360916953,565.965373431936,10.0069999694824,-6.945652945240226,32.1753571160238,0
407904.42,330.309106582475,566.59360359788,10.0832462310791,2.3014265498547695,28.840851583002937,0
407934.72,332.579574540977,567.155113741128,9.60886001586914,-15.656310733007968,74.93293592418614,0
407969.01,331.649168634389,567.470957071293,10.0551223754882,13.014358694038322,-27.13344726121182,0
407997.63,330.421172325468,570.084010420771,9.99538421630859,-2.0872871830754387,-42.90692903288733,0
408034.0,327.83703153802,571.831175861031,9.74555969238281,-6.8689723378007,-71.05143765323841,0
408064.76,324.696191818131,572.775045655231,10.1192951202392,12.150046419254723,-102.1079232733441,0
408092.08,321.40319402905,573.453467098266,9.97029304504394,-5.453955900264316,-120.5343261010317,0
408128.16,318.199776380524,574.209004579752,10.1688766479492,5.503980124874997,-88.78652019206541,0
408156.51,316.382774631606,574.669000924512,9.95876312255859,-7.411411830347449,-64.09177244852634,0
408187.86,314.971396690622,574.764691284619,10.0544929504394,3.053583026503373,-45.020030015473274,0
408243.35,317.424291397743,575.209413735242,9.89882469177246,-2.805338955973451,44.20426576178439,0
408269.0,321.298523056892,575.915767292579,9.86137390136718,-1.4600698013740652,151.04216994719303,0
408307.0,327.178076925773,576.588389091889,9.76026535034179,-2.6607513427734375,154.72510181265727,0
408334.56,333.0516864203,577.620083575792,10.2008056640625,15.984771905687497,213.12080894511917,0
408365.09,340.691429857067,579.650092232075,10.2029800415039,0.07122101019971028,250.23725636292357,0
408403.21,346.702731851357,581.510017048879,9.76538658142089,-11.479366738800184,157.6941761356427,0
408430.88,352.265240258144,581.817572278244,9.89639282226562,4.734594898619707,201.030300209262,0
408461.75,356.035497524397,582.756811600083,9.62594032287597,-8.761013909610982,122.13337435223733,0
408495.49,359.785647251113,583.983432527932,10.0471115112304,12.482844942339842,111.14848034134714,0
408526.45,360.259873209571,584.886807756568,9.84955787658691,-6.380931351529562,15.31737591917636,0
408562.63,359.164236240977,586.083077025066,10.0224494934082,4.77865165343622,-30.282945511172837,0
408590.97,357.893182920964,589.050098390834,9.66370582580566,-12.658562724169078,-44.850152435230896,0
408637.97,359.726642834798,590.104907243648,9.27869796752929,-8.191656559071717,39.00978540072261,0
408672.09,363.346327091697,590.784124510321,9.50288772583007,6.570625975979707,106.08687740015607,0
408701.97,366.598482506876,591.334915700545,9.57730293273925,2.4904687720654226,108.84054267686857,0
408735.34,372.0307689508,591.486454966528,9.73897933959961,4.844962746781516,162.7895248401343,0
408764.01,389.25752043961,591.836989518091,9.08635139465332,-22.763444190675273,600.8633236421277,0
408802.19,410.082235285827,593.54691113696,9.10614967346191,0.5185510426556789,545.4351714568043,0
408828.56,429.64500616748,594.927385056559,9.17821884155273,2.7329984107255605,741.8570679429836,0
408861.71,448.563451179097,595.690779610167,9.18085098266601,0.079400938560411,570.6921572127815,0
408900.27,464.962240138551,596.165389132962,8.97594451904296,-5.313964305577355,425.27979666636406,0
408925.57,466.915679439089,596.221986776213,8.94455909729003,-1.2405305040689378,77.21103954699124,0
408957.03,466.949013574951,596.246902052434,9.1779613494873,7.41901628089999,1.0595720235845407,0
408991.94,468.371019876011,596.570964722188,9.15204048156738,-0.7425055262085108,40.73349473105357,0
409037.86,470.684849345254,597.268725318486,8.97929191589355,-3.7619461165917074,50.38827241384605,0
409077.45,473.871020951768,598.129726354713,8.99256706237793,0.33531564749612885,80.47920198312536,0
409102.82,482.999532467426,598.236597245714,8.82445335388183,-6.626476487825381,359.81519572958814,0
409134.32,493.722929315997,597.966033909352,9.05021667480468,7.167089553106343,340.4252967800331,0
409164.28,504.889394659909,598.004904549527,8.66500854492187,-12.857414215038094,372.71246141202124,0
409198.59,517.784476658254,598.346306089103,8.79936218261718,3.915874022014569,375.8403380456392,0
409232.13,529.401169739722,599.564357398144,8.84339332580566,1.3127949668606924,346.3534013558527,0
409264.1,534.778473770705,603.989529898834,8.37512969970703,-14.646969849829222,168.19843700305412,0
409293.89,536.449789491129,611.254645722723,8.17076683044433,-6.8601164572824205,56.10324674125212,0
409325.56,535.297402579561,620.563613930741,7.9650592803955,-6.495344175842647,-36.38733538265173,0
409361.9,537.56140692406,631.553732043142,7.69761085510253,-7.359615445591117,62.300614873345516,0
409393.9,543.204785376894,640.967865873998,7.63521194458007,-1.9499659538268765,176.3555766510656,0
409437.94,556.724115093556,648.910508967083,7.57335662841796,-1.4045257984137078,306.9784222676733,0
409472.96,574.903638192639,653.866677604286,7.34338760375976,-6.566791109596723,519.1183066554378,0
409503.15,594.490243247896,657.316753916305,7.56208419799804,7.244007758803001,648.7779084218445,0
409532.84,610.623944623964,658.03646558471,7.27938652038574,-9.521646265149114,543.4052332794441,0
409565.47,626.751047953407,663.809516455236,6.1442756652832,-34.787338495384724,494.24159759330274,0
409598.04,652.755637354846,677.05465956123,3.98537635803222,-66.28490350784516,798.4215351990623,0
409629.46,679.27424895747,696.867016937645,2.23689079284667,-55.64880856725709,844.0041884974099,0
409664.25,699.486795467384,717.377827514128,3.54721069335937,37.66369360487179,580.9872523692484,0
409694.29,701.721080179491,737.057303996286,4.00869369506835,15.362283678738395,74.37698775327942,0
409731.89,683.392007154039,741.85437175447,5.16491889953613,30.750670331561345,-487.4753464211423,0
409756.02,648.923544915318,735.331402187941,6.14150047302246,40.471677309827655,-1428.4484972529788,0
409793.6,605.215102201024,721.878492732128,6.72460556030273,15.516367410349126,-1163.0772409351432,0
409840.13,564.554363604483,703.600479229763,6.96673393249511,5.2037045388402055,-873.8607048466927,0
409870.44,540.410036681499,685.569506859317,7.30244636535644,11.075962812977753,-796.579575156246,0
409903.61,542.795547634613,677.118654271056,7.20600128173828,-2.9075997473080197,71.91772544814833,0
409935.81,545.081188072917,670.144847596899,7.22794532775878,0.6814921124376362,70.98262230755462,0
409964.8,547.720167985121,664.11332862222,7.55650520324707,11.333559002704233,91.03069721299654,0
409998.26,555.828189344043,660.457479711224,7.55244255065918,-0.12141818852026542,242.31982543087298,0
410031.54,571.585019976661,657.687076148792,7.60116577148437,1.4640390872967037,473.46245891322957,0
410066.54,581.044179847263,655.257001298858,7.63612747192382,0.9989057268414416,270.261710588628,0
410096.42,591.240800572423,653.381023070662,7.53009796142578,-3.5485110608441515,341.2523669731755,0
410124.21,606.926442667567,650.626044104552,7.52042770385742,-0.34797616294880535,564.4347641282097,0
410156.83,619.354021445103,650.396952979809,7.63961791992187,3.6538999406642123,380.9803426590344,0
410194.12,622.067049062148,651.127045159794,7.77248382568359,3.563043865963936,72.75483017019641,0
410239.79,620.391181226563,652.749666938989,7.73294448852539,-0.8657617069895899,-36.69515733710517,0
410272.66,614.806599036783,653.892362561532,7.9218578338623,5.747287658562132,-169.89906266446,0
410303.44,606.958941584546,655.32120091562,7.90266036987304,-0.6236992849006839,-254.9596313265086,0
410334.24,599.977114750864,654.553260141539,8.11314582824707,6.833943453704873,-226.6826894053461,0
410365.66,597.802380375798,652.819376871186,7.96603202819824,-4.682170593536162,-69.21497056228954,0
410405.23,599.730374685293,650.564247520309,7.91687965393066,-1.2421626046897174,48.7236368333256,0
410431.2,601.698620242639,649.149600662118,7.79834747314453,-4.564196410704317,75.78920128393149,0
410460.78,601.154013924467,646.65549180152,8.2170295715332,14.154229154443493,-18.411302169428208,0
410492.67,599.184886768697,643.220927196283,8.15674781799316,-1.8903027137072026,-61.74748058240064,0
410527.86,592.510479427293,640.706649986962,8.15563201904296,-0.031707841722096265,-189.6677278034525,0
410561.83,585.067474431254,638.390094231191,8.37235450744628,6.379820088405276,-219.10523980077645,0
410587.77,580.94318110445,636.626927931651,8.4162425994873,1.6919079429843962,-158.99357466475195,0
410640.88,579.009593402157,636.724990208391,8.3686351776123,-0.8963928050275376,-36.40722467131515,0
410670.97,578.664442801385,637.592288814379,8.2331371307373,-4.503092285647949,-11.470608201140525,0
410700.2,584.052767202908,638.070964905629,8.38751792907714,5.2815873533914175,184.3422648482942,0
410734.99,588.731453002499,638.50892460427,8.34915161132812,-1.1027972908606782,134.4836389650453,0
410769.18,594.422144015135,638.463920036255,8.27107429504394,-2.283630192576027,166.44314163894643,0
410798.51,600.301814139882,638.10858277918,8.42436790466308,5.2265124316077545,200.46607994353022,0
410830.31,606.12861516969,638.223137761664,8.21920394897461,-6.451696719765608,183.23273678648025,0
410862.86,608.636316071397,638.254439116715,8.08762550354003,-4.042348554059179,77.04150235661862,0
410896.57,610.508286949909,638.096247800279,8.37564468383789,8.544027893731279,55.531619059947744,0
410927.29,611.418519520681,637.489047998244,8.17728996276855,-6.456859409815158,29.62996649651118,0
410959.0,607.565313284797,638.189931518378,8.21233749389648,1.1052516911986219,-121.51391472347834,0
410991.51,602.974474357789,638.131712215719,8.43775749206543,6.933866446289889,-141.21313217492133,0
411042.89,595.802078359038,637.70538782374,8.2851505279541,-2.9701627892432088,-139.59509534352514,0
411075.82,591.349011968025,636.896385008887,8.13414573669433,-4.585629859089013,-135.22825359896441,0
411100.71,588.200482799975,636.484671330472,8.1305980682373,-0.14253388738566727,-126.49775685207862,0
411133.35,587.166667519092,634.621388464346,8.2030963897705,2.221149556780013,-31.673262281997726,0
411169.39,587.407864438784,633.181495886691,8.45111846923828,6.881855701096626,6.692478348828138,0
411197.15,591.479820201938,632.187076438629,8.25782775878906,-6.962921846151078,146.6842854161589,0
411230.39,595.136660819182,631.597428344332,8.43066215515136,5.1995907449563115,110.01325563312436,0
411267.42,597.347803319042,631.082337657235,8.28603744506836,-3.9056092379994305,59.71219281290294,0
411296.93,601.35372430535,630.727346652947,8.3843994140625,3.3331741441582374,135.7479154966725,0
411324.65,603.146442618819,630.570727621494,8.27756881713867,-3.8539176379405933,64.67237783070071,0
411357.18,601.776486389659,630.378068555834,8.4308910369873,4.713256066669903,-42.11362524320054,0
411394.42,597.353930557477,630.156182132426,8.22701454162597,-5.474664214859852,-118.75821246463649,0
411436.88,591.48878599433,629.767553988519,8.31756591796875,2.132627798933958,-138.13340940047482,0
411471.29,587.900700326241,629.444939130203,8.2884407043457,-0.8464171352244145,-104.27450357720573,0
411500.62,583.491645624805,628.901481353658,8.22180747985839,-2.2718453626755197,-150.32576547676774,0
411533.43,582.066125757184,628.561334674849,8.48001480102539,7.869775104145668,-43.447725316095905,0
411571.84,580.971484849897,628.784471252028,8.24881553649902,-6.019246668215947,-28.498852051184613,0
411597.62,584.299717815522,629.160369808146,8.43123435974121,7.075982282482678,129.10135630833312,0
411630.27,586.705952159284,629.502986935975,8.53437423706054,3.1589548949236463,73.69783594978186,0
411658.32,590.008639679834,629.960710169751,8.31968307495117,-7.653873871994965,117.74287060789081,0
411698.54,591.585902533877,631.826779641851,8.38800430297851,1.698687917140419,39.21588398916057,0
411729.04,594.176710674177,632.839014193735,8.60672950744628,7.171318179271144,84.94452919016574,0
411755.57,594.155290936757,633.909472230576,8.27808380126953,-12.387700948978688,-0.8073779653231851,0
411791.71,592.150064404356,633.434291798994,8.39950561523437,3.359762422932852,-55.484962158277156,0
411837.6,590.564322742225,630.524449532949,8.28223228454589,-2.555531285434586,-34.55527701312983,0
411869.63,591.27414225809,627.109257098108,8.02436828613281,-8.050702416885853,22.161083854647504,0
411905.0,592.703497492099,625.25475653935,8.28194618225097,7.282383265993572,40.41151354280981,0
411932.11,595.078033408904,623.938931962143,8.28454971313476,0.09603581275515236,87.58893090395624,0
411969.89,607.264050122991,624.313004875544,8.26189041137695,-0.5997697659553723,322.5520570163554,0
411998.1,623.502525975394,626.758617180172,8.30351829528808,1.4756428185461186,575.6283535067149,0
412028.74,639.565317103819,627.655468200823,8.48193168640136,5.822891354869391,524.2425303008391,0
412067.51,655.526829910252,626.969648956285,8.47540855407714,-0.16825205891713674,411.6975188657554,0
412092.8,672.83076413741,625.546332049833,8.56584548950195,3.5759958649618406,684.2204123041668,0
412125.07,677.362447856377,624.267381807568,8.67279052734375,3.314069967206034,140.4302361005379,0
412159.8,680.538441103942,623.468627140834,8.54453086853027,-3.693050930421794,91.44812115078255,0
412190.05,682.776917512469,623.35986521346,8.59834671020507,1.7790360884231193,73.99922011659666,0
412240.73,690.649037573348,623.101616704309,8.72600555419921,2.518919573681101,155.32991438200554,0
412271.1,696.104339552281,622.813628779461,8.71636390686035,-0.31747274741065395,179.62798745254628,0
412299.69,707.032414211368,621.741469142038,8.70011329650878,-0.568401901068732,382.2341608631404,0
412333.56,713.63947694827,620.911500163508,8.74440193176269,1.3076065914944168,195.07123522004733,0
412367.53,722.181523322556,619.052850742438,8.72157096862793,-0.6720919380259038,251.45853324340192,0
412399.43,716.44951438654,617.965495509344,8.73782157897949,0.509423521993057,-179.68680050226484,0
412429.66,708.363712231838,617.230304192019,8.64315032958984,-3.1316986235431212,-267.476088478565,0
412461.14,694.117784473804,617.330019782073,8.78159523010253,4.397868504209527,-452.53900120762626,0
412491.95,683.29873957845,616.749899473372,8.81512641906738,1.0883216152175141,-351.1536804724078,0
412529.33,667.41968487996,616.539026053586,8.78422737121582,-0.8266197927114793,-424.80082125436104,0
412560.01,665.222581998323,616.052268678171,8.75458717346191,-0.9661081406100571,-71.6135228695393,0
412592.15,675.93390675358,614.757601911499,8.65954399108886,-2.9571618659928163,333.27083868240055,0
412639.82,699.719015619254,612.436899299845,8.74689102172851,1.8323270534860514,498.9534060348681,0
412667.73,723.277972735942,610.220572196543,8.50513458251953,-8.662000688255201,844.1045186925663,0
412703.83,751.866245648112,607.817044286707,8.66034507751464,4.299459695151245,791.9189172338614,0
412736.41,775.494354297025,605.9377065181,8.56773376464843,-2.8425817331592476,725.2335374138544,0
412765.76,787.414046985761,604.835539906328,8.69805335998535,4.440190641797762,406.12240847434003,0
412797.65,789.461373188865,603.992752893367,8.66128921508789,-1.1528424238771733,64.19963007535354,0
412829.04,789.493327792901,603.414651922157,8.57248306274414,-2.829122406622337,1.0179867485219576,0
412865.38,788.487297604335,600.797013883041,8.44934463500976,-3.388509293734,-27.68382467158206,0
412898.29,787.453778040154,598.297848839914,8.40734481811523,-1.2762022757387468,-31.404423098809183,0
412925.12,785.896305038278,596.647375221125,8.39158058166503,-0.587560061505444,-58.049683260345624,0
412957.23,785.049728913744,596.091931200703,8.65771293640136,8.288145585065266,-26.364874635139266,0
412992.16,786.966154932925,595.714596073939,8.48410606384277,-4.970136632082019,54.86475863673881,0
413036.77,790.748400041379,597.44644273652,8.61039161682128,2.8308799143327743,84.78469196257113,0
413073.28,797.196951524265,596.101196565571,8.47392082214355,-3.7379017988960834,176.6242531603506,0
413102.87,806.724453549215,592.761419878234,8.52087020874023,1.586663960687164,321.983846737427,0
413132.52,814.817259224404,589.149326481769,8.47864151000976,-1.4242394175526936,272.94454216467506,0
413165.08,823.382549234203,584.803065161849,8.41795921325683,-1.8637069027313888,263.0617324877035,0
413199.14,829.311852415342,580.365322538888,8.43103408813476,0.38387771221170236,174.08406286375086,0
413231.37,832.532306887806,578.278235550531,8.42785835266113,-0.0985335238483671,99.92101993378715,0
413261.75,835.78655640527,577.508859527131,8.55196952819824,4.085292150661361,107.11815396522073,0
413294.89,840.538118090013,579.1043060809,8.50885391235351,-1.301014358621362,143.37844552628306,0
413325.03,840.290111102287,580.426008603207,8.65960121154785,5.001569316332768,-8.228499924546414,0
413361.62,843.143566180057,583.718133806009,8.60670089721679,-1.4457587956028188,77.98456074808593,0
413391.37,852.993447701668,587.54394249024,8.67742538452148,2.377293690913985,331.0884545079327,0
413436.86,866.426580969889,591.60014091547,8.56801986694336,-2.4050454512671764,295.29859899370774,0
413470.46,882.892254820151,592.5166252296,8.52839469909668,-1.179320471626146,490.0498169715763,0
413502.6,903.114363416852,594.163414037538,8.56973648071289,1.2863030994482838,629.1881952933674,0
413532.79,919.554281426857,594.483745512812,8.67170333862304,3.3775044024558225,544.5484600862426,0
413566.76,927.05375871864,594.473074779661,8.45452308654785,-6.393295615984589,220.7676565138752,0
413599.99,929.46420724731,593.883086166678,8.62944602966308,5.2640067142741165,72.53832466660795,0
413629.39,929.49621165442,593.381672351931,8.50636482238769,-4.18643562160861,1.088585275848801,0
413661.08,932.552375887491,593.025401842785,8.23925971984863,-8.4286873631758,96.4393888630746,0
413696.86,939.041856203805,590.0696030795,8.28781127929687,1.3569468822884707,181.37172488315835,0
413727.6,949.016835081719,587.743857609031,8.15743446350097,-4.241275725307082,324.49508386197385,0
413757.5,960.146272844062,584.419025360027,8.4147834777832,8.606990444215041,372.2219987402769,0
413793.83,972.892599632819,582.844133950034,8.10596466064453,-8.500380323108493,350.8485215731174,0
413836.6,978.229040512009,583.11195189224,8.77776145935058,15.70719660291496,124.77065417804211,0
413869.06,978.382756523636,585.424083651619,8.55935096740722,-6.728604188022802,4.73555180612792,0
413904.88,974.777862725247,587.461849894531,8.64904403686523,2.503994122222051,-100.63913451670169,0
413931.72,969.326714862388,591.051038188562,8.47832679748535,-6.360552883013725,-203.09790845251896,0
413970.64,961.391026605854,593.0194350793,8.83752822875976,9.229224852878307,-203.89743721802392,0
413999.35,955.12543642811,592.926492264715,9.00572776794433,5.858569807899288,-218.237205773324,0
414030.15,950.066596543016,594.022421706624,8.87320518493652,-4.302681266480856,-164.2480482170899,0
414068.88,947.312459239295,594.033345472038,8.95754814147949,2.177716409579424,-71.1112136256731,0
414096.27,945.224290557961,593.496699327801,8.84013175964355,-4.286833948005884,-76.23836003406,0
414126.26,943.686619239588,592.735927441105,8.84448051452636,0.1450068317043039,-51.27280154629756,0
414157.45,941.468445259245,593.454011503623,8.6484146118164,-6.286178349148647,-71.11811415014112,0
414192.0,940.071263997608,594.120942676053,8.57923507690429,-2.002302023506011,-40.439399757958675,0
414240.96,944.583278234114,595.889803010688,8.11695098876953,-9.44207696353273,92.1571535233684,0
414268.12,954.242419629408,596.624099117389,8.11474800109863,-0.08111147536459098,355.63849025416454,0
414300.84,966.786201420937,597.950124874642,8.22598457336425,3.3996507416112025,383.3674141661796,0
414335.23,982.389990841939,597.387007782263,8.17411422729492,-1.5082973558998933,453.7304280611255,0
414368.6,996.874532300462,595.157943593321,8.34228515625,5.039584325894618,434.0587790987399,0
414399.2,1003.60196244294,592.403096707038,8.50733757019043,5.393869736609193,219.85065825066593,0
414433.72,1004.91464421361,590.582519484928,9.12858009338378,17.99659684803195,38.026702510761936,0
414463.81,1003.34633639204,586.942301496162,9.12277221679687,-0.1930168357230165,-52.120565688556105,0
414493.1,1000.89670506071,584.093375516716,9.05714035034179,-2.240760206730176,-83.6337088197939,0
414528.78,1000.30000591155,581.600429100747,8.54982376098632,-14.218514275637395,-16.723630862084487,0
414563.28,1001.73313707877,579.00562804138,9.02109146118164,13.659933338994822,41.54003383246492,0
414587.83,1003.71254552059,575.916566561185,8.83595466613769,-7.541213647415007,80.62763510472018,0
414637.85,1007.93045239564,575.488304024012,8.89652252197265,1.2108727675931046,84.3244077379728,0
414667.78,1011.85421382707,576.58408536301,8.63150596618652,-8.854545799721874,131.0979429142416,0
414704.83,1014.42725705237,577.944874625249,8.92330169677734,7.875728221077248,69.44786033200594,0
414736.15,1016.90175952272,578.372222425229,9.09293174743652,5.416029714531987,79.00710314014806,0
414763.96,1018.66510364886,578.220064425829,9.01468276977539,-2.8136993046075442,63.40683661057901,0
414799.24,1019.04313969446,577.544874106026,9.01139259338378,-0.09325896801624907,10.715307414974324,0
414828.44,1017.79423547752,574.18236088173,9.01634216308593,0.1695058117174055,-42.77069236094154,0
414862.25,1015.71802548326,572.079416590195,8.77112388610839,-7.25283280028269,-61.40816309553844,0
414898.2,1012.30024837874,570.896663242334,8.86748313903808,2.680368648947423,-95.0702949796644,0
414922.96,1012.05071947852,570.956778355091,9.00343894958496,5.490945498660235,-10.077903886101096,0
414956.37,1011.90154929822,571.842821376319,8.25579643249511,-22.377806557630116,-4.464836285548921,0
414993.44,1013.46509439513,573.594860355249,8.72388839721679,12.627244799611315,42.178179037220204,0
415037.92,1016.475130446,575.136476291303,8.65101814270019,-1.638270110535753,67.67167380555857,0
415072.18,1020.88286366126,575.741500697166,8.80665779113769,4.542896918781603,128.655376977782,0
415105.77,1022.09957538376,575.348539715349,8.88250350952148,2.257985066499941,36.22243889547724,0
415134.25,1022.60987815958,572.912807742347,8.80768775939941,-2.6269575183328384,17.91793454425459,0
415164.73,1022.55799767753,570.533550546109,8.76454353332519,-1.4154929814385464,-1.702115552823337,0
415196.81,991.109542682129,571.609272796688,8.58939170837402,-5.4598449174277155,-980.3134350182362,1
415233.41,905.182254063586,577.911337036488,9.38761711120605,21.809437235861676,-2347.740126191193,1
415260.7,785.382135311842,586.565428554239,9.69898223876953,11.409495330269515,-4389.890756745344,2
415297.69,651.369623972687,594.418094371006,9.73091125488281,0.8631796732438304,-3622.938938610131,1
415327.28,511.719137155534,601.507647026492,9.85565185546875,4.2156336798185645,-4719.516283103486,1
415357.47,401.576675936886,604.021318994094,9.78727340698242,-2.264937015119459,-3648.309414337591,1
415390.86,345.880139365192,603.098973029689,9.84755516052246,1.8053834543280576,-1668.0603944795048,1
415438.56,327.533932594894,600.900008164099,9.89287376403808,0.950075545400637,-384.61649413613276,1
415467.58,329.184171973907,599.666922377018,9.98602867126464,3.2100243703135476,56.86558852556609,0
415503.29,339.871282959862,600.231987517501,9.83353614807128,-4.270303085788812,299.27502060952617,0
415532.93,353.054329083261,601.321476010824,9.93215560913086,3.327242275962642,444.77213641676,0
415566.74,367.836052405044,600.92293280551,10.0679683685302,4.01694053236766,437.19974332398687,0
415598.71,379.913630575479,601.679740353583,9.63443756103515,-13.56055075053616,377.7784851555699,0
415629.23,384.511904795332,603.284353125501,9.95238304138183,10.41761075842378,150.66429291805287,0
415660.54,386.101273122903,602.748782926275,10.05051612854,3.134241046252848,50.762322822457854,0
415696.34,383.357918505831,601.037269075046,10.1409816741943,2.5269705489995182,-76.63001723654958,0
415728.04,376.053554549612,600.080293255362,10.1368904113769,-0.12906191853017623,-230.4215759063004,0
415755.17,364.476860232403,598.404101099918,9.96849060058593,-6.207143781457447,-426.7119173316256,0
415791.05,352.26444012276,596.569370220039,10.0265407562255,1.6178973143690842,-340.3684534459705,0
415821.72,339.76662060402,595.786835703287,10.1844406127929,5.148348763204522,-407.4933002525809,0
415874.08,332.791965966962,596.067878643914,10.0132656097412,-3.2691940995331277,-133.20577992842058,0
415906.21,329.736603517812,594.666403607211,9.90297317504882,-3.4326932677362296,-95.09375814346527,0
415930.63,330.348349310022,594.377465109689,9.92342948913574,0.8376868995468805,25.051015242031525,0
415964.49,333.419727504571,594.410927745965,9.9305248260498,0.2095492295942668,90.70815695659294,0
415999.93,335.266424126228,594.994286036577,9.76510047912597,-4.667729879340266,52.10769248467579,0
416028.42,337.394981173815,595.551590917514,9.82666969299316,2.16108156782068,74.71242708275452,0
416068.72,346.572135780761,598.63122446088,9.7943115234375,-0.8029322470389543,227.72095798880108,0
416094.02,360.098296226766,600.644842214282,9.52677726745605,-10.574476520986492,534.630847667198,0
416125.61,375.742231121274,602.195917143099,9.60373878479003,2.4362620238702197,495.21794537904833,0
416162.37,392.986147484256,603.747601205321,9.51384544372558,-2.445411889674287,469.09456917784536,0
416189.29,408.81821187137,605.553093461278,9.44217681884765,-2.662281756239779,588.1153189867613,0
416223.6,417.402987349019,606.875870081392,9.47193145751953,0.8672293404803949,250.21205122849193,0
416272.21,421.353672326534,607.971912951677,9.32493209838867,-3.024055937682074,81.27309149375526,0
416299.25,421.251103893136,609.503721451675,9.37465667724609,1.83892673289418,-3.7932112943078673,0
416336.27,419.158498102737,611.210490742162,9.39800262451171,0.6306306662779018,-56.52635846563968,0
416365.96,415.997653734091,612.842259540296,9.48892593383789,3.0624220049233286,-106.46158196853312,0
416401.1,410.686266612284,614.571873867723,9.22159194946289,-7.607683106867858,-151.1493204841687,0
416429.82,407.811120120776,615.819659731421,9.39342498779296,5.983044510093599,-100.10955750365363,0
416463.28,417.989982313605,613.628193025904,8.81014823913574,-17.432060629314233,304.20986828519506,0
416490.78,442.307488285923,610.061154709642,8.92101287841796,4.031441428444344,884.2729444479263,0
416524.65,471.308516562712,608.756680047771,8.73882293701171,-5.379094815656187,856.2452989900495,0
416565.86,502.368239549526,608.856857048475,8.60681533813476,-3.2032904362307426,753.6938361281744,0
416590.39,533.745671282909,610.182929903839,8.80831718444824,8.214506576161867,1279.145199076531,0
416621.31,553.02203646548,614.94581023736,8.59251022338867,-6.979526554323546,623.4270757626507,0
416674.43,559.087908509689,618.141540080064,8.81458282470703,4.180583609156228,114.1918683021365,0
416700.4,558.874568328655,616.996782301097,8.67691040039062,-5.301210023729278,-8.21487027469306,0
416735.25,556.48613073965,613.499336655932,8.62326622009277,-1.5392878134256993,-68.5347945195574,0
416764.0,553.463872740176,608.708759820032,8.76577377319336,4.956784455672678,-105.12201737300647,0
416799.43,551.426170436898,606.115069126677,8.57236862182617,-5.458796256483979,-57.51347172674079,0
416827.49,549.7885284506,604.865042718757,8.45658302307128,-4.126357760331416,-58.362152041987585,0
416860.58,550.373975503283,607.5536141182,8.59036445617675,4.042956576167029,17.692567321925864,0
416896.9,558.521526269783,612.247896134466,8.73744964599609,4.049702362866498,224.3268382846482,0
416925.01,567.656692305553,617.850530039459,8.56887817382812,-5.996850664107232,324.979225747938,0
416958.33,577.68042465756,621.076640900904,8.57399940490722,0.15369841173765644,300.83230348154177,0
416987.87,586.818217552688,623.018618910722,8.52275848388671,-1.7346283351572762,309.3362523742199,0
417027.33,595.29632983444,621.419276895505,8.6828327178955,4.056620223231268,214.85332695761608,0
417070.61,598.262616585712,621.00355138812,8.49635124206543,-4.30872171511556,68.53712456732896,0
417100.0,599.783180169225,618.85111477983,8.57894897460937,2.8104026044198953,51.73744755060761,0
417137.3,602.107145496218,619.031383619306,8.4613037109375,-3.154028516673094,62.30470045559446,0
417164.4,609.138185799669,619.805953736132,8.56312751770019,3.757336042898847,259.44798167682615,0
417196.7,618.60868078281,624.203111590766,8.41615676879882,-4.550177984564201,293.2041790447172,0
417236.0,631.040820307411,626.16346635387,8.3551025390625,-1.5535427413826293,316.339428106989,0
417262.2,638.765610194136,633.984418510846,6.71713829040527,-62.51771941437032,294.83930865349623,0
417292.88,659.527925245741,648.857275549647,4.60072517395019,-68.9834783720848,676.73777873565,0
417325.49,683.462019461486,670.90829594411,4.73516464233398,4.1226454579530065,733.9495313019074,0
417356.77,699.831311211082,687.69900597558,4.23454284667968,-16.004533109138503,523.3149536311206,0
417394.84,707.535965075155,699.840262636816,4.90599632263183,17.637338480484004,202.38124150437451,0
417420.18,720.763355857968,704.269884963607,5.71758270263671,32.02787608547451,521.9964791961339,0
417471.45,718.671811221374,694.867568976853,6.21299743652343,9.662858082436912,-40.79470716975296,0
417502.76,708.308704159935,682.870046501133,6.91575050354003,22.44500373735714,-330.9839368074023,0
417533.76,701.826086979966,673.860155472022,6.88945770263671,-0.8481548678490424,-209.11668322480637,0
417569.58,696.460359409877,670.939459770193,7.4659252166748,16.093453769904468,-149.79697292261196,0
417596.58,686.525984390093,671.527269037735,7.45187759399414,-0.5202823215059448,-367.93981554755766,0
417631.83,677.822944142887,674.477131267313,7.59535789489746,4.070363146193484,-246.89475878598557,0
417663.16,670.312766276582,672.890267807443,7.72833824157714,4.24450516054447,-239.71202892802435,0
417693.45,664.296753837278,674.212887430407,7.79834747314453,2.3112985000760586,-198.61381443699784,0
417731.25,664.435435243885,671.683286110598,7.85651206970214,1.5387459406779893,3.6688202806101278,0
417758.45,667.154584449439,666.671351865357,7.90328979492187,1.7197693095481326,99.96872079238382,0
417789.53,668.719910652314,664.776673898212,7.98711776733398,2.6971677095259428,50.36442094189717,0
417823.21,669.836497895613,662.083272281509,7.99095153808593,0.1138292978607855,33.15282788893273,0
417869.04,668.030804311795,658.516827112517,8.03003311157226,0.8527508943130185,-39.3998163608907,0
417907.55,661.621632187039,656.391527678111,8.05990219116211,0.7756187896609155,-166.4287749871311,0
417932.61,655.25191231706,654.406619900619,8.00394058227539,-2.233104903700078,-254.17876576135674,0
417965.97,654.58873680125,653.520998689206,8.10221672058105,2.9459274072452004,-19.87936198472215,0
418001.14,664.323904917699,653.276239050145,7.98937797546386,-3.208380583368064,276.8031878429746,0
418034.53,680.992504569613,648.007290478325,8.46330642700195,14.193724214971285,499.2093336899364,0
418067.69,701.426492314437,641.988179373027,8.22100639343261,-7.306997393532166,616.2239971302737,0
418098.73,722.47445802752,636.643278121215,8.23911666870117,0.5834495898380233,678.0916789013254,0
418128.3,738.205804159559,629.261890259726,8.39115142822265,5.141520443741736,532.0035891794141,0
418158.1,745.555247628102,623.249440333024,8.34875106811523,-1.422830876088419,246.6256197498643,0
418193.03,749.87438490754,619.780372373863,8.3364200592041,-0.3530205814804739,123.65122471891388,0
418224.62,749.38384323988,618.242498850039,8.41461181640625,2.475205989307721,-15.528384541328718,0
418269.71,748.987778614053,617.674154591932,8.49509239196777,1.7848874597798663,-8.783868392697745,0
418303.19,752.541797344971,615.635926171113,8.39372634887695,-3.0276595905279784,106.153486586617,0
418331.35,757.23674866617,613.531165684326,8.6539077758789,9.239397265702635,166.7241236222762,0
418365.9,760.4265921411,615.37202108895,8.41629981994628,-6.877220142758285,92.32542619176975,0
418404.5,767.990983663582,615.842807891566,8.53377342224121,3.0433575724093225,195.96869229240016,0
418430.12,774.606419512105,615.29781256637,8.70185852050781,6.560698605254961,258.2137333537948,0
418460.97,777.961910661271,614.38797246795,8.56879234313964,-4.31332827773976,108.76794648844236,0
418495.86,780.131831944542,614.347854858282,8.50390434265136,-1.8597879188378759,62.193215341649996,0
418525.92,784.378861895899,611.131017751474,8.63599777221679,4.394325667512971,141.2850948555344,0
418559.43,787.173110822961,609.547457107413,8.5162353515625,-3.5739307864594596,83.38552453181723,0
418592.66,789.562325231259,609.59490426447,8.61740112304687,3.0444108180688048,71.89932014141908,0
418620.76,791.874295384637,611.027034591128,8.66849899291992,1.8184295328465097,82.27651791370401,0
418669.27,799.62447333223,611.222670686954,8.52035522460937,-3.0538810206250666,159.76454231274994,0
418705.84,816.026463894945,610.862579519724,8.59983444213867,2.1733447505957137,448.5094493495182,0
418736.43,837.063274747181,612.452965487242,8.6795425415039,2.6056913816709377,687.7022181189428,0
418764.31,861.30612572515,615.127143236745,8.47097396850586,-7.480938773242644,869.5427180044796,0
418795.31,886.249296098924,618.497374790357,8.42182159423828,-1.585560460244513,804.6183991540007,0
418832.11,905.020398985166,620.636963024637,8.53119850158691,2.972198569257219,510.0843175610862,0
418860.07,913.995144380688,624.226584522899,8.39461326599121,-4.885022732317561,320.98517151342,0
418894.38,918.62896941227,626.066784298441,8.72408866882324,9.60289719708696,135.0575643130951,0
418927.84,919.996554605436,624.473741019383,8.45200538635253,-8.131598400195452,40.872241278099466,0
418957.02,918.633029286514,619.906335051521,8.37347030639648,-2.691400958055797,-46.72807809877847,0
418989.35,919.717376091525,616.683129694671,8.36817741394043,-0.16371458261855848,33.539956851606206,0
419023.96,921.585346910347,611.474557794031,8.45492362976074,2.506391673510542,53.97199707655509,0
419070.59,922.678455853003,608.608660460447,8.35724830627441,-2.094688472792626,23.44218191413115,0
419103.19,924.970580293847,609.395309621067,8.57540130615234,6.691809812211211,70.31056567011045,0
419132.25,928.993102409226,611.264130798443,8.48567962646484,-3.087463168874989,138.42127031587646,0
419163.28,931.062651850274,611.648334715239,8.2203197479248,-8.551720223648145,66.69511572820373,0
419200.74,934.111814141873,611.902176149174,8.46402168273925,6.505657629863687,81.39781878275362,0
419230.85,938.788920854843,609.445472281031,8.36148262023925,-3.40548198273157,155.33399910236514,0
419260.42,946.25219735523,607.594503053102,8.12052726745605,-8.148642299057979,252.3935238547593,0
419293.08,952.206089061966,606.349620608063,8.57145309448242,13.806669535392551,182.2991949396847,0
419323.95,958.035745038669,606.035275486478,8.10502052307128,-15.109574713677043,188.84535071926894,0
419357.37,961.97341288274,606.107817383849,8.15837860107421,1.5965912029609728,117.82369371852035,0
419394.87,963.005479569185,606.670424689964,8.75950813293457,16.030120849609613,27.521778305199405,0
419421.2,954.901202984067,607.143988707516,8.62212181091308,-5.21786259101423,-307.7963002321675,0
419473.73,946.779630265481,609.52071213995,8.69444847106933,1.376863890277778,-154.60827562517915,0
419500.36,935.366665816054,613.129706081761,8.69547843933105,0.038676990676626735,-428.57545810833744,0
419532.57,923.423491583115,616.858759169777,8.88894081115722,6.006282888110656,-370.79087963151864,0
419572.28,911.079762982331,619.738513803165,8.70537757873535,-4.6225946215505616,-310.8468547161306,0
419596.75,905.278568821821,620.61035614674,8.65210533142089,-2.177043208603231,-237.07372948576403,0
419627.91,902.482795817067,619.54232713324,8.61536979675293,-1.1789324347878711,-89.72313879192171,0
419660.36,905.246010880677,618.445007429526,8.85884284973144,7.503021663433681,85.15300658271228,0
419695.09,912.065351105211,618.697712219044,8.77967834472656,-2.279427152455774,196.35301539090827,0
419727.59,923.012376899867,618.771299981279,8.76620292663574,-0.4146282489483173,336.8315629124936,0
419756.2,933.966797082384,619.972951162479,8.3891487121582,-13.179105714006464,382.88780784768676,0
419793.22,941.850496702988,619.960830140278,8.53514671325683,3.9437601593405494,212.95785036770565,0
419821.77,947.342414876646,620.116340538357,8.68646621704101,5.300157750750714,192.36140713306455,0
419868.97,950.552711682697,620.443169830071,8.82871627807617,3.013772479561444,68.01476284013107,0
419906.55,952.798244993693,620.265876755516,8.71089935302734,-3.135096462181448,59.75341434260151,0
419932.78,952.260082968221,617.708459548127,8.12922477722168,-22.175927403918518,-20.51704252653914,0
419964.2,953.961224676898,616.804601963729,8.41730117797851,9.168567815308085,54.14200218580236,0
419999.91,953.755998885124,616.018189554484,8.59848976135253,5.073889201181991,-5.7470118110972574,0
420032.11,954.155601081768,616.152272100595,8.76291275024414,5.106304002843198,12.410006106954585,0
420063.63,952.621708891476,618.17261575181,8.92827987670898,5.246418986825587,-48.66409233157093,0
420093.53,954.250109462914,620.218870157028,8.62669944763183,-10.086301975816568,54.46155757313366,0
420125.16,956.649385292361,620.239109280826,8.32709312438964,-9.472220146781483,75.8544365934573,0
420157.06,961.24212828312,621.704740788327,8.33999633789062,0.40448945144108767,143.97313450644685,0
420192.65,961.856498193513,622.562814893278,8.45844268798828,3.3280795194598083,17.26243075000028,0
420225.5,963.56070635989,621.222892513056,8.71384620666503,7.774840751200357,51.87848299477172,0
420269.9,964.865977965562,619.904029396127,8.09403419494628,-13.95972999365822,29.39800913674208,0
420300.45,965.718524877992,619.29646163091,8.15091133117675,1.861772053371267,27.9066092448533,0
420334.44,967.6885339707,615.893554498755,8.06144714355468,-2.632073775289639,57.95849051805009,0
420367.27,972.372998358111,608.412768427395,8.25339317321777,5.846665539536832,142.6885284011179,0
420400.25,976.371742042027,604.174779854786,8.24240684509277,-0.3331209255611342,121.24753438199748,0
420426.0,977.587134105891,601.888717043997,8.0888557434082,-5.963149579983313,47.19969180054321,0
420464.01,976.120589775815,601.852749317718,8.25010299682617,4.242232397209445,-38.583118391886785,0
420493.74,972.860940018634,602.461442332613,8.12347412109375,-4.259296190127798,-109.64176781645024,0
420529.34,970.066051176883,603.303094040472,8.02130699157714,-2.8698631886660175,-78.50811353225454,0
420562.36,968.528847334059,602.402551656069,8.21906089782714,5.988912969419656,-46.55372025517216,0
420589.18,966.296388196457,602.070004850347,8.17603111267089,-1.604391691134929,-83.23859573458174,0
420625.82,965.273863176987,604.76643229226,8.20532798767089,0.7995871997813546,-27.90734223443208,0
420668.32,965.354638397668,607.285349199385,7.97873497009277,-5.331600413602815,1.9005934277896919,0
420703.17,967.197296724032,611.006209686808,8.29914093017578,9.193858252029372,52.87398353988907,0
420737.04,968.907679656344,613.807007890944,8.18653106689453,-3.324767147365382,50.49846271958434,0
420765.37,975.136816394941,614.468744486321,8.16407203674316,-0.7927649188618441,219.87775286245505,0
420799.73,981.585286883129,611.136922410215,8.24309349060058,2.29980948362783,187.67376275292952,0
420829.27,986.691694062658,607.606531488522,8.09145927429199,-5.133182678009444,172.86415638194228,0
420865.56,988.072485733419,605.833958252834,8.19840431213378,2.9469561268077022,38.04881980605431,0
420897.47,989.559048044621,604.698849438712,8.32042694091796,3.823962042753921,46.586095619030765,0
420924.91,989.593080426919,607.488867438096,8.23184967041015,-3.2280346394972015,1.2402471682920648,0
420957.57,988.300408393659,609.724667446402,8.29748153686523,2.009548881047648,-39.579670338598554,0
420993.12,986.50432675638,612.096900816843,8.07672500610351,-6.209747700753665,-50.52269021883596,0
421021.9,983.510224032055,612.93758641808,8.20012092590332,4.287558019447193,-104.03414608485346,0
421072.07,977.302122002139,613.638458747817,8.43561172485351,4.693856865662079,-123.74132010998764,0
421101.21,970.175403231124,611.183303367082,8.38957786560058,-1.5797480869220184,-244.56824883361327,0
421132.98,964.123166296763,612.075325816118,8.3884048461914,-0.03692223510176031,-190.5016346984141,0
421167.57,957.874163705518,612.57446909435,8.63917350769043,7.249744478139487,-180.659224956357,0
421197.02,955.417762946648,613.748406797979,8.26337814331054,-12.760453798972543,-83.40919384953934,0
421233.32,955.521115344666,613.69116978061,8.3404541015625,2.123304635040908,2.847173499117511,0
421265.87,957.446640762383,616.186152687104,8.24584007263183,-2.9067289994071652,59.155926811604566,0
421294.86,959.078053874647,614.997467476031,8.68663787841796,15.205167498664052,56.27502974351581,0
421325.55,960.496733229961,617.762052833822,8.44708442687988,-7.805586560380007,46.226111284258394,0
421359.09,959.305160493993,619.835107827172,8.54913711547851,3.042715819872322,-35.52691520473292,0
421391.18,957.944555968602,624.942966167039,8.36420059204101,-5.76305775748482,-42.39964242419247,0
421420.63,953.378505498143,625.161682835595,8.26855659484863,-3.2476739284327074,-155.04415858937858,0
421470.22,949.2968444445,625.744148255152,8.1591796875,-2.205624265954853,-82.30814788557458,0
421498.3,946.683717373836,625.852629817614,8.23619842529296,2.742832542482734,-93.06008086405082,0
421534.72,944.409531974443,628.437431251753,8.1924819946289,-1.2003413142251589,-62.44331135074159,0
421566.65,943.071639233321,627.070252946494,8.31808090209961,3.9335705440184383,-41.90080617350011,0
421601.95,948.532746510577,626.124108887468,7.83007621765136,-13.824495310153264,154.70558859087308,0
421632.3,957.395502442123,624.362786493792,7.80017852783203,-0.9850968638995933,292.0183173493496,0
421661.93,967.482292983137,619.326236410952,7.8185749053955,0.620869981892223,340.4249254476013,0
421691.98,978.436210215722,613.061912299235,7.93570518493652,3.8978462409672363,364.5230360262648,0
421730.83,988.936886186477,609.353089350946,8.00751686096191,1.8484343893262822,270.2876697746597,0
421757.86,994.723387267538,607.508549372334,7.93931007385253,-2.5233735519591827,214.07699153042964,0
421788.66,997.077832003571,607.22993316318,8.02900314331054,2.9121126447416716,76.4430109101904,0
421824.17,997.470146003264,608.101628552888,7.91925430297851,-3.0906460245564826,11.047986474032237,0
421869.6,996.835801146905,611.518347263738,8.14982414245605,5.07527711815044,-13.963126928439161,0
421908.55,994.356005527877,613.426067334153,8.05787086486816,-2.360803018943809,-63.66612629081783,0
421934.4,992.23758518404,614.596464473983,8.13797950744628,3.0989803705226864,-81.95049686012091,0
421965.98,990.748129639159,615.005211047872,8.01149368286132,-4.0052509368311835,-47.16452010395825,0
422001.94,989.812818677646,614.889287336497,7.91496276855468,-2.6843969495712625,-26.00975977509559,0
422032.12,988.808524593819,611.935244921765,7.94257164001464,0.9148068740876886,-33.27680860925054,0
422063.59,988.917854035421,609.971078515095,8.13477516174316,6.107515784186057,3.4740845758457746,0
422092.07,988.922379167368,608.872451028171,8.07632446289062,-2.052341954093366,0.1588880599385894,0
422128.06,987.415530139237,608.790332721267,8.05973052978515,-0.46107066144692466,-41.868547600205346,0
422160.62,986.566447614562,609.251411740509,8.05947303771972,-0.00790823296774281,-26.077473116557595,0
422189.78,987.947359322866,609.572843492868,8.15729141235351,3.3545395964911346,47.35636859747736,0
422224.25,990.196097099163,610.122702018561,8.02322387695312,-3.889397603727859,65.23753340002527,0
422273.37,992.123627984085,609.645407528971,8.18000793457031,3.19185785051315,39.24126394385594,0
422301.73,996.289902308768,609.273460555482,8.06622505187988,-4.0120903628521685,146.90671102556408,0
422333.46,999.522412475321,609.631535492197,8.10865402221679,1.3371878454729778,101.87551738256974,0
422366.54,1000.96126313015,610.352893556531,7.93112754821777,-5.366580229723241,43.496089928381146,0
422401.6,1000.91674636421,610.639721589284,8.15797805786132,6.470351102212335,-1.2697309167139619,0
422428.01,999.301242180657,611.743544422977,7.98757553100585,-6.452197154686078,-61.170169767170144,0
422462.32,996.443978361553,611.707676187606,7.97115325927734,-0.47864388599564334,-83.27787289723653,0
422496.21,994.920623345896,610.375073438958,7.98254013061523,0.3359950232483046,-44.9499857083612,0
422526.9,992.739713532704,608.727401792136,7.96554565429687,-0.553746377268132,-71.06255500788323,0
422560.22,992.331688447353,607.143131690779,7.97638893127441,0.32542848071898617,-12.245650820874593,0
422591.59,995.848052879938,606.74439712344,7.74553298950195,-7.359131073384315,112.09322386289327,0
422620.84,998.097689406683,607.042005449512,7.80014991760253,1.867245405148055,76.9106504870088,0
422674.53,999.588336090072,608.509897207503,7.89705276489257,1.8048583961638247,27.763953872022366,0
422702.59,1002.05535930629,608.226627951,8.02579879760742,4.588240652703516,87.91957292296101,0
422736.67,1004.65672758818,608.849359289855,8.15116882324218,3.6786979352967863,76.33122892879157,0
422765.28,1004.56944510026,609.594364260334,8.26360702514648,3.9300315240869126,-3.0507685396664637,0
422801.44,1004.90343787224,611.6887666244,7.86023139953613,-11.155299380825122,9.236525773789145,0
422829.17,1003.35965313822,613.545173077997,7.79640197753906,-2.3018183194054522,-55.6720062755531,0
422860.56,1001.23456570026,616.078315291236,7.8328514099121,1.1611797506538244,-67.69950423571434,0
422898.7,998.571024119029,616.793548627399,8.14779281616211,8.257509340584543,-69.8359093138448,0
422923.68,996.438336135779,615.910649565639,8.02382469177246,-4.962695131695062,-85.37581998605164,0
422960.45,995.230292846843,614.017049219229,7.85313606262207,-4.6420622559233715,-32.85404647634949,0
422990.39,996.956402110404,611.793835255158,7.79334068298339,-1.9971736686264268,57.65228001205485,0
423021.74,997.873150741123,610.832934739702,7.70782470703125,-2.7277823270240495,29.242380565220593,0
423072.1,998.726578232329,610.120668636716,7.98431396484375,5.490255317962206,16.946534773752408,0
423100.35,999.624822984342,609.753083441517,7.80140876770019,-6.474520252869381,31.796274407541816,0
423136.28,983.405791570318,611.562646888544,8.19499969482421,10.954381495225684,-451.4063850264652,1
423166.48,920.996429463693,617.381204092049,8.09706687927246,-3.2428084619835005,-2066.5351690967314,1
423197.46,815.701330546779,624.283142309842,8.57460021972656,15.414245979777,-3398.808874008374,2
423235.29,689.060169898706,630.352038846575,9.28842544555664,18.869289606948737,-3347.63839937122,1
423263.08,553.003714706257,634.892276957467,8.98979187011718,-10.746080440412374,-4895.878200513372,1
423292.22,432.845958332125,636.834952403826,8.9981460571289,0.28669138681302103,-4123.464528974414,1
423324.15,363.501066960318,635.849338884277,9.03894424438476,1.277738404503467,-2171.7786210991476,1
423358.79,343.026611704385,634.538753121755,9.01093482971191,-0.8085858739285668,-591.0639508071342,1
423392.29,345.537358007375,633.83600787033,9.09736633300781,2.580044874504484,74.94765083552282,0
423421.1,350.651841867678,632.750770699396,9.55189704895019,15.776838456869699,177.52460466169373,0
423472.13,353.64767886528,631.203901153317,9.46812629699707,-1.6415981178340937,58.707368167751476,0
423502.24,352.995831286453,628.896120692505,9.59054946899414,4.065864231057028,-21.6488734250189,0
423533.97,347.905347246894,627.389205298135,9.45090293884277,-4.401088249336676,-160.43126503504493,0
423571.19,341.425217567754,627.808128579188,9.38232421875,-1.8425233770207983,-174.10343039050915,0
423597.14,342.376312675778,628.321365344552,9.88944053649902,19.542054633864833,36.65106389301049,0
423628.49,345.496079552847,628.361785059965,9.65892791748046,-7.352874609847886,99.51409496240146,0
423663.54,343.741659581663,626.946651865391,9.5357608795166,-3.514038173007161,-50.054778065180855,0
423693.03,341.858968805237,623.618169170803,8.94478797912597,-20.039772817553427,-63.8416675626608,0
423727.47,338.027919341061,619.301633789834,8.91220092773437,-0.9461977755996708,-111.23837004013333,0
423761.98,333.108652837011,617.015966852081,9.04872894287109,3.956187051193384,-142.54611718483633,0
423789.39,329.870005152853,616.570762681061,9.34123992919921,10.671688665734106,-118.15569807202176,0
423819.0,330.359730362268,615.757953643406,9.32161331176757,-0.6628374681408269,16.539183026518607,0
423872.49,332.487065005433,615.671568307738,8.80634307861328,-9.633019875759572,39.770698133583295,0
423903.92,336.068277494251,615.964726958757,8.95093917846679,4.600575878254611,113.94249089464775,0
423932.48,338.710890313356,615.986537605537,8.809175491333,-4.963714535497221,92.52846005270402,0
423969.72,338.24857694922,616.238283623495,9.04993057250976,6.4649592152744315,-12.414429756608369,0
423995.71,343.212876659434,617.166448667988,9.03253555297851,-0.6692966345216343,191.00806888051764,0
424034.97,352.87973533229,619.21662174894,8.87998580932617,-3.8856277038341873,246.22666003229835,0
424066.63,368.192284907304,622.502042574941,8.95751953125,2.4489488920957063,483.6560194250855,0
424091.7,386.19816261302,626.761246985166,8.76897811889648,-7.520598817449806,718.2240808021927,0
424128.2,406.495702646322,630.212698989936,8.91383171081543,3.968591559423257,556.0969872137542,0
424156.36,418.616496790036,633.89828765234,8.83046150207519,-2.9605897990168866,430.4259283993269,0
424188.24,425.420386289924,636.25072175922,8.95528793334961,3.9155091365872385,213.42187891740883,0
424222.95,429.510534930723,636.257051869599,8.71673583984375,-6.872719490225162,117.83775974637042,0
424270.94,429.839901778194,634.873500611059,8.78156661987304,1.3509226928381404,6.8632391638067425,0
424301.68,430.57890277081,633.373596272934,8.68921279907226,-3.0043533116723307,24.04037061210736,0
424335.96,429.3858148701,632.901643905041,8.76691818237304,2.266784810405955,-34.80419780364717,0
424363.5,430.538871229014,632.082435543295,8.56221199035644,-7.433049819054304,41.868422618550376,0
424399.7,429.284345056565,633.608801022916,8.42479705810546,-3.7959926036170146,-34.6554191284144,0
424431.9,431.759158249884,635.320744281958,8.45094680786132,0.8121040296847801,76.85755258752037,0
424460.3,433.494148188482,637.208947734971,8.5550308227539,3.664930101855912,61.09119502112965,0
424492.59,440.04656650957,638.163628730379,8.3752155303955,-5.568760989724093,202.92407312110547,0
424528.52,444.183374419977,637.902989405235,8.31556320190429,-1.6602373640752166,115.13520485409857,0
424561.36,448.072199088343,635.995222621083,8.40499877929687,2.7233732458181694,118.41731633282151,0
424586.96,453.004455997856,635.648269225863,8.33046913146972,-2.9113143682440836,192.66628552758874,0
424623.42,466.352933488874,635.612458292044,8.5814094543457,6.882619936265401,366.1129317342743,0
424669.44,481.48487651872,636.216951919463,8.43993186950683,-3.0742630343070774,328.8123213785286,0
424699.73,497.424221205351,637.971112505105,8.45108985900878,0.3683720535476161,526.2246512592279,0
424740.45,514.659810119739,639.918214502978,8.49085807800293,0.9766262031954801,423.27084760253314,0
424765.52,525.986351001127,640.823256062902,8.59828948974609,4.285257748030737,451.79660476206163,0
424796.09,530.359152536898,641.00995301225,8.34503173828125,-8.284519184323923,143.04224847137826,0
424835.86,530.028676365994,640.314597274716,8.54384422302246,4.999056694528716,-8.309684961135625,0
424863.91,530.732660213112,639.916453646212,8.40073585510253,-5.101902599643079,25.097463355376714,0
424896.68,531.031673795975,639.384618117263,8.43787193298339,1.1332339908708657,9.12461345324596,0
424924.6,535.074636712457,638.286150728961,8.43707084655761,-0.028692207227075262,144.805262051732,0
424960.87,538.926791840959,641.660148353875,8.43772888183593,0.01814268757430313,106.20775099255579,0
424990.38,542.835088465982,643.626462669596,8.40903282165527,-0.9724181694561658,132.43973653072786,0
425021.39,541.863150983797,644.244214586475,8.46573829650878,1.8286189891484446,-31.342711453876827,0
425077.27,547.511371816325,644.129300883585,8.33524703979492,-2.3352050235119757,101.07768132654768,0
425104.22,565.690869054195,643.466465440413,8.23365211486816,-3.7697560269734742,674.563904931407,0
425132.05,589.423107977735,638.483867500865,8.2422924041748,0.3104667375721807,852.75741730241,0
425166.11,617.411862051811,635.426629833795,8.36834907531738,3.7010179431176904,821.7485048173211,0
425199.36,646.901556170604,634.156190602687,8.16189765930175,-6.209065143327174,886.9080937982843,0
425231.71,665.264683947111,633.439723930261,8.25651168823242,2.924699503263284,567.6391893813685,0
425265.45,665.833071670475,633.880285044633,8.35844993591308,3.021287720233807,16.84610916905955,0
425296.05,650.524947982598,635.538011216026,8.31493377685546,-1.4220967012305181,-500.26547999636153,0
425326.16,624.500862594001,637.384523283522,8.41615676879882,3.361773229604993,-864.3004114450032,0
425357.73,594.768751077888,638.63522228508,8.49861145019531,2.611804922282966,-941.7837033926621,0
425395.51,566.941137091626,639.152470080498,8.52335929870605,0.6550515751911152,-736.5699837544053,0
425421.14,543.790183345692,638.637826943096,8.58023643493652,2.219162552885688,-903.275604601244,0
425453.5,527.984622979732,637.010468469222,8.48404884338378,-2.9724224830896544,-488.4289359075035,0
425505.35,518.872424572324,635.835569841226,8.54667663574218,1.2078648477999678,-175.7415314833568,0
425532.39,517.979366435807,634.907639875659,8.63988876342773,3.447194071206435,-33.0272979480673,0
425567.77,517.763491205068,635.614315799792,8.63001823425293,-0.27898612704352277,-6.10161760144114,0
425601.42,517.769034865809,636.936071235225,8.48444938659668,-4.325968726787551,0.16474474713106824,0
425631.94,531.594343075584,631.288446331316,8.51211547851562,0.9064905609083584,452.99174999235186,0
425660.19,557.344121203887,620.920040315971,8.58916282653808,2.727339753007467,911.4965709133797,0
425696.4,583.913897449708,608.55269861119,8.57691764831543,-0.33817117433426774,733.7690208728425,0
425729.06,615.022591872476,594.835062303322,8.58269691467285,0.17695242980479578,952.5013601589849,0
425758.56,647.322026987668,580.854339685915,8.39329719543457,-6.4203294657043894,1094.8961055997274,0
425796.51,667.39564414044,580.717271460218,8.44416618347168,1.3404212921500336,528.9490685840814,0
425826.26,676.728245914137,588.776973007895,8.56627464294433,4.104486032694148,313.700899956201,0
425856.21,682.763602817084,601.277252046246,8.22478294372558,-11.40206007407737,201.51442079948765,0
425905.46,687.389836767785,615.277421446251,8.59634399414062,7.544386810457645,93.93368427819331,0
425935.36,700.323291585525,629.35847044137,8.44133377075195,-5.184288407653884,432.5570173162233,0
425964.56,716.60216241595,636.07376286024,8.49720954895019,1.9135540478841828,557.4955763841967,0
425996.12,733.858970881549,637.77531474986,8.45772743225097,-1.2510176393923775,546.7936776172445,0
426031.97,751.770253533948,636.263566335732,8.73687744140625,7.786611134043565,499.61736826807885,0
426065.01,769.053239173329,633.877881678292,8.50132942199707,-7.129177342884809,523.0927856949601,0
426093.55,786.041569410376,631.488335657828,8.61505508422851,3.9847814376847754,595.2463292592696,0
426127.82,804.775366678691,629.278687499885,8.56913566589355,-1.339930502916136,546.6529696032892,0
426156.52,826.726481723111,628.156583527891,8.53165626525878,-1.3059024611412535,764.8472140909797,0
426190.88,847.528879196027,627.927136677474,8.61494064331054,2.4238759619264685,605.4248391421562,0
426228.81,865.767931663261,627.981954118514,8.65808486938476,1.137469709312641,480.86086125065657,0
426254.19,873.942464652305,631.323130077747,8.70308876037597,1.7732029547360484,322.085618165583,0
426301.8,877.496495641538,633.614185913242,8.54144096374511,-3.3952488265260827,74.64883405238393,0
426335.42,876.594903981542,634.365759084806,8.44287872314453,-2.931654985145576,-26.81712254598912,0
426365.38,882.565599404604,633.715130535282,8.12953948974609,-10.458585894466626,199.28889930099584,0
426400.06,894.832562144182,631.970431830684,8.29682350158691,4.823645093450231,353.71864877683157,0
426431.86,912.17553791783,627.486997208476,8.20690155029296,-2.827734317420867,545.3765966557951,0
426462.71,929.606194723357,624.046604781385,8.43729972839355,7.468336405197039,565.0131865642571,0
426494.01,947.279413358885,621.458392109571,8.19479942321777,-7.7476135838935996,564.639573020273,0
426527.2,956.395545718729,620.304407977203,8.36102485656738,5.008298684832712,274.665030426132,0
426560.28,957.365985018408,620.283346431681,8.21499824523925,-4.4143473799291595,29.336133605759876,0
426592.74,956.072472293387,619.670970494105,8.37269783020019,4.85827433644856,-39.84943700007488,0
426623.26,959.243763826875,620.14837962202,8.08150291442871,-9.541117816884112,103.90863478001484,0
426655.39,963.738716935462,620.427245759013,8.05890083312988,-0.7034572455283731,139.89894517853466,0
426700.91,969.664793961721,619.886414150325,8.10690879821777,1.0546565265363,130.1862264117786,0
426736.06,979.189631708091,618.757790732387,8.1104564666748,0.10092940133789827,270.97689178844223,0
426768.01,987.394179737491,618.58695281168,8.13300132751464,0.7056294472560871,256.7933655523295,0
426798.54,988.183134222033,618.26000991836,8.08427810668945,-1.5959128996147491,25.841941845490606,0
426827.69,988.845430350061,622.243997608121,7.96863555908203,-3.967154291846547,22.720278834559792,0
426862.41,988.323611284798,624.987191516028,8.223237991333,7.33301936207302,-15.02935095804789,0
426897.75,986.218917437685,627.08518361815,8.18701744079589,-1.024916540381576,-59.555570093700815,0
426927.77,983.946972586035,627.856972453647,8.06058883666992,-4.211479151428748,-75.68104102760145,0
426958.63,984.003296530335,627.49545597811,7.81854629516601,-7.843245026053771,1.8251440149051512,0
426992.41,979.360147078756,623.191815590133,8.20961952209472,11.577064148284771,-137.4526184601293,0
427025.2,973.52718523131,621.309413435745,8.24715614318847,1.1447581913298979,-177.8884369453902,0
427058.48,965.157096589482,620.978078580359,8.10447692871093,-4.287236011949184,-251.50506736284996,0
427100.32,954.410226317459,621.530814174491,8.41944694519043,7.527964064992984,-256.8563640539295,0
427136.36,944.483764964249,626.28498718826,8.51554870605468,2.666530545624489,-275.42900536114837,0
427166.08,939.06909974586,629.940517196082,8.48001480102539,-1.195622645668021,-182.18927383524576,0
427197.51,935.795521680723,631.893502609702,8.53643417358398,1.7950802595801063,-104.15456777402623,0
427237.7,936.547549962744,635.927624469848,8.59168052673339,1.374629339373116,18.71182587760532,0
427262.08,939.121525063953,637.401924771599,8.6769962310791,3.499413631898849,105.57732162462833,0
427292.9,939.29653807458,634.327199231888,8.47028732299804,-6.706973007171096,5.678553232543367,0
427324.9,937.070206259294,632.359462292181,8.39052200317382,-2.4926662445068914,-69.57286922768802,0
427358.74,931.998176927115,631.856646498238,8.5140323638916,3.649833354547858,-149.88266348061126,0
427390.65,925.994882183557,629.173667600779,8.50493431091308,-0.2851160444534593,-188.1320822172301,0
427421.64,919.537096489167,629.025166776422,8.38245391845703,-3.9522553228811854,-208.3828878474345,0
427455.74,915.766737274779,629.330118322244,8.14149856567382,-7.066139377811576,-110.56771889708455,0
427501.43,913.744748857189,630.100404246262,8.00024986267089,-3.0914577151000766,-44.25450684153659,0
427537.39,913.764503938854,630.054360744339,8.16069602966308,4.461795522583358,0.5493626714380964,0
427569.22,914.641747295281,630.596412721957,8.25994491577148,3.1180925576038607,27.560268816467826,0
427597.97,915.882010272513,631.688177592044,8.41555595397949,5.412557850713377,43.13958181676397,0
427630.61,914.248963584002,633.481419808539,8.31107139587402,-3.201120039994663,-50.03206766269135,0
427660.16,916.562142601565,635.119938227932,8.00731658935546,-10.279350474405403,78.28016979911766,0
427693.03,924.486221764004,637.367564067411,7.96148300170898,-1.394389645464109,241.07329365457966,0
427729.29,933.521707582671,638.886137648752,7.8035831451416,-4.354656827567377,249.1860402283279,0
427759.51,944.043179485657,639.644961799128,7.75789260864257,-1.5119303937453306,348.1625381527299,0
427790.17,957.711423517148,640.14170601266,7.92903900146484,5.5820741298895316,445.8005228800523,0
427822.08,967.291505191714,640.101704737642,8.21771621704101,9.046606567717808,300.2219264981588,0
427853.1,972.456702193813,639.861430689755,7.83926010131835,-12.200390577793153,166.5118311446043,0
427905.09,976.628822265943,639.28689554278,7.75042533874511,-1.7086894128323904,80.24851071602241,0
427933.09,978.857270176827,638.777052309706,7.7511978149414,0.027588435581783952,79.5874253887153,0
427967.13,978.317052084318,636.525107796793,7.88921356201171,4.054516658942267,-15.870096724716229,0
427999.14,977.251687627711,633.313421455717,7.86778450012207,-0.6694489812444023,-33.28223856940523,0
428027.87,973.437292062671,632.245814242566,8.084077835083,7.528483639438587,-132.76698799312675,0
428068.1,970.206460734665,629.372774178794,7.74375915527343,-8.459325871482175,-80.30900641330922,0
428093.19,967.443357253609,626.468522624914,8.01280975341796,10.723419615155633,-110.12767959558617,0
428128.71,966.452729300395,627.007792665272,7.84475326538085,-4.731320046087335,-27.889300484611006,0
428159.16,965.709210306,630.665108792908,7.94683456420898,3.352423606840277,-24.417700965390495,0
428193.3,966.997578544808,632.537441821524,7.83202171325683,-3.3630009066228244,37.73779258369714,0
428228.32,966.760964544082,636.077102412731,7.99046516418457,4.524370386283732,-6.756539141231002,0
428255.87,968.402350061535,639.40008184,7.79654502868652,-7.038843393761611,59.57842168616113,0
428300.22,969.358096334995,635.224452462872,8.02471160888671,5.144680500570683,21.550085083664577,0
428337.06,971.262302738725,626.598561279134,8.09480667114257,1.9026889863140783,51.688556018692964,0
428367.16,973.33764341106,616.352297169434,7.8255271911621,-8.946162125603918,68.94819509423805,0
428402.09,977.700949361303,605.775647029978,7.89124488830566,1.881411312438123,124.91571572392183,0
428429.99,982.62935064068,590.169469916429,7.75691986083984,-4.814517113476257,176.64520714635012,0
428464.59,990.262524364509,582.610401674635,7.91264533996582,4.500736390919738,220.61195733587653,0
428494.32,997.227067018706,579.973146588085,7.65214920043945,-8.762063219863235,234.25975964350283,0
428525.73,1004.52417371753,574.305762164058,7.77697563171386,3.974098416889917,232.31794647659808,0
428559.06,1009.68974103303,566.757314810676,7.74358749389648,-1.0017443089518099,154.98251771669842,0
428589.74,1014.11455265418,563.126562260049,7.74524688720703,0.05408713528522834,144.22462911183064,0
428621.16,1016.88035770957,556.487920422839,7.90068626403808,4.9471475757838945,88.02689546121837,0
428656.77,1017.77036124249,553.169178682997,7.63790130615234,-7.379527039747629,24.99307871156656,0
428701.84,1016.31842510828,552.245902596955,7.53547668457031,-2.272567596672165,-32.215134994669356,0
428735.31,1013.58153694925,557.659098993172,7.44077682495117,-2.829395267977854,-81.77138210434249,0
428767.7,1006.93321969188,566.407491751438,7.81977653503418,11.70113337705607,-205.25832841516208,0
428797.35,1000.49184679445,571.7705168751,7.98551559448242,5.589850234348588,-217.2469779911506,0
428828.73,996.626628203809,573.47989735584,7.93124198913574,-1.7295603998301987,-123.1745886118685,0
428863.35,993.838299580593,573.759440652017,8.0797004699707,4.288228793615804,-80.54097698487476,0
428894.43,990.898646373715,572.620904554976,7.73929595947265,-10.952526077795078,-94.58343651468675,0
428927.68,990.872318689761,566.46992630104,7.8790283203125,4.202477017739849,-0.7918100437304278,0
428958.77,990.952287576511,568.12606367041,7.96377182006835,2.72574782102862,2.572173906400786,0
428989.7,990.203084074374,570.190930711335,7.74106979370117,-7.200194838901707,-24.222550990532238,0
429020.93,990.73945707646,576.716770144702,7.8054141998291,2.0603396134475847,17.174928020693947,0
429061.7,991.505145336737,576.814906943297,7.82529830932617,0.48771423833851435,18.78067844681478,0
429102.61,992.756896777577,581.808584977286,7.81285285949707,-0.3042153465927054,30.597688605251445,0
429134.38,996.125761888652,579.853258560553,7.76267051696777,-1.5795512284945235,106.03919140928704,0
429166.49,1000.46315874822,578.142253003554,7.84764289855957,2.64629030183237,135.07931671036715,0
429195.97,1006.83710728557,571.884517227763,7.82958984375,-0.6123831346533826,216.2126369523067,0
429233.63,1012.96854936356,566.99430056011,7.72330284118652,-2.8222783474080755,162.81046409943315,0
429262.13,1022.02360088531,565.238157751133,7.67930030822753,-1.5439485248768317,317.72110602631534,0
429294.74,1025.91214620276,570.126780617695,7.73921012878418,1.8371610106309466,119.24395331038346,0
429328.25,1027.22138834529,573.903890530516,7.47015953063964,-8.028964432839883,39.0701922569315,0
429356.67,1025.26124727895,581.88505103704,7.58929252624511,4.191871766556578,-68.97048087055879,0
429390.8,1024.90349865773,592.688289571979,7.72238731384277,3.8996421798312815,-10.481940264276279,0
429424.87,1021.05605794323,598.27758778703,7.76627540588378,1.2881741133255444,-112.92752317285819,0
429454.14,1019.88700174537,595.023212753732,7.72164344787597,-1.5248362831493487,-39.940423568818886,0
429507.07,1018.75927114092,586.34513360148,7.46646881103515,-4.820983125653768,-21.306076033443084,0
429536.06,1020.07556893909,580.893754475682,7.6307201385498,5.665792601404036,45.4052362252651,0
429567.41,1019.94875683481,577.900632317262,7.43376731872558,-6.282386597268479,-4.045043198727735,0
429594.96,1019.28038209728,576.211502813395,7.61741638183593,6.666027699094021,-24.260426044602053,0
429631.24,1019.08277026818,580.09315336591,7.42469787597656,-5.311976456988185,-5.446853062300107,0
429660.06,1020.34976886997,588.112095617134,7.79911994934082,12.991744391539546,43.96247750831961,0
429693.47,1017.97368606326,587.062819381749,7.62351036071777,-5.256198402370099,-71.11891070673178,0
429732.99,1017.2821493115,584.900657205477,7.70318984985351,2.0161814052556393,-17.49839958905908,0
429758.67,1018.75915694007,583.381232182996,7.83659934997558,5.195073992293836,57.51587338669983,0
429789.86,1018.27282660783,577.937040892178,7.5820255279541,-8.162033408831707,-15.59250824751639,0
429821.42,1016.24466002701,575.513385144387,7.6750373840332,2.9471437287422892,-64.26383335931939,0
429856.87,1015.67116662263,579.82057652841,7.75794982910156,2.33885599628584,-16.177529037511587,0
429903.97,988.399214680804,585.020083318806,7.56494522094726,-4.097762381197345,-579.022334221646,1
429938.73,909.91707618195,590.589766307011,8.60023498535156,29.783940287802736,-2257.829070737426,1
429967.38,789.837204306821,600.537855571672,9.62007522583007,35.59651799224013,-4191.269524433907,2
429995.38,649.716731440632,607.055611754082,9.50752258300781,-4.01973724365209,-5004.302602363895,1
430030.13,501.69352022387,610.716465681257,9.58817481994628,2.320927681682574,-4259.660754439194,1
430067.73,380.376929353599,610.814559839108,9.93764877319336,9.294520033172756,-3226.5050763389927,1
430093.71,309.418254182246,607.531319482584,9.83136177062988,-4.091108643699699,-2731.28079950904,1
430122.73,280.428267091027,603.125895423944,10.0865936279296,8.795032987597152,-998.965785363837,1
430162.57,274.039615533018,599.168232646647,9.87739562988281,-5.250953766231307,-160.35771982944084,1
430189.81,276.276844762846,596.678185563849,10.1400089263916,9.640723073013174,82.13029478079228,0
430225.54,280.204224156319,595.778380163709,9.94236946105957,-5.531471181979639,109.91825898334915,0
430253.28,286.258401620456,602.714265423875,9.92431640625,-0.6507950544173934,218.2472049072221,0
430305.27,307.562064043061,615.240954304465,9.4083023071289,-9.925256763246649,409.76461670722836,0
430333.57,343.895287141683,630.467978059893,9.15367126464843,-8.997563338536166,1283.8594734500687,0
430366.0,386.9354482477,646.359824895976,9.05756950378418,-2.9633598786392663,1327.1711719403713,0
430403.33,431.149087390447,661.873452975373,8.8974380493164,-4.289618389169853,1184.3996555780259,0
430430.75,472.587648229079,670.301317035401,8.97159576416015,2.7045118469655027,1511.253130512641,0
430460.52,500.647399423758,673.600121961105,9.01001930236816,1.2906798188776394,942.551266196219,0
430496.21,510.789905885332,666.837809276043,9.06761169433593,1.613684280408129,284.18342565349906,0
430525.04,514.03524744593,655.340977222121,8.62349510192871,-15.4046684844907,112.56821229978331,0
430558.39,510.522223178024,641.727296221138,8.50018501281738,-3.697453946362842,-105.33805900756813,0
430591.17,491.015530512708,628.348957691379,8.96338462829589,14.130555688802259,-595.0790929021967,0
430621.93,461.295085362878,614.70818740738,9.11161422729492,4.818907639758962,-966.2043286677819,0
430654.4,426.974283875994,607.602017440678,9.26178932189941,4.625041410666783,-1057.0003537681562,0
430704.07,389.556186317115,604.036236170107,8.95594596862793,-6.157506609051363,-753.3339552826908,0
430734.77,354.468117044002,602.647545116098,8.83206367492675,-4.035253866486385,-1142.933852543965,0
430764.38,336.038380594137,606.57775038169,9.04177665710449,7.082505308268782,-622.4159557539243,0
430799.4,343.654788962919,615.488285242619,8.42920303344726,-17.49210804274427,217.4873891712722,0
430827.3,376.023359759912,627.510684643247,8.39321136474609,-1.2900239677854894,1160.1638278506648,0
430865.48,421.336358046126,640.520944122052,8.33925247192382,-1.413276396602431,1186.8255182352614,0
430897.64,472.264933213026,654.180119746679,8.24735641479492,-2.857464462960386,1583.5999740935436,0
430923.66,526.388920917693,662.488658941837,8.32257270812988,2.890710735398677,2080.091764210197,0
430955.71,563.469899579685,666.983066774692,8.2181167602539,-3.259155939963443,1156.9728131649974,0
430991.54,579.268298118001,668.742710412846,8.24838638305664,0.8448122467981269,440.9265570285914,0
431025.51,581.409774345336,669.464993489244,8.18352699279785,-1.9093138139161923,63.04021864389536,0
431057.33,574.748720198134,663.477631280567,8.05134773254394,-4.1539679526675295,-209.33545402892895,0
431106.29,566.791012996497,654.470697551859,8.18418502807617,2.713180055807418,-162.53486931460588,0
431134.32,559.244830451598,643.04866813451,8.28895568847656,3.7378045094643664,-269.21807152663183,0
431166.09,556.564617734478,631.462236626572,7.9573917388916,-10.436384941289473,-84.36300651930709,0
431196.28,560.947809320947,619.787286834297,7.90371894836425,-1.7778334060068177,145.18686937624003,0
431234.9,571.578441652924,614.573205587374,7.87545204162597,-0.7319240481171124,275.26235970943054,0
431260.99,578.720206757933,612.900000262657,7.96832084655761,3.5595555742336438,273.7357265242625,0
431295.83,584.125932457063,613.279189779331,8.07772636413574,3.1402272553975283,155.15860215631253,0
431325.25,591.434392204297,613.917686144087,7.62708663940429,-15.317461751587365,248.41807434527686,0
431360.56,607.764380110252,615.080447378539,8.10256004333496,13.465686885604667,462.4748769741178,0
431393.95,628.028853259032,614.871198987511,7.85021781921386,-7.557419111140866,606.902460280668,0
431420.75,652.156007314991,614.069596145545,7.97163963317871,4.530664700182937,900.2669423869235,0
431452.47,680.056987074027,611.976006347326,7.83253669738769,-4.385338454954054,879.6021361620602,0
431503.9,703.892196880038,609.889211132604,7.86157608032226,0.5646389837554228,463.44953929588286,0
431534.15,712.859443737557,607.961870838674,7.67924308776855,-6.027536943924299,296.43791264525436,0
431567.21,714.180769734376,607.273369120473,7.85937309265136,5.448578490103524,39.96751351540031,0
431601.84,712.687813117898,606.801849705146,7.80632972717285,-1.531717166575315,-43.11165511053288,0
431631.25,709.590485692893,607.296798876167,8.09729576110839,9.893438760142576,-105.31545137734453,0
431659.94,706.532876240181,607.822897323511,7.83373832702636,-9.186386688114608,-106.574048543455,0
431697.68,703.238830873808,609.253094339714,7.75477409362793,-2.092322029635662,-87.28260112278514,0
431728.33,700.991672193305,611.054608369461,8.12504768371582,12.08070440742608,-73.31675955958328,0
431756.76,695.848948160755,613.296164246046,8.07721138000488,-1.6825994973954557,-180.89075035354648,0
431794.3,690.102749240234,614.848947635697,7.99924850463867,-2.0767947620205827,-153.06869793618054,0
431822.32,689.01651158569,616.379329945926,8.13840866088867,4.966458110275071,-38.76651158255785,0
431852.6,691.030719700326,617.259389041901,7.99818992614746,-4.630737607045912,66.51942254419009,0
431906.81,693.377032251362,617.637140646886,7.98720359802246,-0.20266238931923544,43.28191387262709,0
431933.11,699.849175312432,617.298666833584,8.11677932739257,4.926833816356143,246.0890897746304,0
431965.07,707.713946042423,616.914145518783,7.87436485290527,-7.584933494591376,246.08168742133583,0
431996.91,710.829365821213,613.627826715463,7.84575462341308,-0.8985624840521186,97.8460985801863,0
432033.05,713.589691355677,608.637013827878,8.37647438049316,14.685106726061862,76.37868108641412,0
432065.18,720.190236328901,603.013521381695,8.47638130187988,3.1094591156770703,205.43246104024513,0
432096.05,724.036101887327,600.729151546576,8.35441589355468,-3.950936453683747,124.58262255997988,0
432128.23,726.317756052327,596.970777779299,8.07995796203613,-8.528835659372614,70.90286404600556,0
432157.49,731.328192126871,598.441575357268,8.014497756958,-2.2371908775839957,171.23841676495,0
432190.03,738.282058021888,598.85247683955,7.88369178771972,-4.019851543888463,213.70208650918912,0
432226.4,743.501169867825,598.629971932842,8.03154945373535,4.06537437491472,143.50046318222724,0
432254.13,749.623290042296,594.434027170487,7.77400016784668,-9.287749220657883,220.77606110621005,0
432301.15,756.785089351719,590.606756633584,7.842378616333,1.454241779802064,152.3138942879643,0
432336.38,760.524484083972,584.35125338453,7.8131103515625,-0.8307767462536274,106.14234266974115,0
432364.56,761.837149085495,580.926295816825,7.91934013366699,3.769687086746513,46.58144079216864,0
432400.75,763.163299000535,577.809762679624,7.74785041809082,-4.738593964524981,36.64409823265836,0
432433.51,767.122127157735,580.606988417329,8.14899444580078,12.244933690776712,120.8433503418478,0
432460.77,768.012442156299,583.704358389112,8.1866455078125,1.3811834927258866,32.660124672182846,0
432496.28,768.390824724592,585.7892097733,8.17540168762207,-0.3166381354668189,10.65566230055979,0
432524.11,768.841254796592,591.555919119663,7.7288818359375,-16.0445509049674,16.18505468920933,0
432558.99,766.464044065381,596.373443706964,8.06854248046875,9.737977194128574,-68.15397738562719,0
432591.77,761.408682836599,595.088588033157,7.91479110717773,-4.690401869764766,-154.22090386753104,0
432621.69,757.967282029338,597.870734869913,7.86478042602539,-1.6714799850390187,-115.02008045664893,0
432658.68,756.124025010252,599.475324473519,7.85393714904785,-0.2931407671679557,-49.83122517130121,0
432702.66,752.483035223701,595.541776881933,7.71984100341796,-3.0490255941324853,-82.78739851188175,0
432736.21,746.611962142012,592.592729443984,7.82815933227539,3.2285641984286,-174.99472672670257,0
432768.5,737.936939664753,591.046143292121,7.98974990844726,5.004353551315436,-268.65972366876986,0
432798.42,730.914168252285,586.76370358747,7.97461509704589,-0.5058426270514069,-234.71829587138606,0
432829.59,724.347114455654,589.140450831298,8.08716773986816,3.6109285473891153,-210.68507528463633,0
432867.05,718.174060710015,591.110203938825,8.11806678771972,0.8248544541267933,-164.7905431298751,0
432897.65,714.78907880558,596.338633835283,8.09781074523925,-0.6619621725635827,-110.62032367422367,0
432925.73,714.378598806136,603.473047523674,7.80401229858398,-10.462907644434091,-14.618233598453603,0
432962.43,712.557871794094,607.926509332495,7.99232482910156,5.131131621730795,-49.61109024635949,0
432992.29,711.213794857211,609.900010675465,8.06902885437011,2.568788522055798,-45.01262347232416,0
433020.91,709.856352385713,615.456280563548,6.57265663146972,-52.284144755437914,-47.42985574766932,0
433056.36,708.784005229876,622.184235086427,6.2424087524414,-9.315878110809926,-30.249567160411818,0
433104.03,708.491135393372,631.895609864223,6.12573623657226,-2.4475040039655376,-6.143692815266181,0
433132.26,706.201062560993,642.761476474612,5.92540740966796,-7.09630984429446,-81.12195651365595,0
433168.63,702.978769627444,653.920420826614,6.76408767700195,23.059671909103578,-88.59755110116768,0
433199.41,700.438952031323,658.510619129374,6.72718048095703,-1.1990641989914068,-82.51519155696865,0
433231.58,708.768494589831,659.948188161416,7.33180046081543,18.794528438222308,258.9226782249665,0
433265.52,720.313600136939,652.224648924608,6.79492950439453,-15.818236783172141,340.1622141163011,0
433293.34,738.613746658878,643.385033418937,7.33217239379882,19.311390704678466,657.8054105655763,0
433325.67,758.92403075339,631.046878118227,7.12969779968261,-6.26274649293141,628.2178810559329,0
433358.35,782.289400406568,622.478108889006,6.95634841918945,-5.3044486075029855,714.9745915906684,0
433394.12,795.923628396621,612.884426552784,7.04790115356445,2.5594837678208644,381.16376824282577,0
433420.84,805.785975753277,607.250917651561,7.1407413482666,3.4745581849567757,369.09982622173607,0
433455.06,809.7996524027,604.546414379712,7.2711181640625,3.8099595498540815,117.29037549463168,0
433501.9,810.417818847754,603.44719453359,7.22977638244628,-0.8826170285268407,13.197404890130356,0
433534.63,808.488142590224,603.075867193475,7.1224021911621,-3.280604683294888,-58.95741697314663,0
433566.84,803.79766118398,603.004249271962,6.8887710571289,-7.253372680318148,-145.6219002248036,0
433597.17,800.229333226625,603.595957963197,7.13988304138183,8.279326879435432,-117.65011399142519,0
433632.3,797.566950752927,603.678763220024,7.02152252197265,-3.3692148992076287,-75.78657767428591,0
433662.58,796.109766213138,607.817261047364,7.31449127197265,9.675321994707057,-48.12366379748097,0
433693.62,794.15315286793,610.532108547066,6.8012523651123,-16.534758597316245,-63.035223750299764,0
433727.53,792.631908353717,612.180968517523,7.3549461364746,16.32833298029393,-44.86123604280503,0
433759.26,791.138290427553,616.115339494959,7.21384048461914,-4.447073805721485,-47.072736406078896,0
433788.4,792.375991735849,616.154132301369,7.14119911193847,-2.4928405175234922,42.4743070794574,0
433820.9,796.02424199139,616.06475780215,7.67254829406738,16.349205603966453,112.25385401664705,0
433855.68,796.317069959226,620.406225111204,7.15398788452148,-14.90973000420792,8.419435532958644,0
433904.52,767.89898220373,629.796996266648,6.63216590881347,-10.68431563693153,-581.8609286544042,1
433937.26,711.515936726404,647.791872203666,7.18800544738769,16.977383585045136,-1722.1455552028738,1
433965.75,636.801649802435,681.275772938779,7.2015380859375,0.47499608809457494,-2622.4740935062623,1
433998.4,555.000903053528,715.486375879038,6.56696319580078,-19.435678105245547,-2505.3827488161933,1
434033.69,474.922420212483,751.020537095955,7.32999801635742,21.621842464071772,-2269.155081923845,1
434065.65,423.42414349251,784.547310707304,7.02218055725097,-9.631334765527155,-1611.335316643907,1
434093.32,400.573576707198,807.841227395862,6.4116096496582,-22.06616941066608,-825.8246037342042,1
434126.02,398.614146677423,819.044532388258,6.77161216735839,11.009251305812315,-59.92140763835894,1
434159.64,403.550268336063,824.826881673715,6.30509376525878,-13.876216600228284,146.8209892516577,0
434189.65,414.824551525318,827.981527647528,6.08622550964355,-7.2931774613516165,375.6842115711916,0
434229.82,427.686935449869,828.96993312572,6.58249855041503,12.354320158617906,320.1987534119051,0
434253.92,437.183101412521,830.573389708583,5.89728355407714,-28.432157524421235,394.0317826830369,0
434303.45,443.791984325675,832.383916324765,6.63997650146484,14.994810163280452,133.43191829497806,0
434334.35,447.987755871562,834.288386040502,6.2039566040039,-14.110676293250258,135.7854869220628,0
434366.94,457.690041041901,832.457185435422,3.52795600891113,-82.11109527740616,297.70743081716387,0
434398.11,490.83371069464,825.400264868093,1.85832023620605,-53.565472335770075,1063.3195268770075,0
434429.39,545.091403527771,811.320804835882,2.62332916259765,24.45680710968404,1734.580972924635,0
434464.17,609.416546236193,795.126009941839,3.99736404418945,39.506465830735934,1849.4865643610672,0
