62,36,町,0
62,37,町,0
62,38,町,0
62,39,町,0
62,40,町,0
62,41,町,0
62,42,町,0
62,43,町,0
62,44,町,0
62,45,町,0
62,46,町,0
63,36,町,0
63,37,町,0
63,38,町,0
63,39,町,0
63,40,町,29.770000000004075
63,41,町,29.770000000004075
63,42,町,29.770000000004075
63,43,町,0
63,44,町,0
63,45,町,0
63,46,町,0
64,36,町,0
64,37,町,0
64,38,町,0
64,39,町,0
64,40,町,29.770000000004075
64,41,町,29.770000000004075
64,42,町,29.770000000004075
64,43,町,0
64,44,町,0
64,45,町,0
64,46,町,0
65,36,町,0
65,37,町,0
65,38,町,0
65,39,町,0
65,40,町,29.770000000004075
65,41,町,29.770000000004075
65,42,町,29.770000000004075
65,43,町,0
65,44,町,0
65,45,町,0
65,46,町,0
66,36,町,0
66,37,町,0
66,38,町,0
66,39,町,0
66,40,町,0
66,41,町,0
66,42,町,0
66,43,町,0
66,44,町,0
66,45,町,0
66,46,町,0
67,36,町,0
67,37,町,0
67,38,町,0
67,39,町,0
67,40,町,0
67,41,町,0
67,42,町,0
67,43,町,0
67,44,町,0
67,45,町,0
67,46,町,0
68,36,町,0
68,37,町,0
68,38,町,0
68,39,町,0
68,40,町,0
68,41,町,0
68,42,町,0
68,43,町,0
68,44,町,0
68,45,町,0
68,46,町,0
69,36,町,0
69,37,町,0
69,38,町,0
69,39,町,0
69,40,町,0
69,41,町,0
69,42,町,0
69,43,町,0
69,44,町,0
69,45,町,0
69,46,町,0
69,36,の,0
69,37,の,0
69,38,の,0
69,39,の,0
69,40,の,0
69,41,の,0
69,42,の,0
69,43,の,0
69,44,の,0
69,45,の,0
69,46,の,0
70,36,の,0
70,37,の,0
70,38,の,0
70,39,の,0
70,40,の,0
70,41,の,0
70,42,の,0
70,43,の,0
70,44,の,0
70,45,の,0
70,46,の,0
71,36,の,0
71,37,の,0
71,38,の,0
71,39,の,0
71,40,の,0
71,41,の,0
71,42,の,0
71,43,の,0
71,44,の,0
71,45,の,0
71,46,の,0
72,36,の,0
72,37,の,0
72,38,の,0
72,39,の,0
72,40,の,0
72,41,の,0
72,42,の,0
72,43,の,0
72,44,の,0
72,45,の,0
72,46,の,0
73,36,の,0
73,37,の,0
73,38,の,0
73,39,の,0
73,40,の,0
73,41,の,0
73,42,の,0
73,43,の,0
73,44,の,0
73,45,の,0
73,46,の,0
74,36,の,0
74,37,の,0
74,38,の,0
74,39,の,0
74,40,の,0
74,41,の,0
74,42,の,0
74,43,の,0
74,44,の,0
74,45,の,0
74,46,の,0
75,36,の,0
75,37,の,0
75,38,の,0
75,39,の,0
75,40,の,0
75,41,の,0
75,42,の,0
75,43,の,0
75,44,の,0
75,45,の,0
75,46,の,0
75,36,カ,0
75,37,カ,0
75,38,カ,0
75,39,カ,0
75,40,カ,0
75,41,カ,0
75,42,カ,0
75,43,カ,0
75,44,カ,0
75,45,カ,0
75,46,カ,0
76,36,カ,0
76,37,カ,0
76,38,カ,0
76,39,カ,0
76,40,カ,0
76,41,カ,0
76,42,カ,0
76,43,カ,0
76,44,カ,0
76,45,カ,0
76,46,カ,0
77,36,カ,0
77,37,カ,0
77,38,カ,0
77,39,カ,0
77,40,カ,0
77,41,カ,0
77,42,カ,0
77,43,カ,0
77,44,カ,0
77,45,カ,0
77,46,カ,0
78,36,カ,0
78,37,カ,0
78,38,カ,0
78,39,カ,0
78,40,カ,0
78,41,カ,0
78,42,カ,0
78,43,カ,0
78,44,カ,0
78,45,カ,0
78,46,カ,0
79,36,カ,0
79,37,カ,0
79,38,カ,0
79,39,カ,0
79,40,カ,0
79,41,カ,0
79,42,カ,0
79,43,カ,0
79,44,カ,0
79,45,カ,0
79,46,カ,0
80,36,カ,0
80,37,カ,0
80,38,カ,0
80,39,カ,0
80,40,カ,0
80,41,カ,0
80,42,カ,0
80,43,カ,0
80,44,カ,0
80,45,カ,0
80,46,カ,0
81,36,カ,0
81,37,カ,0
81,38,カ,0
81,39,カ,0
81,40,カ,0
81,41,カ,0
81,42,カ,0
81,43,カ,0
81,44,カ,0
81,45,カ,0
81,46,カ,0
82,36,カ,0
82,37,カ,0
82,38,カ,0
82,39,カ,0
82,40,カ,0
82,41,カ,0
82,42,カ,0
82,43,カ,0
82,44,カ,0
82,45,カ,0
82,46,カ,0
82,36,フ,0
82,37,フ,0
82,38,フ,0
82,39,フ,0
82,40,フ,0
82,41,フ,0
82,42,フ,0
82,43,フ,0
82,44,フ,0
82,45,フ,0
82,46,フ,0
83,36,フ,0
83,37,フ,0
83,38,フ,0
83,39,フ,0
83,40,フ,0
83,41,フ,0
83,42,フ,0
83,43,フ,0
83,44,フ,0
83,45,フ,0
83,46,フ,0
84,36,フ,0
84,37,フ,0
84,38,フ,0
84,39,フ,0
84,40,フ,0
84,41,フ,0
84,42,フ,0
84,43,フ,0
84,44,フ,0
84,45,フ,0
84,46,フ,0
85,36,フ,0
85,37,フ,0
85,38,フ,0
85,39,フ,0
85,40,フ,0
85,41,フ,0
85,42,フ,0
85,43,フ,0
85,44,フ,0
85,45,フ,0
85,46,フ,0
86,36,フ,0
86,37,フ,0
86,38,フ,0
86,39,フ,0
86,40,フ,0
86,41,フ,0
86,42,フ,0
86,43,フ,0
86,44,フ,0
86,45,フ,0
86,46,フ,0
87,36,フ,0
87,37,フ,0
87,38,フ,0
87,39,フ,0
87,40,フ,0
87,41,フ,0
87,42,フ,0
87,43,フ,0
87,44,フ,0
87,45,フ,0
87,46,フ,0
88,36,フ,0
88,37,フ,0
88,38,フ,0
88,39,フ,0
88,40,フ,0
88,41,フ,0
88,42,フ,0
88,43,フ,0
88,44,フ,0
88,45,フ,0
88,46,フ,0
89,36,フ,0
89,37,フ,0
89,38,フ,0
89,39,フ,0
89,40,フ,0
89,41,フ,0
89,42,フ,0
89,43,フ,0
89,44,フ,0
89,45,フ,0
89,46,フ,0
89,36,ェ,0
89,37,ェ,0
89,38,ェ,0
89,39,ェ,0
89,40,ェ,0
89,41,ェ,0
89,42,ェ,0
89,43,ェ,0
89,44,ェ,0
89,45,ェ,0
89,46,ェ,0
90,36,ェ,0
90,37,ェ,0
90,38,ェ,0
90,39,ェ,0
90,40,ェ,0
90,41,ェ,0
90,42,ェ,0
90,43,ェ,0
90,44,ェ,0
90,45,ェ,0
90,46,ェ,0
91,36,ェ,0
91,37,ェ,0
91,38,ェ,0
91,39,ェ,0
91,40,ェ,0
91,41,ェ,0
91,42,ェ,0
91,43,ェ,0
91,44,ェ,0
91,45,ェ,0
91,46,ェ,0
92,36,ェ,0
92,37,ェ,0
92,38,ェ,0
92,39,ェ,0
92,40,ェ,0
92,41,ェ,0
92,42,ェ,0
92,43,ェ,0
92,44,ェ,0
92,45,ェ,0
92,46,ェ,0
93,36,ェ,0
93,37,ェ,0
93,38,ェ,0
93,39,ェ,0
93,40,ェ,0
93,41,ェ,0
93,42,ェ,0
93,43,ェ,0
93,44,ェ,0
93,45,ェ,0
93,46,ェ,0
94,36,ェ,0
94,37,ェ,0
94,38,ェ,0
94,39,ェ,0
94,40,ェ,0
94,41,ェ,0
94,42,ェ,0
94,43,ェ,0
94,44,ェ,0
94,45,ェ,0
94,46,ェ,0
95,36,ェ,0
95,37,ェ,0
95,38,ェ,0
95,39,ェ,0
95,40,ェ,0
95,41,ェ,0
95,42,ェ,0
95,43,ェ,0
95,44,ェ,0
95,45,ェ,0
95,46,ェ,0
96,36,ェ,0
96,37,ェ,0
96,38,ェ,0
96,39,ェ,0
96,40,ェ,0
96,41,ェ,0
96,42,ェ,0
96,43,ェ,0
96,44,ェ,0
96,45,ェ,0
96,46,ェ,0
96,36,で,0
96,37,で,0
96,38,で,0
96,39,で,0
96,40,で,0
96,41,で,0
96,42,で,0
96,43,で,0
96,44,で,0
96,45,で,0
96,46,で,0
97,36,で,0
97,37,で,0
97,38,で,0
97,39,で,0
97,40,で,0
97,41,で,0
97,42,で,0
97,43,で,0
97,44,で,0
97,45,で,0
97,46,で,0
98,36,で,0
98,37,で,0
98,38,で,0
98,39,で,0
98,40,で,0
98,41,で,0
98,42,で,0
98,43,で,0
98,44,で,0
98,45,で,0
98,46,で,0
99,36,で,0
99,37,で,0
99,38,で,0
99,39,で,0
99,40,で,0
99,41,で,0
99,42,で,0
99,43,で,0
99,44,で,0
99,45,で,0
99,46,で,0
100,36,で,0
100,37,で,0
100,38,で,0
100,39,で,0
100,40,で,0
100,41,で,0
100,42,で,0
100,43,で,0
100,44,で,0
100,45,で,0
100,46,で,0
101,36,で,0
101,37,で,0
101,38,で,0
101,39,で,0
101,40,で,0
101,41,で,0
101,42,で,0
101,43,で,0
101,44,で,0
101,45,で,0
101,46,で,0
102,36,で,0
102,37,で,0
102,38,で,0
102,39,で,0
102,40,で,0
102,41,で,0
102,42,で,0
102,43,で,0
102,44,で,0
102,45,で,0
102,46,で,0
102,36,、,0
102,37,、,0
102,38,、,0
102,39,、,0
102,40,、,0
102,41,、,0
102,42,、,0
102,43,、,0
102,44,、,0
102,45,、,0
102,46,、,0
103,36,、,0
103,37,、,0
103,38,、,0
103,39,、,0
103,40,、,0
103,41,、,0
103,42,、,0
103,43,、,0
103,44,、,0
103,45,、,0
103,46,、,0
104,36,、,0
104,37,、,0
104,38,、,0
104,39,、,0
104,40,、,0
104,41,、,0
104,42,、,0
104,43,、,0
104,44,、,0
104,45,、,0
104,46,、,0
105,36,、,0
105,37,、,0
105,38,、,0
105,39,、,0
105,40,、,0
105,41,、,0
105,42,、,0
105,43,、,0
105,44,、,0
105,45,、,0
105,46,、,0
106,36,、,0
106,37,、,0
106,38,、,0
106,39,、,0
106,40,、,0
106,41,、,0
106,42,、,0
106,43,、,0
106,44,、,0
106,45,、,0
106,46,、,0
107,36,、,0
107,37,、,0
107,38,、,0
107,39,、,0
107,40,、,0
107,41,、,0
107,42,、,0
107,43,、,0
107,44,、,0
107,45,、,0
107,46,、,0
108,36,、,0
108,37,、,0
108,38,、,0
108,39,、,0
108,40,、,0
108,41,、,0
108,42,、,0
108,43,、,0
108,44,、,0
108,45,、,0
108,46,、,0
109,36,、,0
109,37,、,0
109,38,、,0
109,39,、,0
109,40,、,0
109,41,、,0
109,42,、,0
109,43,、,0
109,44,、,0
109,45,、,0
109,46,、,0
109,36,新,0
109,37,新,0
109,38,新,0
109,39,新,0
109,40,新,0
109,41,新,0
109,42,新,0
109,43,新,0
109,44,新,0
109,45,新,0
109,46,新,0
110,36,新,0
110,37,新,0
110,38,新,0
110,39,新,0
110,40,新,0
110,41,新,0
110,42,新,0
110,43,新,0
110,44,新,0
110,45,新,0
110,46,新,0
111,36,新,0
111,37,新,0
111,38,新,0
111,39,新,0
111,40,新,0
111,41,新,0
111,42,新,0
111,43,新,0
111,44,新,0
111,45,新,0
111,46,新,0
112,36,新,0
112,37,新,0
112,38,新,0
112,39,新,0
112,40,新,0
112,41,新,0
112,42,新,0
112,43,新,0
112,44,新,0
112,45,新,0
112,46,新,0
113,36,新,0
113,37,新,0
113,38,新,0
113,39,新,0
113,40,新,0
113,41,新,0
113,42,新,0
113,43,新,0
113,44,新,0
113,45,新,0
113,46,新,0
114,36,新,0
114,37,新,0
114,38,新,0
114,39,新,0
114,40,新,0
114,41,新,0
114,42,新,0
114,43,新,0
114,44,新,0
114,45,新,0
114,46,新,0
115,36,新,0
115,37,新,0
115,38,新,0
115,39,新,0
115,40,新,0
115,41,新,0
115,42,新,0
115,43,新,0
115,44,新,0
115,45,新,0
115,46,新,0
116,36,新,0
116,37,新,0
116,38,新,0
116,39,新,0
116,40,新,0
116,41,新,0
116,42,新,0
116,43,新,0
116,44,新,0
116,45,新,0
116,46,新,0
116,36,人,0
116,37,人,0
116,38,人,0
116,39,人,0
116,40,人,0
116,41,人,0
116,42,人,0
116,43,人,0
116,44,人,0
116,45,人,0
116,46,人,0
117,36,人,0
117,37,人,0
117,38,人,0
117,39,人,0
117,40,人,0
117,41,人,0
117,42,人,0
117,43,人,0
117,44,人,0
117,45,人,0
117,46,人,0
118,36,人,0
118,37,人,0
118,38,人,0
118,39,人,0
118,40,人,0
118,41,人,0
118,42,人,0
118,43,人,0
118,44,人,0
118,45,人,0
118,46,人,0
119,36,人,0
119,37,人,0
119,38,人,0
119,39,人,0
119,40,人,0
119,41,人,0
119,42,人,0
119,43,人,0
119,44,人,0
119,45,人,0
119,46,人,0
120,36,人,0
120,37,人,0
120,38,人,0
120,39,人,0
120,40,人,0
120,41,人,0
120,42,人,0
120,43,人,0
120,44,人,0
120,45,人,0
120,46,人,0
121,36,人,0
121,37,人,0
121,38,人,0
121,39,人,0
121,40,人,0
121,41,人,0
121,42,人,0
121,43,人,0
121,44,人,0
121,45,人,0
121,46,人,0
122,36,人,0
122,37,人,0
122,38,人,0
122,39,人,0
122,40,人,0
122,41,人,0
122,42,人,0
122,43,人,0
122,44,人,0
122,45,人,0
122,46,人,0
123,36,人,0
123,37,人,0
123,38,人,0
123,39,人,0
123,40,人,0
123,41,人,0
123,42,人,0
123,43,人,0
123,44,人,0
123,45,人,0
123,46,人,0
123,36,ス,0
123,37,ス,0
123,38,ス,0
123,39,ス,0
123,40,ス,0
123,41,ス,0
123,42,ス,0
123,43,ス,0
123,44,ス,0
123,45,ス,0
123,46,ス,0
124,36,ス,0
124,37,ス,0
124,38,ス,0
124,39,ス,0
124,40,ス,0
124,41,ス,0
124,42,ス,0
124,43,ス,0
124,44,ス,0
124,45,ス,0
124,46,ス,0
125,36,ス,0
125,37,ス,0
125,38,ス,0
125,39,ス,0
125,40,ス,0
125,41,ス,0
125,42,ス,0
125,43,ス,0
125,44,ス,0
125,45,ス,0
125,46,ス,0
126,36,ス,0
126,37,ス,0
126,38,ス,0
126,39,ス,0
126,40,ス,0
126,41,ス,0
126,42,ス,0
126,43,ス,0
126,44,ス,0
126,45,ス,0
126,46,ス,0
127,36,ス,0
127,37,ス,0
127,38,ス,0
127,39,ス,0
127,40,ス,0
127,41,ス,0
127,42,ス,0
127,43,ス,0
127,44,ス,0
127,45,ス,0
127,46,ス,0
128,36,ス,0
128,37,ス,0
128,38,ス,0
128,39,ス,0
128,40,ス,0
128,41,ス,0
128,42,ス,0
128,43,ス,0
128,44,ス,0
128,45,ス,0
128,46,ス,0
129,36,ス,0
129,37,ス,0
129,38,ス,0
129,39,ス,0
129,40,ス,0
129,41,ス,0
129,42,ス,0
129,43,ス,0
129,44,ス,0
129,45,ス,0
129,46,ス,0
129,36,タ,0
129,37,タ,0
129,38,タ,0
129,39,タ,0
129,40,タ,0
129,41,タ,0
129,42,タ,0
129,43,タ,0
129,44,タ,0
129,45,タ,0
129,46,タ,0
130,36,タ,0
130,37,タ,0
130,38,タ,0
130,39,タ,0
130,40,タ,0
130,41,タ,0
130,42,タ,0
130,43,タ,0
130,44,タ,0
130,45,タ,0
130,46,タ,0
131,36,タ,0
131,37,タ,0
131,38,タ,0
131,39,タ,0
131,40,タ,0
131,41,タ,0
131,42,タ,0
131,43,タ,0
131,44,タ,0
131,45,タ,0
131,46,タ,0
132,36,タ,0
132,37,タ,0
132,38,タ,0
132,39,タ,0
132,40,タ,0
132,41,タ,0
132,42,タ,0
132,43,タ,0
132,44,タ,0
132,45,タ,0
132,46,タ,0
133,36,タ,0
133,37,タ,0
133,38,タ,0
133,39,タ,0
133,40,タ,0
133,41,タ,0
133,42,タ,0
133,43,タ,0
133,44,タ,0
133,45,タ,0
133,46,タ,0
134,36,タ,0
134,37,タ,0
134,38,タ,0
134,39,タ,0
134,40,タ,0
134,41,タ,0
134,42,タ,0
134,43,タ,0
134,44,タ,0
134,45,タ,0
134,46,タ,0
135,36,タ,0
135,37,タ,0
135,38,タ,0
135,39,タ,0
135,40,タ,0
135,41,タ,0
135,42,タ,0
135,43,タ,0
135,44,タ,0
135,45,タ,0
135,46,タ,0
136,36,タ,0
136,37,タ,0
136,38,タ,0
136,39,タ,0
136,40,タ,0
136,41,タ,0
136,42,タ,0
136,43,タ,0
136,44,タ,0
136,45,タ,0
136,46,タ,0
136,36,ッ,0
136,37,ッ,0
136,38,ッ,0
136,39,ッ,0
136,40,ッ,0
136,41,ッ,0
136,42,ッ,0
136,43,ッ,0
136,44,ッ,0
136,45,ッ,0
136,46,ッ,0
137,36,ッ,0
137,37,ッ,0
137,38,ッ,0
137,39,ッ,0
137,40,ッ,0
137,41,ッ,0
137,42,ッ,0
137,43,ッ,0
137,44,ッ,0
137,45,ッ,0
137,46,ッ,0
138,36,ッ,0
138,37,ッ,0
138,38,ッ,0
138,39,ッ,0
138,40,ッ,0
138,41,ッ,0
138,42,ッ,0
138,43,ッ,0
138,44,ッ,0
138,45,ッ,0
138,46,ッ,0
139,36,ッ,0
139,37,ッ,0
139,38,ッ,0
139,39,ッ,0
139,40,ッ,0
139,41,ッ,0
139,42,ッ,0
139,43,ッ,0
139,44,ッ,0
139,45,ッ,0
139,46,ッ,0
140,36,ッ,0
140,37,ッ,0
140,38,ッ,0
140,39,ッ,0
140,40,ッ,0
140,41,ッ,0
140,42,ッ,0
140,43,ッ,0
140,44,ッ,0
140,45,ッ,0
140,46,ッ,0
141,36,ッ,0
141,37,ッ,0
141,38,ッ,0
141,39,ッ,0
141,40,ッ,0
141,41,ッ,0
141,42,ッ,0
141,43,ッ,0
141,44,ッ,0
141,45,ッ,0
141,46,ッ,0
142,36,ッ,0
142,37,ッ,0
142,38,ッ,0
142,39,ッ,0
142,40,ッ,0
142,41,ッ,0
142,42,ッ,0
142,43,ッ,0
142,44,ッ,0
142,45,ッ,0
142,46,ッ,0
143,36,ッ,0
143,37,ッ,0
143,38,ッ,0
143,39,ッ,0
143,40,ッ,0
143,41,ッ,0
143,42,ッ,0
143,43,ッ,0
143,44,ッ,0
143,45,ッ,0
143,46,ッ,0
143,36,フ,0
143,37,フ,0
143,38,フ,0
143,39,フ,0
143,40,フ,0
143,41,フ,0
143,42,フ,0
143,43,フ,0
143,44,フ,0
143,45,フ,0
143,46,フ,0
144,36,フ,0
144,37,フ,0
144,38,フ,0
144,39,フ,0
144,40,フ,0
144,41,フ,0
144,42,フ,0
144,43,フ,0
144,44,フ,0
144,45,フ,0
144,46,フ,0
145,36,フ,0
145,37,フ,0
145,38,フ,0
145,39,フ,0
145,40,フ,0
145,41,フ,0
145,42,フ,0
145,43,フ,0
145,44,フ,0
145,45,フ,0
145,46,フ,0
146,36,フ,0
146,37,フ,0
146,38,フ,0
146,39,フ,0
146,40,フ,0
146,41,フ,0
146,42,フ,0
146,43,フ,0
146,44,フ,0
146,45,フ,0
146,46,フ,0
147,36,フ,0
147,37,フ,0
147,38,フ,0
147,39,フ,0
147,40,フ,0
147,41,フ,0
147,42,フ,0
147,43,フ,0
147,44,フ,0
147,45,フ,0
147,46,フ,0
148,36,フ,0
148,37,フ,0
148,38,フ,0
148,39,フ,0
148,40,フ,0
148,41,フ,0
148,42,フ,0
148,43,フ,0
148,44,フ,0
148,45,フ,0
148,46,フ,0
149,36,フ,0
149,37,フ,0
149,38,フ,0
149,39,フ,0
149,40,フ,0
149,41,フ,0
149,42,フ,0
149,43,フ,0
149,44,フ,0
149,45,フ,0
149,46,フ,0
150,36,フ,0
150,37,フ,0
150,38,フ,0
150,39,フ,0
150,40,フ,0
150,41,フ,0
150,42,フ,0
150,43,フ,0
150,44,フ,0
150,45,フ,0
150,46,フ,0
150,36,が,0
150,37,が,0
150,38,が,0
150,39,が,0
150,40,が,0
150,41,が,0
150,42,が,0
150,43,が,0
150,44,が,0
150,45,が,0
150,46,が,0
151,36,が,0
151,37,が,0
151,38,が,0
151,39,が,0
151,40,が,0
151,41,が,0
151,42,が,0
151,43,が,0
151,44,が,0
151,45,が,0
151,46,が,0
152,36,が,0
152,37,が,0
152,38,が,0
152,39,が,0
152,40,が,0
152,41,が,0
152,42,が,0
152,43,が,0
152,44,が,0
152,45,が,0
152,46,が,0
153,36,が,0
153,37,が,0
153,38,が,0
153,39,が,0
153,40,が,0
153,41,が,0
153,42,が,0
153,43,が,0
153,44,が,0
153,45,が,0
153,46,が,0
154,36,が,0
154,37,が,0
154,38,が,0
154,39,が,0
154,40,が,0
154,41,が,0
154,42,が,0
154,43,が,0
154,44,が,0
154,45,が,0
154,46,が,0
155,36,が,0
155,37,が,0
155,38,が,0
155,39,が,0
155,40,が,0
155,41,が,0
155,42,が,0
155,43,が,0
155,44,が,0
155,45,が,0
155,46,が,0
156,36,が,0
156,37,が,0
156,38,が,0
156,39,が,0
156,40,が,0
156,41,が,0
156,42,が,0
156,43,が,0
156,44,が,0
156,45,が,0
156,46,が,0
156,36,操,0
156,37,操,0
156,38,操,0
156,39,操,0
156,40,操,0
156,41,操,0
156,42,操,0
156,43,操,0
156,44,操,0
156,45,操,0
156,46,操,0
157,36,操,0
157,37,操,0
157,38,操,0
157,39,操,0
157,40,操,0
157,41,操,0
157,42,操,0
157,43,操,0
157,44,操,0
157,45,操,0
157,46,操,0
158,36,操,0
158,37,操,0
158,38,操,0
158,39,操,0
158,40,操,0
158,41,操,0
158,42,操,0
158,43,操,0
158,44,操,0
158,45,操,0
158,46,操,0
159,36,操,0
159,37,操,0
159,38,操,0
159,39,操,0
159,40,操,0
159,41,操,0
159,42,操,0
159,43,操,0
159,44,操,0
159,45,操,0
159,46,操,0
160,36,操,0
160,37,操,0
160,38,操,0
160,39,操,0
160,40,操,0
160,41,操,0
160,42,操,0
160,43,操,0
160,44,操,0
160,45,操,0
160,46,操,0
161,36,操,0
161,37,操,0
161,38,操,0
161,39,操,0
161,40,操,0
161,41,操,0
161,42,操,0
161,43,操,0
161,44,操,0
161,45,操,0
161,46,操,0
162,36,操,0
162,37,操,0
162,38,操,0
162,39,操,0
162,40,操,0
162,41,操,0
162,42,操,0
162,43,操,0
162,44,操,0
162,45,操,0
162,46,操,0
163,36,操,0
163,37,操,0
163,38,操,0
163,39,操,0
163,40,操,0
163,41,操,0
163,42,操,0
163,43,操,0
163,44,操,0
163,45,操,0
163,46,操,0
163,36,作,0
163,37,作,0
163,38,作,0
163,39,作,0
163,40,作,0
163,41,作,0
163,42,作,0
163,43,作,0
163,44,作,0
163,45,作,0
163,46,作,0
164,36,作,0
164,37,作,0
164,38,作,0
164,39,作,0
164,40,作,0
164,41,作,0
164,42,作,0
164,43,作,0
164,44,作,0
164,45,作,0
164,46,作,0
165,36,作,0
165,37,作,0
165,38,作,0
165,39,作,0
165,40,作,0
165,41,作,0
165,42,作,0
165,43,作,0
165,44,作,0
165,45,作,0
165,46,作,0
166,36,作,0
166,37,作,0
166,38,作,0
166,39,作,0
166,40,作,0
166,41,作,0
166,42,作,0
166,43,作,0
166,44,作,0
166,45,作,0
166,46,作,0
167,36,作,0
167,37,作,0
167,38,作,0
167,39,作,0
167,40,作,0
167,41,作,0
167,42,作,0
167,43,作,0
167,44,作,0
167,45,作,0
167,46,作,0
168,36,作,0
168,37,作,0
168,38,作,0
168,39,作,0
168,40,作,0
168,41,作,0
168,42,作,0
168,43,作,0
168,44,作,0
168,45,作,0
168,46,作,0
169,36,作,0
169,37,作,0
169,38,作,0
169,39,作,0
169,40,作,0
169,41,作,0
169,42,作,0
169,43,作,0
169,44,作,0
169,45,作,0
169,46,作,0
170,36,作,0
170,37,作,0
170,38,作,0
170,39,作,0
170,40,作,0
170,41,作,0
170,42,作,0
170,43,作,0
170,44,作,0
170,45,作,0
170,46,作,0
170,36,を,0
170,37,を,0
170,38,を,0
170,39,を,0
170,40,を,0
170,41,を,0
170,42,を,0
170,43,を,0
170,44,を,0
170,45,を,0
170,46,を,0
171,36,を,0
171,37,を,0
171,38,を,0
171,39,を,0
171,40,を,0
171,41,を,0
171,42,を,0
171,43,を,0
171,44,を,0
171,45,を,0
171,46,を,0
172,36,を,0
172,37,を,0
172,38,を,0
172,39,を,0
172,40,を,0
172,41,を,0
172,42,を,0
172,43,を,0
172,44,を,0
172,45,を,0
172,46,を,0
173,36,を,0
173,37,を,0
173,38,を,0
173,39,を,0
173,40,を,0
173,41,を,0
173,42,を,0
173,43,を,0
173,44,を,0
173,45,を,0
173,46,を,0
174,36,を,0
174,37,を,0
174,38,を,0
174,39,を,0
174,40,を,0
174,41,を,0
174,42,を,0
174,43,を,0
174,44,を,0
174,45,を,0
174,46,を,0
175,36,を,0
175,37,を,0
175,38,を,0
175,39,を,0
175,40,を,0
175,41,を,0
175,42,を,0
175,43,を,0
175,44,を,0
175,45,を,0
175,46,を,0
176,36,を,0
176,37,を,0
176,38,を,0
176,39,を,0
176,40,を,0
176,41,を,0
176,42,を,0
176,43,を,0
176,44,を,0
176,45,を,0
176,46,を,0
177,36,を,0
177,37,を,0
177,38,を,0
177,39,を,0
177,40,を,0
177,41,を,0
177,42,を,0
177,43,を,0
177,44,を,0
177,45,を,0
177,46,を,0
177,36,誤,0
177,37,誤,0
177,38,誤,0
177,39,誤,0
177,40,誤,0
177,41,誤,0
177,42,誤,0
177,43,誤,0
177,44,誤,0
177,45,誤,0
177,46,誤,0
178,36,誤,0
178,37,誤,0
178,38,誤,0
178,39,誤,0
178,40,誤,0
178,41,誤,0
178,42,誤,0
178,43,誤,0
178,44,誤,0
178,45,誤,0
178,46,誤,0
179,36,誤,0
179,37,誤,0
179,38,誤,0
179,39,誤,0
179,40,誤,0
179,41,誤,0
179,42,誤,0
179,43,誤,0
179,44,誤,0
179,45,誤,0
179,46,誤,0
180,36,誤,0
180,37,誤,0
180,38,誤,0
180,39,誤,0
180,40,誤,0
180,41,誤,0
180,42,誤,0
180,43,誤,0
180,44,誤,0
180,45,誤,0
180,46,誤,0
181,36,誤,0
181,37,誤,0
181,38,誤,0
181,39,誤,0
181,40,誤,0
181,41,誤,0
181,42,誤,0
181,43,誤,0
181,44,誤,0
181,45,誤,0
181,46,誤,0
182,36,誤,0
182,37,誤,0
182,38,誤,0
182,39,誤,0
182,40,誤,0
182,41,誤,0
182,42,誤,0
182,43,誤,0
182,44,誤,0
182,45,誤,0
182,46,誤,0
183,36,誤,0
183,37,誤,0
183,38,誤,0
183,39,誤,0
183,40,誤,0
183,41,誤,0
183,42,誤,0
183,43,誤,0
183,44,誤,0
183,45,誤,0
183,46,誤,0
183,36,り,0
183,37,り,0
183,38,り,0
183,39,り,0
183,40,り,0
183,41,り,0
183,42,り,0
183,43,り,0
183,44,り,0
183,45,り,0
183,46,り,0
184,36,り,0
184,37,り,0
184,38,り,0
184,39,り,0
184,40,り,0
184,41,り,0
184,42,り,0
184,43,り,0
184,44,り,0
184,45,り,0
184,46,り,0
185,36,り,0
185,37,り,0
185,38,り,0
185,39,り,0
185,40,り,0
185,41,り,0
185,42,り,0
185,43,り,0
185,44,り,0
185,45,り,0
185,46,り,0
186,36,り,0
186,37,り,0
186,38,り,0
186,39,り,0
186,40,り,0
186,41,り,0
186,42,り,0
186,43,り,0
186,44,り,0
186,45,り,0
186,46,り,0
187,36,り,0
187,37,り,0
187,38,り,0
187,39,り,0
187,40,り,0
187,41,り,0
187,42,り,0
187,43,り,0
187,44,り,0
187,45,り,0
187,46,り,0
188,36,り,0
188,37,り,0
188,38,り,0
188,39,り,0
188,40,り,0
188,41,り,0
188,42,り,0
188,43,り,0
188,44,り,0
188,45,り,0
188,46,り,0
189,36,り,0
189,37,り,0
189,38,り,0
189,39,り,0
189,40,り,0
189,41,り,0
189,42,り,0
189,43,り,0
189,44,り,0
189,45,り,0
189,46,り,0
190,36,り,0
190,37,り,0
190,38,り,0
190,39,り,0
190,40,り,0
190,41,り,0
190,42,り,0
190,43,り,0
190,44,り,0
190,45,り,0
190,46,り,0
190,36,、,0
190,37,、,0
190,38,、,0
190,39,、,0
190,40,、,0
190,41,、,0
190,42,、,0
190,43,、,0
190,44,、,0
190,45,、,0
190,46,、,0
191,36,、,0
191,37,、,0
191,38,、,0
191,39,、,0
191,40,、,0
191,41,、,0
191,42,、,0
191,43,、,0
191,44,、,0
191,45,、,0
191,46,、,0
192,36,、,0
192,37,、,0
192,38,、,0
192,39,、,0
192,40,、,0
192,41,、,0
192,42,、,0
192,43,、,0
192,44,、,0
192,45,、,0
192,46,、,0
193,36,、,0
193,37,、,0
193,38,、,0
193,39,、,0
193,40,、,0
193,41,、,0
193,42,、,0
193,43,、,0
193,44,、,0
193,45,、,0
193,46,、,0
194,36,、,0
194,37,、,0
194,38,、,0
194,39,、,0
194,40,、,0
194,41,、,0
194,42,、,0
194,43,、,0
194,44,、,0
194,45,、,0
194,46,、,0
195,36,、,0
195,37,、,0
195,38,、,0
195,39,、,0
195,40,、,0
195,41,、,0
195,42,、,0
195,43,、,0
195,44,、,0
195,45,、,0
195,46,、,0
196,36,、,0
196,37,、,0
196,38,、,0
196,39,、,0
196,40,、,0
196,41,、,0
196,42,、,0
196,43,、,0
196,44,、,0
196,45,、,0
196,46,、,0
197,36,、,0
197,37,、,0
197,38,、,0
197,39,、,0
197,40,、,0
197,41,、,0
197,42,、,0
197,43,、,0
197,44,、,0
197,45,、,0
197,46,、,0
197,36,マ,0
197,37,マ,0
197,38,マ,0
197,39,マ,0
197,40,マ,0
197,41,マ,0
197,42,マ,0
197,43,マ,0
197,44,マ,0
197,45,マ,0
197,46,マ,0
198,36,マ,0
198,37,マ,0
198,38,マ,0
198,39,マ,0
198,40,マ,0
198,41,マ,0
198,42,マ,0
198,43,マ,0
198,44,マ,0
198,45,マ,0
198,46,マ,0
199,36,マ,0
199,37,マ,0
199,38,マ,0
199,39,マ,0
199,40,マ,0
199,41,マ,0
199,42,マ,0
199,43,マ,0
199,44,マ,0
199,45,マ,0
199,46,マ,0
200,36,マ,0
200,37,マ,0
200,38,マ,0
200,39,マ,0
200,40,マ,0
200,41,マ,0
200,42,マ,0
200,43,マ,0
200,44,マ,0
200,45,マ,0
200,46,マ,0
201,36,マ,0
201,37,マ,0
201,38,マ,0
201,39,マ,0
201,40,マ,0
201,41,マ,0
201,42,マ,0
201,43,マ,0
201,44,マ,0
201,45,マ,0
201,46,マ,0
202,36,マ,0
202,37,マ,0
202,38,マ,0
202,39,マ,0
202,40,マ,0
202,41,マ,0
202,42,マ,0
202,43,マ,0
202,44,マ,0
202,45,マ,0
202,46,マ,0
203,36,マ,0
203,37,マ,0
203,38,マ,0
203,39,マ,0
203,40,マ,0
203,41,マ,0
203,42,マ,0
203,43,マ,0
203,44,マ,0
203,45,マ,0
203,46,マ,0
204,36,マ,0
204,37,マ,0
204,38,マ,0
204,39,マ,0
204,40,マ,0
204,41,マ,0
204,42,マ,0
204,43,マ,0
204,44,マ,0
204,45,マ,0
204,46,マ,0
204,36,シ,0
204,37,シ,0
204,38,シ,0
204,39,シ,0
204,40,シ,0
204,41,シ,0
204,42,シ,0
204,43,シ,0
204,44,シ,0
204,45,シ,0
204,46,シ,0
205,36,シ,0
205,37,シ,0
205,38,シ,0
205,39,シ,0
205,40,シ,0
205,41,シ,0
205,42,シ,0
205,43,シ,0
205,44,シ,0
205,45,シ,0
205,46,シ,0
206,36,シ,0
206,37,シ,0
206,38,シ,0
206,39,シ,0
206,40,シ,0
206,41,シ,0
206,42,シ,0
206,43,シ,0
206,44,シ,0
206,45,シ,0
206,46,シ,0
207,36,シ,0
207,37,シ,0
207,38,シ,0
207,39,シ,0
207,40,シ,0
207,41,シ,0
207,42,シ,0
207,43,シ,0
207,44,シ,0
207,45,シ,0
207,46,シ,0
208,36,シ,0
208,37,シ,0
208,38,シ,0
208,39,シ,0
208,40,シ,0
208,41,シ,0
208,42,シ,0
208,43,シ,0
208,44,シ,0
208,45,シ,0
208,46,シ,0
209,36,シ,0
209,37,シ,0
209,38,シ,0
209,39,シ,0
209,40,シ,0
209,41,シ,0
209,42,シ,0
209,43,シ,0
209,44,シ,0
209,45,シ,0
209,46,シ,0
210,36,シ,0
210,37,シ,0
210,38,シ,0
210,39,シ,0
210,40,シ,0
210,41,シ,0
210,42,シ,0
210,43,シ,0
210,44,シ,0
210,45,シ,0
210,46,シ,0
210,36,ン,0
210,37,ン,0
210,38,ン,0
210,39,ン,0
210,40,ン,0
210,41,ン,0
210,42,ン,0
210,43,ン,0
210,44,ン,0
210,45,ン,0
210,46,ン,0
211,36,ン,0
211,37,ン,0
211,38,ン,0
211,39,ン,0
211,40,ン,0
211,41,ン,0
211,42,ン,0
211,43,ン,0
211,44,ン,0
211,45,ン,0
211,46,ン,0
212,36,ン,0
212,37,ン,0
212,38,ン,0
212,39,ン,0
212,40,ン,0
212,41,ン,0
212,42,ン,0
212,43,ン,0
212,44,ン,0
212,45,ン,0
212,46,ン,0
213,36,ン,0
213,37,ン,0
213,38,ン,0
213,39,ン,0
213,40,ン,0
213,41,ン,0
213,42,ン,0
213,43,ン,0
213,44,ン,0
213,45,ン,0
213,46,ン,0
214,36,ン,0
214,37,ン,0
214,38,ン,0
214,39,ン,0
214,40,ン,0
214,41,ン,0
214,42,ン,0
214,43,ン,0
214,44,ン,0
214,45,ン,0
214,46,ン,0
215,36,ン,0
215,37,ン,0
215,38,ン,0
215,39,ン,0
215,40,ン,0
215,41,ン,0
215,42,ン,0
215,43,ン,0
215,44,ン,0
215,45,ン,0
215,46,ン,0
216,36,ン,0
216,37,ン,0
216,38,ン,0
216,39,ン,0
216,40,ン,0
216,41,ン,0
216,42,ン,0
216,43,ン,0
216,44,ン,0
216,45,ン,0
216,46,ン,0
217,36,ン,0
217,37,ン,0
217,38,ン,0
217,39,ン,0
217,40,ン,0
217,41,ン,0
217,42,ン,0
217,43,ン,0
217,44,ン,0
217,45,ン,0
217,46,ン,0
217,36,の,0
217,37,の,0
217,38,の,0
217,39,の,0
217,40,の,0
217,41,の,0
217,42,の,0
217,43,の,0
217,44,の,0
217,45,の,0
217,46,の,0
218,36,の,0
218,37,の,0
218,38,の,0
218,39,の,0
218,40,の,0
218,41,の,0
218,42,の,0
218,43,の,0
218,44,の,0
218,45,の,0
218,46,の,0
219,36,の,0
219,37,の,0
219,38,の,0
219,39,の,0
219,40,の,0
219,41,の,0
219,42,の,0
219,43,の,0
219,44,の,0
219,45,の,0
219,46,の,0
220,36,の,0
220,37,の,0
220,38,の,0
220,39,の,0
220,40,の,0
220,41,の,0
220,42,の,0
220,43,の,0
220,44,の,0
220,45,の,0
220,46,の,0
221,36,の,0
221,37,の,0
221,38,の,0
221,39,の,0
221,40,の,0
221,41,の,0
221,42,の,0
221,43,の,0
221,44,の,0
221,45,の,0
221,46,の,0
222,36,の,0
222,37,の,0
222,38,の,0
222,39,の,0
222,40,の,0
222,41,の,0
222,42,の,0
222,43,の,0
222,44,の,0
222,45,の,0
222,46,の,0
223,36,の,0
223,37,の,0
223,38,の,0
223,39,の,0
223,40,の,0
223,41,の,0
223,42,の,0
223,43,の,0
223,44,の,0
223,45,の,0
223,46,の,0
224,36,の,0
224,37,の,0
224,38,の,0
224,39,の,0
224,40,の,0
224,41,の,0
224,42,の,0
224,43,の,0
224,44,の,0
224,45,の,0
224,46,の,0
224,36,圧,0
224,37,圧,0
224,38,圧,0
224,39,圧,0
224,40,圧,0
224,41,圧,0
224,42,圧,0
224,43,圧,0
224,44,圧,0
224,45,圧,0
224,46,圧,0
225,36,圧,0
225,37,圧,0
225,38,圧,0
225,39,圧,0
225,40,圧,0
225,41,圧,0
225,42,圧,0
225,43,圧,0
225,44,圧,0
225,45,圧,0
225,46,圧,0
226,36,圧,0
226,37,圧,0
226,38,圧,0
226,39,圧,0
226,40,圧,0
226,41,圧,0
226,42,圧,0
226,43,圧,0
226,44,圧,0
226,45,圧,0
226,46,圧,0
227,36,圧,0
227,37,圧,0
227,38,圧,0
227,39,圧,0
227,40,圧,0
227,41,圧,0
227,42,圧,0
227,43,圧,0
227,44,圧,0
227,45,圧,0
227,46,圧,0
228,36,圧,0
228,37,圧,0
228,38,圧,0
228,39,圧,0
228,40,圧,0
228,41,圧,0
228,42,圧,0
228,43,圧,0
228,44,圧,0
228,45,圧,0
228,46,圧,0
229,36,圧,0
229,37,圧,0
229,38,圧,0
229,39,圧,0
229,40,圧,0
229,41,圧,0
229,42,圧,0
229,43,圧,0
229,44,圧,0
229,45,圧,0
229,46,圧,0
230,36,圧,0
230,37,圧,0
230,38,圧,0
230,39,圧,0
230,40,圧,0
230,41,圧,0
230,42,圧,0
230,43,圧,0
230,44,圧,0
230,45,圧,0
230,46,圧,0
231,36,圧,0
231,37,圧,0
231,38,圧,0
231,39,圧,0
231,40,圧,0
231,41,圧,0
231,42,圧,0
231,43,圧,0
231,44,圧,0
231,45,圧,0
231,46,圧,0
231,36,力,0
231,37,力,0
231,38,力,0
231,39,力,0
231,40,力,0
231,41,力,0
231,42,力,0
231,43,力,0
231,44,力,0
231,45,力,0
231,46,力,0
232,36,力,0
232,37,力,0
232,38,力,0
232,39,力,0
232,40,力,0
232,41,力,0
232,42,力,0
232,43,力,0
232,44,力,0
232,45,力,0
232,46,力,0
233,36,力,0
233,37,力,0
233,38,力,0
233,39,力,0
233,40,力,0
233,41,力,0
233,42,力,0
233,43,力,0
233,44,力,0
233,45,力,0
233,46,力,0
234,36,力,0
234,37,力,0
234,38,力,0
234,39,力,0
234,40,力,0
234,41,力,0
234,42,力,0
234,43,力,0
234,44,力,0
234,45,力,0
234,46,力,0
235,36,力,0
235,37,力,0
235,38,力,0
235,39,力,0
235,40,力,0
235,41,力,0
235,42,力,0
235,43,力,0
235,44,力,0
235,45,力,0
235,46,力,0
236,36,力,0
236,37,力,0
236,38,力,0
236,39,力,0
236,40,力,0
236,41,力,0
236,42,力,0
236,43,力,0
236,44,力,0
236,45,力,0
236,46,力,0
237,36,力,0
237,37,力,0
237,38,力,0
237,39,力,0
237,40,力,0
237,41,力,0
237,42,力,0
237,43,力,0
237,44,力,0
237,45,力,0
237,46,力,0
237,36,が,0
237,37,が,0
237,38,が,0
237,39,が,0
237,40,が,0
237,41,が,0
237,42,が,0
237,43,が,0
237,44,が,0
237,45,が,0
237,46,が,0
238,36,が,0
238,37,が,0
238,38,が,0
238,39,が,0
238,40,が,0
238,41,が,0
238,42,が,0
238,43,が,0
238,44,が,0
238,45,が,0
238,46,が,0
239,36,が,0
239,37,が,0
239,38,が,0
239,39,が,0
239,40,が,0
239,41,が,0
239,42,が,0
239,43,が,0
239,44,が,0
239,45,が,0
239,46,が,0
240,36,が,0
240,37,が,0
240,38,が,0
240,39,が,0
240,40,が,0
240,41,が,0
240,42,が,0
240,43,が,0
240,44,が,0
240,45,が,0
240,46,が,0
241,36,が,0
241,37,が,0
241,38,が,0
241,39,が,0
241,40,が,0
241,41,が,0
241,42,が,0
241,43,が,0
241,44,が,0
241,45,が,0
241,46,が,0
242,36,が,0
242,37,が,0
242,38,が,0
242,39,が,0
242,40,が,0
242,41,が,0
242,42,が,0
242,43,が,0
242,44,が,0
242,45,が,0
242,46,が,0
243,36,が,0
243,37,が,0
243,38,が,0
243,39,が,0
243,40,が,0
243,41,が,0
243,42,が,0
243,43,が,0
243,44,が,0
243,45,が,0
243,46,が,0
244,36,が,0
244,37,が,0
244,38,が,0
244,39,が,0
244,40,が,0
244,41,が,0
244,42,が,0
244,43,が,0
244,44,が,0
244,45,が,0
244,46,が,0
244,36,暴,0
244,37,暴,0
244,38,暴,0
244,39,暴,0
244,40,暴,0
244,41,暴,0
244,42,暴,0
244,43,暴,0
244,44,暴,0
244,45,暴,0
244,46,暴,0
245,36,暴,0
245,37,暴,0
245,38,暴,0
245,39,暴,0
245,40,暴,0
245,41,暴,0
245,42,暴,0
245,43,暴,0
245,44,暴,0
245,45,暴,0
245,46,暴,0
246,36,暴,0
246,37,暴,0
246,38,暴,0
246,39,暴,0
246,40,暴,0
246,41,暴,0
246,42,暴,0
246,43,暴,0
246,44,暴,0
246,45,暴,0
246,46,暴,0
247,36,暴,0
247,37,暴,0
247,38,暴,0
247,39,暴,0
247,40,暴,0
247,41,暴,0
247,42,暴,0
247,43,暴,0
247,44,暴,0
247,45,暴,0
247,46,暴,0
248,36,暴,0
248,37,暴,0
248,38,暴,0
248,39,暴,0
248,40,暴,0
248,41,暴,0
248,42,暴,0
248,43,暴,0
248,44,暴,0
248,45,暴,0
248,46,暴,0
249,36,暴,0
249,37,暴,0
249,38,暴,0
249,39,暴,0
249,40,暴,0
249,41,暴,0
249,42,暴,0
249,43,暴,0
249,44,暴,0
249,45,暴,0
249,46,暴,0
250,36,暴,0
250,37,暴,0
250,38,暴,0
250,39,暴,0
250,40,暴,0
250,41,暴,0
250,42,暴,0
250,43,暴,0
250,44,暴,0
250,45,暴,0
250,46,暴,0
251,36,暴,0
251,37,暴,0
251,38,暴,0
251,39,暴,0
251,40,暴,0
251,41,暴,0
251,42,暴,0
251,43,暴,0
251,44,暴,0
251,45,暴,0
251,46,暴,0
251,36,発,0
251,37,発,0
251,38,発,0
251,39,発,0
251,40,発,0
251,41,発,0
251,42,発,0
251,43,発,0
251,44,発,0
251,45,発,0
251,46,発,0
252,36,発,0
252,37,発,0
252,38,発,0
252,39,発,0
252,40,発,0
252,41,発,0
252,42,発,0
252,43,発,0
252,44,発,0
252,45,発,0
252,46,発,0
253,36,発,0
253,37,発,0
253,38,発,0
253,39,発,0
253,40,発,0
253,41,発,0
253,42,発,0
253,43,発,0
253,44,発,0
253,45,発,0
253,46,発,0
254,36,発,0
254,37,発,0
254,38,発,0
254,39,発,0
254,40,発,0
254,41,発,0
254,42,発,0
254,43,発,0
254,44,発,0
254,45,発,0
254,46,発,0
255,36,発,0
255,37,発,0
255,38,発,0
255,39,発,0
255,40,発,0
255,41,発,0
255,42,発,0
255,43,発,0
255,44,発,0
255,45,発,0
255,46,発,0
256,36,発,0
256,37,発,0
256,38,発,0
256,39,発,0
256,40,発,0
256,41,発,0
256,42,発,0
256,43,発,0
256,44,発,0
256,45,発,0
256,46,発,0
257,36,発,0
257,37,発,0
257,38,発,0
257,39,発,0
257,40,発,0
257,41,発,0
257,42,発,0
257,43,発,0
257,44,発,0
257,45,発,0
257,46,発,0
258,36,発,0
258,37,発,0
258,38,発,0
258,39,発,0
258,40,発,0
258,41,発,0
258,42,発,0
258,43,発,0
258,44,発,0
258,45,発,0
258,46,発,0
62,46,し,0
62,47,し,0
62,48,し,0
62,49,し,0
62,50,し,0
62,51,し,0
62,52,し,0
62,53,し,0
62,54,し,0
62,55,し,0
62,56,し,0
63,46,し,0
63,47,し,0
63,48,し,0
63,49,し,0
63,50,し,0
63,51,し,0
63,52,し,0
63,53,し,0
63,54,し,0
63,55,し,0
63,56,し,0
64,46,し,0
64,47,し,0
64,48,し,0
64,49,し,0
64,50,し,34.44999999999709
64,51,し,34.44999999999709
64,52,し,34.44999999999709
64,53,し,0
64,54,し,0
64,55,し,0
64,56,し,0
65,46,し,0
65,47,し,0
65,48,し,0
65,49,し,0
65,50,し,34.44999999999709
65,51,し,34.44999999999709
65,52,し,34.44999999999709
65,53,し,0
65,54,し,0
65,55,し,0
65,56,し,0
66,46,し,0
66,47,し,0
66,48,し,0
66,49,し,0
66,50,し,34.44999999999709
66,51,し,34.44999999999709
66,52,し,34.44999999999709
66,53,し,0
66,54,し,0
66,55,し,0
66,56,し,0
67,46,し,0
67,47,し,0
67,48,し,0
67,49,し,0
67,50,し,0
67,51,し,0
67,52,し,0
67,53,し,0
67,54,し,0
67,55,し,0
67,56,し,0
68,46,し,0
68,47,し,0
68,48,し,0
68,49,し,0
68,50,し,0
68,51,し,0
68,52,し,0
68,53,し,0
68,54,し,0
68,55,し,0
68,56,し,0
69,46,し,0
69,47,し,0
69,48,し,0
69,49,し,0
69,50,し,0
69,51,し,0
69,52,し,0
69,53,し,0
69,54,し,0
69,55,し,0
69,56,し,0
69,46,た,0
69,47,た,0
69,48,た,0
69,49,た,0
69,50,た,0
69,51,た,0
69,52,た,0
69,53,た,0
69,54,た,0
69,55,た,0
69,56,た,0
70,46,た,0
70,47,た,0
70,48,た,0
70,49,た,0
70,50,た,0
70,51,た,0
70,52,た,0
70,53,た,0
70,54,た,0
70,55,た,0
70,56,た,0
71,46,た,0
71,47,た,0
71,48,た,0
71,49,た,0
71,50,た,0
71,51,た,0
71,52,た,0
71,53,た,0
71,54,た,0
71,55,た,0
71,56,た,0
72,46,た,0
72,47,た,0
72,48,た,0
72,49,た,0
72,50,た,0
72,51,た,0
72,52,た,0
72,53,た,0
72,54,た,0
72,55,た,0
72,56,た,0
73,46,た,0
73,47,た,0
73,48,た,0
73,49,た,0
73,50,た,0
73,51,た,0
73,52,た,0
73,53,た,0
73,54,た,0
73,55,た,0
73,56,た,0
74,46,た,0
74,47,た,0
74,48,た,0
74,49,た,0
74,50,た,0
74,51,た,0
74,52,た,0
74,53,た,0
74,54,た,0
74,55,た,0
74,56,た,0
75,46,た,0
75,47,た,0
75,48,た,0
75,49,た,0
75,50,た,0
75,51,た,0
75,52,た,0
75,53,た,0
75,54,た,0
75,55,た,0
75,56,た,0
75,46,。,0
75,47,。,0
75,48,。,0
75,49,。,0
75,50,。,0
75,51,。,0
75,52,。,0
75,53,。,0
75,54,。,0
75,55,。,0
75,56,。,0
76,46,。,0
76,47,。,0
76,48,。,0
76,49,。,0
76,50,。,0
76,51,。,0
76,52,。,0
76,53,。,0
76,54,。,0
76,55,。,0
76,56,。,0
77,46,。,0
77,47,。,0
77,48,。,0
77,49,。,0
77,50,。,0
77,51,。,0
77,52,。,0
77,53,。,0
77,54,。,0
77,55,。,0
77,56,。,0
78,46,。,0
78,47,。,0
78,48,。,0
78,49,。,0
78,50,。,0
78,51,。,0
78,52,。,0
78,53,。,0
78,54,。,0
78,55,。,0
78,56,。,0
79,46,。,0
79,47,。,0
79,48,。,0
79,49,。,0
79,50,。,0
79,51,。,0
79,52,。,0
79,53,。,0
79,54,。,0
79,55,。,0
79,56,。,0
80,46,。,0
80,47,。,0
80,48,。,0
80,49,。,0
80,50,。,0
80,51,。,0
80,52,。,0
80,53,。,0
80,54,。,0
80,55,。,0
80,56,。,0
81,46,。,0
81,47,。,0
81,48,。,0
81,49,。,0
81,50,。,0
81,51,。,0
81,52,。,0
81,53,。,0
81,54,。,0
81,55,。,0
81,56,。,0
82,46,。,0
82,47,。,0
82,48,。,0
82,49,。,0
82,50,。,0
82,51,。,0
82,52,。,0
82,53,。,0
82,54,。,0
82,55,。,0
82,56,。,0
82,46,激,0
82,47,激,0
82,48,激,0
82,49,激,0
82,50,激,0
82,51,激,0
82,52,激,0
82,53,激,0
82,54,激,0
82,55,激,0
82,56,激,0
83,46,激,0
83,47,激,0
83,48,激,0
83,49,激,0
83,50,激,0
83,51,激,0
83,52,激,0
83,53,激,0
83,54,激,0
83,55,激,0
83,56,激,0
84,46,激,0
84,47,激,0
84,48,激,0
84,49,激,0
84,50,激,0
84,51,激,0
84,52,激,0
84,53,激,0
84,54,激,0
84,55,激,0
84,56,激,0
85,46,激,0
85,47,激,0
85,48,激,0
85,49,激,0
85,50,激,0
85,51,激,0
85,52,激,0
85,53,激,0
85,54,激,0
85,55,激,0
85,56,激,0
86,46,激,0
86,47,激,0
86,48,激,0
86,49,激,0
86,50,激,0
86,51,激,0
86,52,激,0
86,53,激,0
86,54,激,0
86,55,激,0
86,56,激,0
87,46,激,0
87,47,激,0
87,48,激,0
87,49,激,0
87,50,激,0
87,51,激,0
87,52,激,0
87,53,激,0
87,54,激,0
87,55,激,0
87,56,激,0
88,46,激,0
88,47,激,0
88,48,激,0
88,49,激,0
88,50,激,0
88,51,激,0
88,52,激,0
88,53,激,0
88,54,激,0
88,55,激,0
88,56,激,0
89,46,激,0
89,47,激,0
89,48,激,0
89,49,激,0
89,50,激,0
89,51,激,0
89,52,激,0
89,53,激,0
89,54,激,0
89,55,激,0
89,56,激,0
89,46,流,0
89,47,流,0
89,48,流,0
89,49,流,0
89,50,流,0
89,51,流,0
89,52,流,0
89,53,流,0
89,54,流,0
89,55,流,0
89,56,流,0
90,46,流,0
90,47,流,0
90,48,流,0
90,49,流,0
90,50,流,0
90,51,流,0
90,52,流,0
90,53,流,0
90,54,流,0
90,55,流,0
90,56,流,0
91,46,流,0
91,47,流,0
91,48,流,0
91,49,流,0
91,50,流,0
91,51,流,0
91,52,流,0
91,53,流,0
91,54,流,0
91,55,流,0
91,56,流,0
92,46,流,0
92,47,流,0
92,48,流,0
92,49,流,0
92,50,流,0
92,51,流,0
92,52,流,0
92,53,流,0
92,54,流,0
92,55,流,0
92,56,流,0
93,46,流,0
93,47,流,0
93,48,流,0
93,49,流,0
93,50,流,0
93,51,流,0
93,52,流,0
93,53,流,0
93,54,流,0
93,55,流,0
93,56,流,0
94,46,流,0
94,47,流,0
94,48,流,0
94,49,流,0
94,50,流,0
94,51,流,0
94,52,流,0
94,53,流,0
94,54,流,0
94,55,流,0
94,56,流,0
95,46,流,0
95,47,流,0
95,48,流,0
95,49,流,0
95,50,流,0
95,51,流,0
95,52,流,0
95,53,流,0
95,54,流,0
95,55,流,0
95,56,流,0
96,46,流,0
96,47,流,0
96,48,流,0
96,49,流,0
96,50,流,0
96,51,流,0
96,52,流,0
96,53,流,0
96,54,流,0
96,55,流,0
96,56,流,0
96,46,の,0
96,47,の,0
96,48,の,0
96,49,の,0
96,50,の,0
96,51,の,0
96,52,の,0
96,53,の,0
96,54,の,0
96,55,の,0
96,56,の,0
97,46,の,0
97,47,の,0
97,48,の,0
97,49,の,0
97,50,の,0
97,51,の,0
97,52,の,0
97,53,の,0
97,54,の,0
97,55,の,0
97,56,の,0
98,46,の,0
98,47,の,0
98,48,の,0
98,49,の,0
98,50,の,0
98,51,の,0
98,52,の,0
98,53,の,0
98,54,の,0
98,55,の,0
98,56,の,0
99,46,の,0
99,47,の,0
99,48,の,0
99,49,の,0
99,50,の,0
99,51,の,0
99,52,の,0
99,53,の,0
99,54,の,0
99,55,の,0
99,56,の,0
100,46,の,0
100,47,の,0
100,48,の,0
100,49,の,0
100,50,の,0
100,51,の,0
100,52,の,0
100,53,の,0
100,54,の,0
100,55,の,0
100,56,の,0
101,46,の,0
101,47,の,0
101,48,の,0
101,49,の,0
101,50,の,0
101,51,の,0
101,52,の,0
101,53,の,0
101,54,の,0
101,55,の,0
101,56,の,0
102,46,の,0
102,47,の,0
102,48,の,0
102,49,の,0
102,50,の,0
102,51,の,0
102,52,の,0
102,53,の,0
102,54,の,0
102,55,の,0
102,56,の,0
102,46,よ,0
102,47,よ,0
102,48,よ,0
102,49,よ,0
102,50,よ,0
102,51,よ,0
102,52,よ,0
102,53,よ,0
102,54,よ,0
102,55,よ,0
102,56,よ,0
103,46,よ,0
103,47,よ,0
103,48,よ,0
103,49,よ,0
103,50,よ,0
103,51,よ,0
103,52,よ,0
103,53,よ,0
103,54,よ,0
103,55,よ,0
103,56,よ,0
104,46,よ,0
104,47,よ,0
104,48,よ,0
104,49,よ,0
104,50,よ,0
104,51,よ,0
104,52,よ,0
104,53,よ,0
104,54,よ,0
104,55,よ,0
104,56,よ,0
105,46,よ,0
105,47,よ,0
105,48,よ,0
105,49,よ,0
105,50,よ,0
105,51,よ,0
105,52,よ,0
105,53,よ,0
105,54,よ,0
105,55,よ,0
105,56,よ,0
106,46,よ,0
106,47,よ,0
106,48,よ,0
106,49,よ,0
106,50,よ,0
106,51,よ,0
106,52,よ,0
106,53,よ,0
106,54,よ,0
106,55,よ,0
106,56,よ,0
107,46,よ,0
107,47,よ,0
107,48,よ,0
107,49,よ,0
107,50,よ,0
107,51,よ,0
107,52,よ,0
107,53,よ,0
107,54,よ,0
107,55,よ,0
107,56,よ,0
108,46,よ,0
108,47,よ,0
108,48,よ,0
108,49,よ,0
108,50,よ,0
108,51,よ,0
108,52,よ,0
108,53,よ,0
108,54,よ,0
108,55,よ,0
108,56,よ,0
109,46,よ,0
109,47,よ,0
109,48,よ,0
109,49,よ,0
109,50,よ,0
109,51,よ,0
109,52,よ,0
109,53,よ,0
109,54,よ,0
109,55,よ,0
109,56,よ,0
109,46,う,0
109,47,う,0
109,48,う,0
109,49,う,0
109,50,う,0
109,51,う,0
109,52,う,0
109,53,う,0
109,54,う,0
109,55,う,0
109,56,う,0
110,46,う,0
110,47,う,0
110,48,う,0
110,49,う,0
110,50,う,0
110,51,う,0
110,52,う,0
110,53,う,0
110,54,う,0
110,55,う,0
110,56,う,0
111,46,う,0
111,47,う,0
111,48,う,0
111,49,う,0
111,50,う,0
111,51,う,0
111,52,う,0
111,53,う,0
111,54,う,0
111,55,う,0
111,56,う,0
112,46,う,0
112,47,う,0
112,48,う,0
112,49,う,0
112,50,う,0
112,51,う,0
112,52,う,0
112,53,う,0
112,54,う,0
112,55,う,0
112,56,う,0
113,46,う,0
113,47,う,0
113,48,う,0
113,49,う,0
113,50,う,0
113,51,う,0
113,52,う,0
113,53,う,0
113,54,う,0
113,55,う,0
113,56,う,0
114,46,う,0
114,47,う,0
114,48,う,0
114,49,う,0
114,50,う,0
114,51,う,0
114,52,う,0
114,53,う,0
114,54,う,0
114,55,う,0
114,56,う,0
115,46,う,0
115,47,う,0
115,48,う,0
115,49,う,0
115,50,う,0
115,51,う,0
115,52,う,0
115,53,う,0
115,54,う,0
115,55,う,0
115,56,う,0
116,46,う,0
116,47,う,0
116,48,う,0
116,49,う,0
116,50,う,0
116,51,う,0
116,52,う,0
116,53,う,0
116,54,う,0
116,55,う,0
116,56,う,0
116,46,に,0
116,47,に,0
116,48,に,0
116,49,に,0
116,50,に,0
116,51,に,0
116,52,に,0
116,53,に,0
116,54,に,0
116,55,に,0
116,56,に,0
117,46,に,0
117,47,に,0
117,48,に,0
117,49,に,0
117,50,に,0
117,51,に,0
117,52,に,0
117,53,に,0
117,54,に,0
117,55,に,0
117,56,に,0
118,46,に,0
118,47,に,0
118,48,に,0
118,49,に,0
118,50,に,0
118,51,に,0
118,52,に,0
118,53,に,0
118,54,に,0
118,55,に,0
118,56,に,0
119,46,に,0
119,47,に,0
119,48,に,0
119,49,に,0
119,50,に,0
119,51,に,0
119,52,に,0
119,53,に,0
119,54,に,0
119,55,に,0
119,56,に,0
120,46,に,0
120,47,に,0
120,48,に,0
120,49,に,0
120,50,に,0
120,51,に,0
120,52,に,0
120,53,に,0
120,54,に,0
120,55,に,0
120,56,に,0
121,46,に,0
121,47,に,0
121,48,に,0
121,49,に,0
121,50,に,0
121,51,に,0
121,52,に,0
121,53,に,0
121,54,に,0
121,55,に,0
121,56,に,0
122,46,に,0
122,47,に,0
122,48,に,0
122,49,に,0
122,50,に,0
122,51,に,0
122,52,に,0
122,53,に,0
122,54,に,0
122,55,に,0
122,56,に,0
123,46,に,0
123,47,に,0
123,48,に,0
123,49,に,0
123,50,に,0
123,51,に,0
123,52,に,0
123,53,に,0
123,54,に,0
123,55,に,0
123,56,に,0
123,46,フ,0
123,47,フ,0
123,48,フ,0
123,49,フ,0
123,50,フ,0
123,51,フ,0
123,52,フ,0
123,53,フ,0
123,54,フ,0
123,55,フ,0
123,56,フ,0
124,46,フ,0
124,47,フ,0
124,48,フ,0
124,49,フ,0
124,50,フ,0
124,51,フ,0
124,52,フ,0
124,53,フ,0
124,54,フ,0
124,55,フ,0
124,56,フ,0
125,46,フ,0
125,47,フ,0
125,48,フ,0
125,49,フ,0
125,50,フ,0
125,51,フ,0
125,52,フ,0
125,53,フ,0
125,54,フ,0
125,55,フ,0
125,56,フ,0
126,46,フ,0
126,47,フ,0
126,48,フ,0
126,49,フ,0
126,50,フ,0
126,51,フ,0
126,52,フ,0
126,53,フ,0
126,54,フ,0
126,55,フ,0
126,56,フ,0
127,46,フ,0
127,47,フ,0
127,48,フ,0
127,49,フ,0
127,50,フ,0
127,51,フ,0
127,52,フ,0
127,53,フ,0
127,54,フ,0
127,55,フ,0
127,56,フ,0
128,46,フ,0
128,47,フ,0
128,48,フ,0
128,49,フ,0
128,50,フ,0
128,51,フ,0
128,52,フ,0
128,53,フ,0
128,54,フ,0
128,55,フ,0
128,56,フ,0
129,46,フ,0
129,47,フ,0
129,48,フ,0
129,49,フ,0
129,50,フ,0
129,51,フ,0
129,52,フ,0
129,53,フ,0
129,54,フ,0
129,55,フ,0
129,56,フ,0
129,46,ォ,0
129,47,ォ,0
129,48,ォ,0
129,49,ォ,0
129,50,ォ,0
129,51,ォ,0
129,52,ォ,0
129,53,ォ,0
129,54,ォ,0
129,55,ォ,0
129,56,ォ,0
130,46,ォ,0
130,47,ォ,0
130,48,ォ,0
130,49,ォ,0
130,50,ォ,0
130,51,ォ,0
130,52,ォ,0
130,53,ォ,0
130,54,ォ,0
130,55,ォ,0
130,56,ォ,0
131,46,ォ,0
131,47,ォ,0
131,48,ォ,0
131,49,ォ,0
131,50,ォ,0
131,51,ォ,0
131,52,ォ,0
131,53,ォ,0
131,54,ォ,0
131,55,ォ,0
131,56,ォ,0
132,46,ォ,0
132,47,ォ,0
132,48,ォ,0
132,49,ォ,0
132,50,ォ,0
132,51,ォ,0
132,52,ォ,0
132,53,ォ,0
132,54,ォ,0
132,55,ォ,0
132,56,ォ,0
133,46,ォ,0
133,47,ォ,0
133,48,ォ,0
133,49,ォ,0
133,50,ォ,0
133,51,ォ,0
133,52,ォ,0
133,53,ォ,0
133,54,ォ,0
133,55,ォ,0
133,56,ォ,0
134,46,ォ,0
134,47,ォ,0
134,48,ォ,0
134,49,ォ,0
134,50,ォ,0
134,51,ォ,0
134,52,ォ,0
134,53,ォ,0
134,54,ォ,0
134,55,ォ,0
134,56,ォ,0
135,46,ォ,0
135,47,ォ,0
135,48,ォ,0
135,49,ォ,0
135,50,ォ,0
135,51,ォ,0
135,52,ォ,0
135,53,ォ,0
135,54,ォ,0
135,55,ォ,0
135,56,ォ,0
136,46,ォ,0
136,47,ォ,0
136,48,ォ,0
136,49,ォ,0
136,50,ォ,0
136,51,ォ,0
136,52,ォ,0
136,53,ォ,0
136,54,ォ,0
136,55,ォ,0
136,56,ォ,0
136,46,ー,0
136,47,ー,0
136,48,ー,0
136,49,ー,0
136,50,ー,0
136,51,ー,0
136,52,ー,0
136,53,ー,0
136,54,ー,0
136,55,ー,0
136,56,ー,0
137,46,ー,0
137,47,ー,0
137,48,ー,0
137,49,ー,0
137,50,ー,0
137,51,ー,0
137,52,ー,0
137,53,ー,0
137,54,ー,0
137,55,ー,0
137,56,ー,0
138,46,ー,0
138,47,ー,0
138,48,ー,0
138,49,ー,0
138,50,ー,0
138,51,ー,0
138,52,ー,0
138,53,ー,0
138,54,ー,0
138,55,ー,0
138,56,ー,0
139,46,ー,0
139,47,ー,0
139,48,ー,0
139,49,ー,0
139,50,ー,0
139,51,ー,0
139,52,ー,0
139,53,ー,0
139,54,ー,0
139,55,ー,0
139,56,ー,0
140,46,ー,0
140,47,ー,0
140,48,ー,0
140,49,ー,0
140,50,ー,0
140,51,ー,0
140,52,ー,0
140,53,ー,0
140,54,ー,0
140,55,ー,0
140,56,ー,0
141,46,ー,0
141,47,ー,0
141,48,ー,0
141,49,ー,0
141,50,ー,0
141,51,ー,0
141,52,ー,0
141,53,ー,0
141,54,ー,0
141,55,ー,0
141,56,ー,0
142,46,ー,0
142,47,ー,0
142,48,ー,0
142,49,ー,0
142,50,ー,0
142,51,ー,0
142,52,ー,0
142,53,ー,0
142,54,ー,0
142,55,ー,0
142,56,ー,0
143,46,ー,0
143,47,ー,0
143,48,ー,0
143,49,ー,0
143,50,ー,0
143,51,ー,0
143,52,ー,0
143,53,ー,0
143,54,ー,0
143,55,ー,0
143,56,ー,0
143,46,ム,0
143,47,ム,0
143,48,ム,0
143,49,ム,0
143,50,ム,0
143,51,ム,0
143,52,ム,0
143,53,ム,0
143,54,ム,0
143,55,ム,0
143,56,ム,0
144,46,ム,0
144,47,ム,0
144,48,ム,0
144,49,ム,0
144,50,ム,0
144,51,ム,0
144,52,ム,0
144,53,ム,0
144,54,ム,0
144,55,ム,0
144,56,ム,0
145,46,ム,0
145,47,ム,0
145,48,ム,0
145,49,ム,0
145,50,ム,0
145,51,ム,0
145,52,ム,0
145,53,ム,0
145,54,ム,0
145,55,ム,0
145,56,ム,0
146,46,ム,0
146,47,ム,0
146,48,ム,0
146,49,ム,0
146,50,ム,0
146,51,ム,0
146,52,ム,0
146,53,ム,0
146,54,ム,0
146,55,ム,0
146,56,ム,0
147,46,ム,0
147,47,ム,0
147,48,ム,0
147,49,ム,0
147,50,ム,0
147,51,ム,0
147,52,ム,0
147,53,ム,0
147,54,ム,0
147,55,ム,0
147,56,ム,0
148,46,ム,0
148,47,ム,0
148,48,ム,0
148,49,ム,0
148,50,ム,0
148,51,ム,0
148,52,ム,0
148,53,ム,0
148,54,ム,0
148,55,ム,0
148,56,ム,0
149,46,ム,0
149,47,ム,0
149,48,ム,0
149,49,ム,0
149,50,ム,0
149,51,ム,0
149,52,ム,0
149,53,ム,0
149,54,ム,0
149,55,ム,0
149,56,ム,0
150,46,ム,0
150,47,ム,0
150,48,ム,0
150,49,ム,0
150,50,ム,0
150,51,ム,0
150,52,ム,0
150,53,ム,0
150,54,ム,0
150,55,ム,0
150,56,ム,0
150,46,が,0
150,47,が,0
150,48,が,0
150,49,が,0
150,50,が,0
150,51,が,0
150,52,が,0
150,53,が,0
150,54,が,0
150,55,が,0
150,56,が,0
151,46,が,0
151,47,が,0
151,48,が,0
151,49,が,0
151,50,が,0
151,51,が,0
151,52,が,0
151,53,が,0
151,54,が,0
151,55,が,0
151,56,が,0
152,46,が,0
152,47,が,0
152,48,が,0
152,49,が,0
152,50,が,0
152,51,が,0
152,52,が,0
152,53,が,0
152,54,が,0
152,55,が,0
152,56,が,0
153,46,が,0
153,47,が,0
153,48,が,0
153,49,が,0
153,50,が,0
153,51,が,0
153,52,が,0
153,53,が,0
153,54,が,0
153,55,が,0
153,56,が,0
154,46,が,0
154,47,が,0
154,48,が,0
154,49,が,0
154,50,が,0
154,51,が,0
154,52,が,0
154,53,が,0
154,54,が,0
154,55,が,0
154,56,が,0
155,46,が,0
155,47,が,0
155,48,が,0
155,49,が,0
155,50,が,0
155,51,が,0
155,52,が,0
155,53,が,0
155,54,が,0
155,55,が,0
155,56,が,0
156,46,が,0
156,47,が,0
156,48,が,0
156,49,が,0
156,50,が,0
156,51,が,0
156,52,が,0
156,53,が,0
156,54,が,0
156,55,が,0
156,56,が,0
156,46,あ,0
156,47,あ,0
156,48,あ,0
156,49,あ,0
156,50,あ,0
156,51,あ,0
156,52,あ,0
156,53,あ,0
156,54,あ,0
156,55,あ,0
156,56,あ,0
157,46,あ,0
157,47,あ,0
157,48,あ,0
157,49,あ,0
157,50,あ,0
157,51,あ,0
157,52,あ,0
157,53,あ,0
157,54,あ,0
157,55,あ,0
157,56,あ,0
158,46,あ,0
158,47,あ,0
158,48,あ,0
158,49,あ,0
158,50,あ,0
158,51,あ,0
158,52,あ,0
158,53,あ,0
158,54,あ,0
158,55,あ,0
158,56,あ,0
159,46,あ,0
159,47,あ,0
159,48,あ,0
159,49,あ,0
159,50,あ,0
159,51,あ,0
159,52,あ,0
159,53,あ,0
159,54,あ,0
159,55,あ,0
159,56,あ,0
160,46,あ,0
160,47,あ,0
160,48,あ,0
160,49,あ,0
160,50,あ,0
160,51,あ,0
160,52,あ,0
160,53,あ,0
160,54,あ,0
160,55,あ,0
160,56,あ,0
161,46,あ,0
161,47,あ,0
161,48,あ,0
161,49,あ,0
161,50,あ,0
161,51,あ,0
161,52,あ,0
161,53,あ,0
161,54,あ,0
161,55,あ,0
161,56,あ,0
162,46,あ,0
162,47,あ,0
162,48,あ,0
162,49,あ,0
162,50,あ,0
162,51,あ,0
162,52,あ,0
162,53,あ,0
162,54,あ,0
162,55,あ,0
162,56,あ,0
163,46,あ,0
163,47,あ,0
163,48,あ,0
163,49,あ,0
163,50,あ,0
163,51,あ,0
163,52,あ,0
163,53,あ,0
163,54,あ,0
163,55,あ,0
163,56,あ,0
163,46,ふ,0
163,47,ふ,0
163,48,ふ,0
163,49,ふ,0
163,50,ふ,0
163,51,ふ,0
163,52,ふ,0
163,53,ふ,0
163,54,ふ,0
163,55,ふ,0
163,56,ふ,0
164,46,ふ,0
164,47,ふ,0
164,48,ふ,0
164,49,ふ,0
164,50,ふ,0
164,51,ふ,0
164,52,ふ,0
164,53,ふ,0
164,54,ふ,0
164,55,ふ,0
164,56,ふ,0
165,46,ふ,0
165,47,ふ,0
165,48,ふ,0
165,49,ふ,0
165,50,ふ,0
165,51,ふ,0
165,52,ふ,0
165,53,ふ,0
165,54,ふ,0
165,55,ふ,0
165,56,ふ,0
166,46,ふ,0
166,47,ふ,0
166,48,ふ,0
166,49,ふ,0
166,50,ふ,0
166,51,ふ,0
166,52,ふ,0
166,53,ふ,0
166,54,ふ,0
166,55,ふ,0
166,56,ふ,0
167,46,ふ,0
167,47,ふ,0
167,48,ふ,0
167,49,ふ,0
167,50,ふ,0
167,51,ふ,0
167,52,ふ,0
167,53,ふ,0
167,54,ふ,0
167,55,ふ,0
167,56,ふ,0
168,46,ふ,0
168,47,ふ,0
168,48,ふ,0
168,49,ふ,0
168,50,ふ,0
168,51,ふ,0
168,52,ふ,0
168,53,ふ,0
168,54,ふ,0
168,55,ふ,0
168,56,ふ,0
169,46,ふ,0
169,47,ふ,0
169,48,ふ,0
169,49,ふ,0
169,50,ふ,0
169,51,ふ,0
169,52,ふ,0
169,53,ふ,0
169,54,ふ,0
169,55,ふ,0
169,56,ふ,0
170,46,ふ,0
170,47,ふ,0
170,48,ふ,0
170,49,ふ,0
170,50,ふ,0
170,51,ふ,0
170,52,ふ,0
170,53,ふ,0
170,54,ふ,0
170,55,ふ,0
170,56,ふ,0
170,46,れ,0
170,47,れ,0
170,48,れ,0
170,49,れ,0
170,50,れ,0
170,51,れ,0
170,52,れ,0
170,53,れ,0
170,54,れ,0
170,55,れ,0
170,56,れ,0
171,46,れ,0
171,47,れ,0
171,48,れ,0
171,49,れ,0
171,50,れ,0
171,51,れ,0
171,52,れ,0
171,53,れ,0
171,54,れ,0
171,55,れ,0
171,56,れ,0
172,46,れ,0
172,47,れ,0
172,48,れ,0
172,49,れ,0
172,50,れ,0
172,51,れ,0
172,52,れ,0
172,53,れ,0
172,54,れ,0
172,55,れ,0
172,56,れ,0
173,46,れ,0
173,47,れ,0
173,48,れ,0
173,49,れ,0
173,50,れ,0
173,51,れ,0
173,52,れ,0
173,53,れ,0
173,54,れ,0
173,55,れ,0
173,56,れ,0
174,46,れ,0
174,47,れ,0
174,48,れ,0
174,49,れ,0
174,50,れ,0
174,51,れ,0
174,52,れ,0
174,53,れ,0
174,54,れ,0
174,55,れ,0
174,56,れ,0
175,46,れ,0
175,47,れ,0
175,48,れ,0
175,49,れ,0
175,50,れ,0
175,51,れ,0
175,52,れ,0
175,53,れ,0
175,54,れ,0
175,55,れ,0
175,56,れ,0
176,46,れ,0
176,47,れ,0
176,48,れ,0
176,49,れ,0
176,50,れ,0
176,51,れ,0
176,52,れ,0
176,53,れ,0
176,54,れ,0
176,55,れ,0
176,56,れ,0
177,46,れ,0
177,47,れ,0
177,48,れ,0
177,49,れ,0
177,50,れ,0
177,51,れ,0
177,52,れ,0
177,53,れ,0
177,54,れ,0
177,55,れ,0
177,56,れ,0
177,46,出,0
177,47,出,0
177,48,出,0
177,49,出,0
177,50,出,0
177,51,出,0
177,52,出,0
177,53,出,0
177,54,出,0
177,55,出,0
177,56,出,0
178,46,出,0
178,47,出,0
178,48,出,0
178,49,出,0
178,50,出,0
178,51,出,0
178,52,出,0
178,53,出,0
178,54,出,0
178,55,出,0
178,56,出,0
179,46,出,0
179,47,出,0
179,48,出,0
179,49,出,0
179,50,出,0
179,51,出,0
179,52,出,0
179,53,出,0
179,54,出,0
179,55,出,0
179,56,出,0
180,46,出,0
180,47,出,0
180,48,出,0
180,49,出,0
180,50,出,0
180,51,出,0
180,52,出,0
180,53,出,0
180,54,出,0
180,55,出,0
180,56,出,0
181,46,出,0
181,47,出,0
181,48,出,0
181,49,出,0
181,50,出,0
181,51,出,0
181,52,出,0
181,53,出,0
181,54,出,0
181,55,出,0
181,56,出,0
182,46,出,0
182,47,出,0
182,48,出,0
182,49,出,0
182,50,出,0
182,51,出,0
182,52,出,0
182,53,出,0
182,54,出,0
182,55,出,0
182,56,出,0
183,46,出,0
183,47,出,0
183,48,出,0
183,49,出,0
183,50,出,0
183,51,出,0
183,52,出,0
183,53,出,0
183,54,出,0
183,55,出,0
183,56,出,0
183,46,し,0
183,47,し,0
183,48,し,0
183,49,し,0
183,50,し,0
183,51,し,0
183,52,し,0
183,53,し,0
183,54,し,0
183,55,し,0
183,56,し,0
184,46,し,0
184,47,し,0
184,48,し,0
184,49,し,0
184,50,し,0
184,51,し,0
184,52,し,0
184,53,し,0
184,54,し,0
184,55,し,0
184,56,し,0
185,46,し,0
185,47,し,0
185,48,し,0
185,49,し,0
185,50,し,0
185,51,し,0
185,52,し,0
185,53,し,0
185,54,し,0
185,55,し,0
185,56,し,0
186,46,し,0
186,47,し,0
186,48,し,0
186,49,し,0
186,50,し,0
186,51,し,0
186,52,し,0
186,53,し,0
186,54,し,0
186,55,し,0
186,56,し,0
187,46,し,0
187,47,し,0
187,48,し,0
187,49,し,0
187,50,し,0
187,51,し,0
187,52,し,0
187,53,し,0
187,54,し,0
187,55,し,0
187,56,し,0
188,46,し,0
188,47,し,0
188,48,し,0
188,49,し,0
188,50,し,0
188,51,し,0
188,52,し,0
188,53,し,0
188,54,し,0
188,55,し,0
188,56,し,0
189,46,し,0
189,47,し,0
189,48,し,0
189,49,し,0
189,50,し,0
189,51,し,0
189,52,し,0
189,53,し,0
189,54,し,0
189,55,し,0
189,56,し,0
190,46,し,0
190,47,し,0
190,48,し,0
190,49,し,0
190,50,し,0
190,51,し,0
190,52,し,0
190,53,し,0
190,54,し,0
190,55,し,0
190,56,し,0
190,46,、,0
190,47,、,0
190,48,、,0
190,49,、,0
190,50,、,0
190,51,、,0
190,52,、,0
190,53,、,0
190,54,、,0
190,55,、,0
190,56,、,0
191,46,、,0
191,47,、,0
191,48,、,0
191,49,、,0
191,50,、,0
191,51,、,0
191,52,、,0
191,53,、,0
191,54,、,0
191,55,、,0
191,56,、,0
192,46,、,0
192,47,、,0
192,48,、,0
192,49,、,0
192,50,、,0
192,51,、,0
192,52,、,0
192,53,、,0
192,54,、,0
192,55,、,0
192,56,、,0
193,46,、,0
193,47,、,0
193,48,、,0
193,49,、,0
193,50,、,0
193,51,、,0
193,52,、,0
193,53,、,0
193,54,、,0
193,55,、,0
193,56,、,0
194,46,、,0
194,47,、,0
194,48,、,0
194,49,、,0
194,50,、,0
194,51,、,0
194,52,、,0
194,53,、,0
194,54,、,0
194,55,、,0
194,56,、,0
195,46,、,0
195,47,、,0
195,48,、,0
195,49,、,0
195,50,、,0
195,51,、,0
195,52,、,0
195,53,、,0
195,54,、,0
195,55,、,0
195,56,、,0
196,46,、,0
196,47,、,0
196,48,、,0
196,49,、,0
196,50,、,0
196,51,、,0
196,52,、,0
196,53,、,0
196,54,、,0
196,55,、,0
196,56,、,0
197,46,、,0
197,47,、,0
197,48,、,0
197,49,、,0
197,50,、,0
197,51,、,0
197,52,、,0
197,53,、,0
197,54,、,0
197,55,、,0
197,56,、,0
197,46,厨,0
197,47,厨,0
197,48,厨,0
197,49,厨,0
197,50,厨,0
197,51,厨,0
197,52,厨,0
197,53,厨,0
197,54,厨,0
197,55,厨,0
197,56,厨,0
198,46,厨,0
198,47,厨,0
198,48,厨,0
198,49,厨,0
198,50,厨,0
198,51,厨,0
198,52,厨,0
198,53,厨,0
198,54,厨,0
198,55,厨,0
198,56,厨,0
199,46,厨,0
199,47,厨,0
199,48,厨,0
199,49,厨,0
199,50,厨,0
199,51,厨,0
199,52,厨,0
199,53,厨,0
199,54,厨,0
199,55,厨,0
199,56,厨,0
200,46,厨,0
200,47,厨,0
200,48,厨,0
200,49,厨,0
200,50,厨,0
200,51,厨,0
200,52,厨,0
200,53,厨,0
200,54,厨,0
200,55,厨,0
200,56,厨,0
201,46,厨,0
201,47,厨,0
201,48,厨,0
201,49,厨,0
201,50,厨,0
201,51,厨,0
201,52,厨,0
201,53,厨,0
201,54,厨,0
201,55,厨,0
201,56,厨,0
202,46,厨,0
202,47,厨,0
202,48,厨,0
202,49,厨,0
202,50,厨,0
202,51,厨,0
202,52,厨,0
202,53,厨,0
202,54,厨,0
202,55,厨,0
202,56,厨,0
203,46,厨,0
203,47,厨,0
203,48,厨,0
203,49,厨,0
203,50,厨,0
203,51,厨,0
203,52,厨,0
203,53,厨,0
203,54,厨,0
203,55,厨,0
203,56,厨,0
204,46,厨,0
204,47,厨,0
204,48,厨,0
204,49,厨,0
204,50,厨,0
204,51,厨,0
204,52,厨,0
204,53,厨,0
204,54,厨,0
204,55,厨,0
204,56,厨,0
204,46,房,0
204,47,房,0
204,48,房,0
204,49,房,0
204,50,房,0
204,51,房,0
204,52,房,0
204,53,房,0
204,54,房,0
204,55,房,0
204,56,房,0
205,46,房,0
205,47,房,0
205,48,房,0
205,49,房,0
205,50,房,0
205,51,房,0
205,52,房,0
205,53,房,0
205,54,房,0
205,55,房,0
205,56,房,0
206,46,房,0
206,47,房,0
206,48,房,0
206,49,房,0
206,50,房,0
206,51,房,0
206,52,房,0
206,53,房,0
206,54,房,0
206,55,房,0
206,56,房,0
207,46,房,0
207,47,房,0
207,48,房,0
207,49,房,0
207,50,房,0
207,51,房,0
207,52,房,0
207,53,房,0
207,54,房,0
207,55,房,0
207,56,房,0
208,46,房,0
208,47,房,0
208,48,房,0
208,49,房,0
208,50,房,0
208,51,房,0
208,52,房,0
208,53,房,0
208,54,房,0
208,55,房,0
208,56,房,0
209,46,房,0
209,47,房,0
209,48,房,0
209,49,房,0
209,50,房,0
209,51,房,0
209,52,房,0
209,53,房,0
209,54,房,0
209,55,房,0
209,56,房,0
210,46,房,0
210,47,房,0
210,48,房,0
210,49,房,0
210,50,房,0
210,51,房,0
210,52,房,0
210,53,房,0
210,54,房,0
210,55,房,0
210,56,房,0
210,46,は,0
210,47,は,0
210,48,は,0
210,49,は,0
210,50,は,0
210,51,は,0
210,52,は,0
210,53,は,0
210,54,は,0
210,55,は,0
210,56,は,0
211,46,は,0
211,47,は,0
211,48,は,0
211,49,は,0
211,50,は,0
211,51,は,0
211,52,は,0
211,53,は,0
211,54,は,0
211,55,は,0
211,56,は,0
212,46,は,0
212,47,は,0
212,48,は,0
212,49,は,0
212,50,は,0
212,51,は,0
212,52,は,0
212,53,は,0
212,54,は,0
212,55,は,0
212,56,は,0
213,46,は,0
213,47,は,0
213,48,は,0
213,49,は,0
213,50,は,0
213,51,は,0
213,52,は,0
213,53,は,0
213,54,は,0
213,55,は,0
213,56,は,0
214,46,は,0
214,47,は,0
214,48,は,0
214,49,は,0
214,50,は,0
214,51,は,0
214,52,は,0
214,53,は,0
214,54,は,0
214,55,は,0
214,56,は,0
215,46,は,0
215,47,は,0
215,48,は,0
215,49,は,0
215,50,は,0
215,51,は,0
215,52,は,0
215,53,は,0
215,54,は,0
215,55,は,0
215,56,は,0
216,46,は,0
216,47,は,0
216,48,は,0
216,49,は,0
216,50,は,0
216,51,は,0
216,52,は,0
216,53,は,0
216,54,は,0
216,55,は,0
216,56,は,0
217,46,は,0
217,47,は,0
217,48,は,0
217,49,は,0
217,50,は,0
217,51,は,0
217,52,は,0
217,53,は,0
217,54,は,0
217,55,は,0
217,56,は,0
217,46,一,0
217,47,一,0
217,48,一,0
217,49,一,0
217,50,一,0
217,51,一,0
217,52,一,0
217,53,一,0
217,54,一,0
217,55,一,0
217,56,一,0
218,46,一,0
218,47,一,0
218,48,一,0
218,49,一,0
218,50,一,0
218,51,一,0
218,52,一,0
218,53,一,0
218,54,一,0
218,55,一,0
218,56,一,0
219,46,一,0
219,47,一,0
219,48,一,0
219,49,一,0
219,50,一,0
219,51,一,0
219,52,一,0
219,53,一,0
219,54,一,0
219,55,一,0
219,56,一,0
220,46,一,0
220,47,一,0
220,48,一,0
220,49,一,0
220,50,一,0
220,51,一,0
220,52,一,0
220,53,一,0
220,54,一,0
220,55,一,0
220,56,一,0
221,46,一,0
221,47,一,0
221,48,一,0
221,49,一,0
221,50,一,0
221,51,一,0
221,52,一,0
221,53,一,0
221,54,一,0
221,55,一,0
221,56,一,0
222,46,一,0
222,47,一,0
222,48,一,0
222,49,一,0
222,50,一,0
222,51,一,0
222,52,一,0
222,53,一,0
222,54,一,0
222,55,一,0
222,56,一,0
223,46,一,0
223,47,一,0
223,48,一,0
223,49,一,0
223,50,一,0
223,51,一,0
223,52,一,0
223,53,一,0
223,54,一,0
223,55,一,0
223,56,一,0
224,46,一,0
224,47,一,0
224,48,一,0
224,49,一,0
224,50,一,0
224,51,一,0
224,52,一,0
224,53,一,0
224,54,一,0
224,55,一,0
224,56,一,0
224,46,瞬,0
224,47,瞬,0
224,48,瞬,0
224,49,瞬,0
224,50,瞬,0
224,51,瞬,0
224,52,瞬,0
224,53,瞬,0
224,54,瞬,0
224,55,瞬,0
224,56,瞬,0
225,46,瞬,0
225,47,瞬,0
225,48,瞬,0
225,49,瞬,0
225,50,瞬,0
225,51,瞬,0
225,52,瞬,0
225,53,瞬,0
225,54,瞬,0
225,55,瞬,0
225,56,瞬,0
226,46,瞬,0
226,47,瞬,0
226,48,瞬,0
226,49,瞬,0
226,50,瞬,0
226,51,瞬,0
226,52,瞬,0
226,53,瞬,0
226,54,瞬,0
226,55,瞬,0
226,56,瞬,0
227,46,瞬,0
227,47,瞬,0
227,48,瞬,0
227,49,瞬,0
227,50,瞬,0
227,51,瞬,0
227,52,瞬,0
227,53,瞬,0
227,54,瞬,0
227,55,瞬,0
227,56,瞬,0
228,46,瞬,0
228,47,瞬,0
228,48,瞬,0
228,49,瞬,0
228,50,瞬,0
228,51,瞬,0
228,52,瞬,0
228,53,瞬,0
228,54,瞬,0
228,55,瞬,0
228,56,瞬,0
229,46,瞬,0
229,47,瞬,0
229,48,瞬,0
229,49,瞬,0
229,50,瞬,0
229,51,瞬,0
229,52,瞬,0
229,53,瞬,0
229,54,瞬,0
229,55,瞬,0
229,56,瞬,0
230,46,瞬,0
230,47,瞬,0
230,48,瞬,0
230,49,瞬,0
230,50,瞬,0
230,51,瞬,0
230,52,瞬,0
230,53,瞬,0
230,54,瞬,0
230,55,瞬,0
230,56,瞬,0
231,46,瞬,0
231,47,瞬,0
231,48,瞬,0
231,49,瞬,0
231,50,瞬,0
231,51,瞬,0
231,52,瞬,0
231,53,瞬,0
231,54,瞬,0
231,55,瞬,0
231,56,瞬,0
231,46,騒,0
231,47,騒,0
231,48,騒,0
231,49,騒,0
231,50,騒,0
231,51,騒,0
231,52,騒,0
231,53,騒,0
231,54,騒,0
231,55,騒,0
231,56,騒,0
232,46,騒,0
232,47,騒,0
232,48,騒,0
232,49,騒,0
232,50,騒,0
232,51,騒,0
232,52,騒,0
232,53,騒,0
232,54,騒,0
232,55,騒,0
232,56,騒,0
233,46,騒,0
233,47,騒,0
233,48,騒,0
233,49,騒,0
233,50,騒,0
233,51,騒,0
233,52,騒,0
233,53,騒,0
233,54,騒,0
233,55,騒,0
233,56,騒,0
234,46,騒,0
234,47,騒,0
234,48,騒,0
234,49,騒,0
234,50,騒,0
234,51,騒,0
234,52,騒,0
234,53,騒,0
234,54,騒,0
234,55,騒,0
234,56,騒,0
235,46,騒,0
235,47,騒,0
235,48,騒,0
235,49,騒,0
235,50,騒,0
235,51,騒,0
235,52,騒,0
235,53,騒,0
235,54,騒,0
235,55,騒,0
235,56,騒,0
236,46,騒,0
236,47,騒,0
236,48,騒,0
236,49,騒,0
236,50,騒,0
236,51,騒,0
236,52,騒,0
236,53,騒,0
236,54,騒,0
236,55,騒,0
236,56,騒,0
237,46,騒,0
237,47,騒,0
237,48,騒,0
237,49,騒,0
237,50,騒,0
237,51,騒,0
237,52,騒,0
237,53,騒,0
237,54,騒,0
237,55,騒,0
237,56,騒,0
237,46,然,0
237,47,然,0
237,48,然,0
237,49,然,0
237,50,然,0
237,51,然,0
237,52,然,0
237,53,然,0
237,54,然,0
237,55,然,0
237,56,然,0
238,46,然,0
238,47,然,0
238,48,然,0
238,49,然,0
238,50,然,0
238,51,然,0
238,52,然,0
238,53,然,0
238,54,然,0
238,55,然,0
238,56,然,0
239,46,然,0
239,47,然,0
239,48,然,0
239,49,然,0
239,50,然,0
239,51,然,0
239,52,然,0
239,53,然,0
239,54,然,0
239,55,然,0
239,56,然,0
240,46,然,0
240,47,然,0
240,48,然,0
240,49,然,0
240,50,然,0
240,51,然,0
240,52,然,0
240,53,然,0
240,54,然,0
240,55,然,0
240,56,然,0
241,46,然,0
241,47,然,0
241,48,然,0
241,49,然,0
241,50,然,0
241,51,然,0
241,52,然,0
241,53,然,0
241,54,然,0
241,55,然,0
241,56,然,0
242,46,然,0
242,47,然,0
242,48,然,0
242,49,然,0
242,50,然,0
242,51,然,0
242,52,然,0
242,53,然,0
242,54,然,0
242,55,然,0
242,56,然,0
243,46,然,0
243,47,然,0
243,48,然,0
243,49,然,0
243,50,然,0
243,51,然,0
243,52,然,0
243,53,然,0
243,54,然,0
243,55,然,0
243,56,然,0
244,46,然,0
244,47,然,0
244,48,然,0
244,49,然,0
244,50,然,0
244,51,然,0
244,52,然,0
244,53,然,0
244,54,然,0
244,55,然,0
244,56,然,0
244,46,と,0
244,47,と,0
244,48,と,0
244,49,と,0
244,50,と,0
244,51,と,0
244,52,と,0
244,53,と,0
244,54,と,0
244,55,と,0
244,56,と,0
245,46,と,0
245,47,と,0
245,48,と,0
245,49,と,0
245,50,と,0
245,51,と,0
245,52,と,0
245,53,と,0
245,54,と,0
245,55,と,0
245,56,と,0
246,46,と,0
246,47,と,0
246,48,と,0
246,49,と,0
246,50,と,0
246,51,と,0
246,52,と,0
246,53,と,0
246,54,と,0
246,55,と,0
246,56,と,0
247,46,と,0
247,47,と,0
247,48,と,0
247,49,と,0
247,50,と,0
247,51,と,0
247,52,と,0
247,53,と,0
247,54,と,0
247,55,と,0
247,56,と,0
248,46,と,0
248,47,と,0
248,48,と,0
248,49,と,0
248,50,と,0
248,51,と,0
248,52,と,0
248,53,と,0
248,54,と,0
248,55,と,0
248,56,と,0
249,46,と,0
249,47,と,0
249,48,と,0
249,49,と,0
249,50,と,0
249,51,と,0
249,52,と,0
249,53,と,0
249,54,と,0
249,55,と,0
249,56,と,0
250,46,と,0
250,47,と,0
250,48,と,0
250,49,と,0
250,50,と,0
250,51,と,0
250,52,と,0
250,53,と,0
250,54,と,0
250,55,と,0
250,56,と,0
251,46,と,0
251,47,と,0
251,48,と,0
251,49,と,0
251,50,と,0
251,51,と,0
251,52,と,0
251,53,と,0
251,54,と,0
251,55,と,0
251,56,と,0
251,46,な,0
251,47,な,0
251,48,な,0
251,49,な,0
251,50,な,0
251,51,な,0
251,52,な,0
251,53,な,0
251,54,な,0
251,55,な,0
251,56,な,0
252,46,な,0
252,47,な,0
252,48,な,0
252,49,な,0
252,50,な,0
252,51,な,0
252,52,な,0
252,53,な,0
252,54,な,0
252,55,な,0
252,56,な,0
253,46,な,0
253,47,な,0
253,48,な,0
253,49,な,0
253,50,な,0
253,51,な,0
253,52,な,0
253,53,な,0
253,54,な,0
253,55,な,0
253,56,な,0
254,46,な,0
254,47,な,0
254,48,な,0
254,49,な,0
254,50,な,0
254,51,な,0
254,52,な,0
254,53,な,0
254,54,な,0
254,55,な,0
254,56,な,0
255,46,な,0
255,47,な,0
255,48,な,0
255,49,な,0
255,50,な,0
255,51,な,0
255,52,な,0
255,53,な,0
255,54,な,0
255,55,な,0
255,56,な,0
256,46,な,0
256,47,な,0
256,48,な,0
256,49,な,0
256,50,な,0
256,51,な,0
256,52,な,0
256,53,な,0
256,54,な,0
256,55,な,0
256,56,な,0
257,46,な,0
257,47,な,0
257,48,な,0
257,49,な,0
257,50,な,0
257,51,な,0
257,52,な,0
257,53,な,0
257,54,な,0
257,55,な,0
257,56,な,0
258,46,な,0
258,47,な,0
258,48,な,0
258,49,な,0
258,50,な,0
258,51,な,0
258,52,な,0
258,53,な,0
258,54,な,0
258,55,な,0
258,56,な,0
62,56,る,0
62,57,る,0
62,58,る,0
62,59,る,0
62,60,る,0
62,61,る,0
62,62,る,0
62,63,る,0
62,64,る,0
62,65,る,0
62,66,る,0
63,56,る,0
63,57,る,0
63,58,る,0
63,59,る,0
63,60,る,0
63,61,る,0
63,62,る,0
63,63,る,0
63,64,る,0
63,65,る,0
63,66,る,0
64,56,る,0
64,57,る,0
64,58,る,0
64,59,る,0
64,60,る,37.970000000001164
64,61,る,37.970000000001164
64,62,る,37.970000000001164
64,63,る,0
64,64,る,0
64,65,る,0
64,66,る,0
65,56,る,0
65,57,る,0
65,58,る,0
65,59,る,0
65,60,る,37.970000000001164
65,61,る,37.970000000001164
65,62,る,37.970000000001164
65,63,る,0
65,64,る,0
65,65,る,0
65,66,る,0
66,56,る,0
66,57,る,0
66,58,る,0
66,59,る,0
66,60,る,67.92999999999302
66,61,る,67.92999999999302
66,62,る,67.92999999999302
66,63,る,0
66,64,る,0
66,65,る,0
66,66,る,0
67,56,る,0
67,57,る,0
67,58,る,0
67,59,る,0
67,60,る,56.55000000000291
67,61,る,56.55000000000291
67,62,る,56.55000000000291
67,63,る,0
67,64,る,0
67,65,る,0
67,66,る,0
68,56,る,0
68,57,る,0
68,58,る,0
68,59,る,0
68,60,る,56.55000000000291
68,61,る,56.55000000000291
68,62,る,56.55000000000291
68,63,る,0
68,64,る,0
68,65,る,0
68,66,る,0
69,56,る,0
69,57,る,0
69,58,る,0
69,59,る,0
69,60,る,26.59000000001106
69,61,る,26.59000000001106
69,62,る,26.59000000001106
69,63,る,0
69,64,る,0
69,65,る,0
69,66,る,0
69,56,。,0
69,57,。,0
69,58,。,0
69,59,。,0
69,60,。,26.59000000001106
69,61,。,26.59000000001106
69,62,。,26.59000000001106
69,63,。,0
69,64,。,0
69,65,。,0
69,66,。,0
70,56,。,0
70,57,。,0
70,58,。,0
70,59,。,0
70,60,。,0
70,61,。,0
70,62,。,0
70,63,。,0
70,64,。,0
70,65,。,0
70,66,。,0
71,56,。,0
71,57,。,0
71,58,。,0
71,59,。,0
71,60,。,0
71,61,。,0
71,62,。,0
71,63,。,0
71,64,。,0
71,65,。,0
71,66,。,0
72,56,。,0
72,57,。,0
72,58,。,0
72,59,。,0
72,60,。,33.51999999998952
72,61,。,33.51999999998952
72,62,。,33.51999999998952
72,63,。,0
72,64,。,0
72,65,。,0
72,66,。,0
73,56,。,0
73,57,。,0
73,58,。,0
73,59,。,0
73,60,。,33.51999999998952
73,61,。,33.51999999998952
73,62,。,33.51999999998952
73,63,。,0
73,64,。,0
73,65,。,0
73,66,。,0
74,56,。,0
74,57,。,0
74,58,。,0
74,59,。,0
74,60,。,33.51999999998952
74,61,。,33.51999999998952
74,62,。,33.51999999998952
74,63,。,0
74,64,。,0
74,65,。,0
74,66,。,0
75,56,。,0
75,57,。,0
75,58,。,0
75,59,。,0
75,60,。,0
75,61,。,0
75,62,。,0
75,63,。,0
75,64,。,0
75,65,。,0
75,66,。,0
75,56,先,0
75,57,先,0
75,58,先,0
75,59,先,0
75,60,先,0
75,61,先,0
75,62,先,0
75,63,先,0
75,64,先,0
75,65,先,0
75,66,先,0
76,56,先,0
76,57,先,0
76,58,先,0
76,59,先,0
76,60,先,33.26000000000931
76,61,先,33.26000000000931
76,62,先,33.26000000000931
76,63,先,0
76,64,先,0
76,65,先,0
76,66,先,0
77,56,先,0
77,57,先,0
77,58,先,0
77,59,先,0
77,60,先,33.26000000000931
77,61,先,33.26000000000931
77,62,先,33.26000000000931
77,63,先,0
77,64,先,0
77,65,先,0
77,66,先,0
78,56,先,0
78,57,先,0
78,58,先,0
78,59,先,0
78,60,先,33.26000000000931
78,61,先,33.26000000000931
78,62,先,33.26000000000931
78,63,先,0
78,64,先,0
78,65,先,0
78,66,先,0
79,56,先,0
79,57,先,0
79,58,先,0
79,59,先,0
79,60,先,32.10000000000582
79,61,先,32.10000000000582
79,62,先,32.10000000000582
79,63,先,0
79,64,先,0
79,65,先,0
79,66,先,0
80,56,先,0
80,57,先,0
80,58,先,0
80,59,先,0
80,60,先,62.11000000000058
80,61,先,62.11000000000058
80,62,先,62.11000000000058
80,63,先,0
80,64,先,0
80,65,先,0
80,66,先,0
81,56,先,0
81,57,先,0
81,58,先,0
81,59,先,0
81,60,先,98.69000000000233
81,61,先,98.69000000000233
81,62,先,98.69000000000233
81,63,先,0
81,64,先,0
81,65,先,0
81,66,先,0
82,56,先,0
82,57,先,0
82,58,先,0
82,59,先,0
82,60,先,66.58999999999651
82,61,先,66.58999999999651
82,62,先,66.58999999999651
82,63,先,0
82,64,先,0
82,65,先,0
82,66,先,0
82,56,輩,0
82,57,輩,0
82,58,輩,0
82,59,輩,0
82,60,輩,66.58999999999651
82,61,輩,66.58999999999651
82,62,輩,66.58999999999651
82,63,輩,0
82,64,輩,0
82,65,輩,0
82,66,輩,0
83,56,輩,0
83,57,輩,0
83,58,輩,0
83,59,輩,0
83,60,輩,36.580000000001746
83,61,輩,36.580000000001746
83,62,輩,36.580000000001746
83,63,輩,0
83,64,輩,0
83,65,輩,0
83,66,輩,0
84,56,輩,0
84,57,輩,0
84,58,輩,0
84,59,輩,0
84,60,輩,0
84,61,輩,0
84,62,輩,0
84,63,輩,0
84,64,輩,0
84,65,輩,0
84,66,輩,0
85,56,輩,0
85,57,輩,0
85,58,輩,0
85,59,輩,0
85,60,輩,29.460000000006403
85,61,輩,29.460000000006403
85,62,輩,29.460000000006403
85,63,輩,0
85,64,輩,0
85,65,輩,0
85,66,輩,0
86,56,輩,0
86,57,輩,0
86,58,輩,0
86,59,輩,0
86,60,輩,29.460000000006403
86,61,輩,29.460000000006403
86,62,輩,29.460000000006403
86,63,輩,0
86,64,輩,0
86,65,輩,0
86,66,輩,0
87,56,輩,0
87,57,輩,0
87,58,輩,0
87,59,輩,0
87,60,輩,29.460000000006403
87,61,輩,29.460000000006403
87,62,輩,29.460000000006403
87,63,輩,0
87,64,輩,0
87,65,輩,0
87,66,輩,0
88,56,輩,0
88,57,輩,0
88,58,輩,0
88,59,輩,0
88,60,輩,0
88,61,輩,0
88,62,輩,0
88,63,輩,0
88,64,輩,0
88,65,輩,0
88,66,輩,0
89,56,輩,0
89,57,輩,0
89,58,輩,0
89,59,輩,0
89,60,輩,30.479999999995925
89,61,輩,30.479999999995925
89,62,輩,30.479999999995925
89,63,輩,0
89,64,輩,0
89,65,輩,0
89,66,輩,0
89,56,は,0
89,57,は,0
89,58,は,0
89,59,は,0
89,60,は,30.479999999995925
89,61,は,30.479999999995925
89,62,は,30.479999999995925
89,63,は,0
89,64,は,0
89,65,は,0
89,66,は,0
90,56,は,0
90,57,は,0
90,58,は,0
90,59,は,0
90,60,は,30.479999999995925
90,61,は,30.479999999995925
90,62,は,30.479999999995925
90,63,は,0
90,64,は,0
90,65,は,0
90,66,は,0
91,56,は,0
91,57,は,0
91,58,は,0
91,59,は,0
91,60,は,30.479999999995925
91,61,は,30.479999999995925
91,62,は,30.479999999995925
91,63,は,0
91,64,は,0
91,65,は,0
91,66,は,0
92,56,は,0
92,57,は,0
92,58,は,0
92,59,は,0
92,60,は,44.729999999995925
92,61,は,44.729999999995925
92,62,は,44.729999999995925
92,63,は,0
92,64,は,0
92,65,は,0
92,66,は,0
93,56,は,0
93,57,は,0
93,58,は,0
93,59,は,0
93,60,は,44.729999999995925
93,61,は,44.729999999995925
93,62,は,44.729999999995925
93,63,は,0
93,64,は,0
93,65,は,0
93,66,は,0
94,56,は,0
94,57,は,0
94,58,は,0
94,59,は,0
94,60,は,44.729999999995925
94,61,は,44.729999999995925
94,62,は,44.729999999995925
94,63,は,0
94,64,は,0
94,65,は,0
94,66,は,0
95,56,は,0
95,57,は,0
95,58,は,0
95,59,は,0
95,60,は,91.25
95,61,は,91.25
95,62,は,91.25
95,63,は,0
95,64,は,0
95,65,は,0
95,66,は,0
96,56,は,0
96,57,は,0
96,58,は,0
96,59,は,0
96,60,は,203.15000000000873
96,61,は,203.15000000000873
96,62,は,203.15000000000873
96,63,は,0
96,64,は,0
96,65,は,0
96,66,は,0
96,56,反,0
96,57,反,0
96,58,反,0
96,59,反,0
96,60,反,203.15000000000873
96,61,反,203.15000000000873
96,62,反,203.15000000000873
96,63,反,0
96,64,反,0
96,65,反,0
96,66,反,0
97,56,反,0
97,57,反,0
97,58,反,0
97,59,反,0
97,60,反,349.0899999999965
97,61,反,349.0899999999965
97,62,反,349.0899999999965
97,63,反,0
97,64,反,0
97,65,反,0
97,66,反,0
98,56,反,0
98,57,反,0
98,58,反,0
98,59,反,0
98,60,反,288.7299999999959
98,61,反,288.7299999999959
98,62,反,288.7299999999959
98,63,反,0
98,64,反,0
98,65,反,0
98,66,反,0
99,56,反,0
99,57,反,0
99,58,反,0
99,59,反,0
99,60,反,329.83999999998196
99,61,反,329.83999999998196
99,62,反,329.83999999998196
99,63,反,0
99,64,反,0
99,65,反,0
99,66,反,0
100,56,反,0
100,57,反,0
100,58,反,0
100,59,反,0
100,60,反,245.49000000000524
100,61,反,245.49000000000524
100,62,反,245.49000000000524
100,63,反,0
100,64,反,0
100,65,反,0
100,66,反,0
101,56,反,0
101,57,反,0
101,58,反,0
101,59,反,0
101,60,反,306.13000000000466
101,61,反,306.13000000000466
101,62,反,306.13000000000466
101,63,反,0
101,64,反,0
101,65,反,0
101,66,反,0
102,56,反,0
102,57,反,0
102,58,反,0
102,59,反,0
102,60,反,329.75000000001455
102,61,反,329.75000000001455
102,62,反,329.75000000001455
102,63,反,0
102,64,反,0
102,65,反,0
102,66,反,0
102,56,切,0
102,57,切,0
102,58,切,0
102,59,切,0
102,60,切,329.75000000001455
102,61,切,329.75000000001455
102,62,切,329.75000000001455
102,63,切,0
102,64,切,0
102,65,切,0
102,66,切,0
103,56,切,0
103,57,切,0
103,58,切,0
103,59,切,0
103,60,切,544.5500000000029
103,61,切,544.5500000000029
103,62,切,544.5500000000029
103,63,切,0
103,64,切,0
103,65,切,0
103,66,切,0
104,56,切,0
104,57,切,0
104,58,切,0
104,59,切,0
104,60,切,548.0800000000163
104,61,切,548.0800000000163
104,62,切,548.0800000000163
104,63,切,0
104,64,切,0
104,65,切,0
104,66,切,0
105,56,切,0
105,57,切,0
105,58,切,0
105,59,切,0
105,60,切,475.6600000000035
105,61,切,475.6600000000035
105,62,切,475.6600000000035
105,63,切,0
105,64,切,0
105,65,切,0
105,66,切,0
106,56,切,0
106,57,切,0
106,58,切,0
106,59,切,0
106,60,切,390.0399999999936
106,61,切,390.0399999999936
106,62,切,390.0399999999936
106,63,切,0
106,64,切,0
106,65,切,0
106,66,切,0
107,56,切,0
107,57,切,0
107,58,切,0
107,59,切,0
107,60,切,328.4199999999837
107,61,切,328.4199999999837
107,62,切,328.4199999999837
107,63,切,0
107,64,切,0
107,65,切,0
107,66,切,0
108,56,切,0
108,57,切,0
108,58,切,0
108,59,切,0
108,60,切,256.81999999999243
108,61,切,256.81999999999243
108,62,切,256.81999999999243
108,63,切,0
108,64,切,0
108,65,切,0
108,66,切,0
109,56,切,0
109,57,切,0
109,58,切,0
109,59,切,0
109,60,切,96.91999999999825
109,61,切,96.91999999999825
109,62,切,96.91999999999825
109,63,切,0
109,64,切,0
109,65,切,0
109,66,切,0
109,56,し,0
109,57,し,0
109,58,し,0
109,59,し,0
109,60,し,96.91999999999825
109,61,し,96.91999999999825
109,62,し,96.91999999999825
109,63,し,0
109,64,し,0
109,65,し,0
109,66,し,0
110,56,し,0
110,57,し,0
110,58,し,0
110,59,し,0
110,60,し,63.479999999995925
110,61,し,63.479999999995925
110,62,し,63.479999999995925
110,63,し,0
110,64,し,0
110,65,し,0
110,66,し,0
111,56,し,0
111,57,し,0
111,58,し,0
111,59,し,0
111,60,し,73.9600000000064
111,61,し,73.9600000000064
111,62,し,73.9600000000064
111,63,し,0
111,64,し,0
111,65,し,0
111,66,し,0
112,56,し,0
112,57,し,0
112,58,し,0
112,59,し,0
112,60,し,43.09000000001106
112,61,し,43.09000000001106
112,62,し,43.09000000001106
112,63,し,0
112,64,し,0
112,65,し,0
112,66,し,0
113,56,し,0
113,57,し,0
113,58,し,0
113,59,し,0
113,60,し,43.09000000001106
113,61,し,43.09000000001106
113,62,し,43.09000000001106
113,63,し,0
113,64,し,0
113,65,し,0
113,66,し,0
114,56,し,0
114,57,し,0
114,58,し,0
114,59,し,0
114,60,し,63.64999999999418
114,61,し,63.64999999999418
114,62,し,63.64999999999418
114,63,し,0
114,64,し,0
114,65,し,0
114,66,し,0
115,56,し,0
115,57,し,0
115,58,し,0
115,59,し,0
115,60,し,63.64999999999418
115,61,し,63.64999999999418
115,62,し,63.64999999999418
115,63,し,0
115,64,し,0
115,65,し,0
115,66,し,0
116,56,し,0
116,57,し,0
116,58,し,0
116,59,し,0
116,60,し,63.64999999999418
116,61,し,63.64999999999418
116,62,し,63.64999999999418
116,63,し,0
116,64,し,0
116,65,し,0
116,66,し,0
116,56,た,0
116,57,た,0
116,58,た,0
116,59,た,0
116,60,た,63.64999999999418
116,61,た,63.64999999999418
116,62,た,63.64999999999418
116,63,た,0
116,64,た,0
116,65,た,0
116,66,た,0
117,56,た,0
117,57,た,0
117,58,た,0
117,59,た,0
117,60,た,29.430000000007567
117,61,た,29.430000000007567
117,62,た,29.430000000007567
117,63,た,0
117,64,た,0
117,65,た,0
117,66,た,0
118,56,た,0
118,57,た,0
118,58,た,0
118,59,た,0
118,60,た,29.430000000007567
118,61,た,29.430000000007567
118,62,た,29.430000000007567
118,63,た,0
118,64,た,0
118,65,た,0
118,66,た,0
119,56,た,0
119,57,た,0
119,58,た,0
119,59,た,0
119,60,た,29.430000000007567
119,61,た,29.430000000007567
119,62,た,29.430000000007567
119,63,た,0
119,64,た,0
119,65,た,0
119,66,た,0
120,56,た,0
120,57,た,0
120,58,た,0
120,59,た,0
120,60,た,36.820000000006985
120,61,た,36.820000000006985
120,62,た,36.820000000006985
120,63,た,0
120,64,た,0
120,65,た,0
120,66,た,0
121,56,た,0
121,57,た,0
121,58,た,0
121,59,た,0
121,60,た,36.820000000006985
121,61,た,36.820000000006985
121,62,た,36.820000000006985
121,63,た,0
121,64,た,0
121,65,た,0
121,66,た,0
122,56,た,0
122,57,た,0
122,58,た,0
122,59,た,0
122,60,た,70.63999999999942
122,61,た,70.63999999999942
122,62,た,70.63999999999942
122,63,た,0
122,64,た,0
122,65,た,0
122,66,た,0
123,56,た,0
123,57,た,0
123,58,た,0
123,59,た,0
123,60,た,33.81999999999243
123,61,た,33.81999999999243
123,62,た,33.81999999999243
123,63,た,0
123,64,た,0
123,65,た,0
123,66,た,0
123,56,手,0
123,57,手,0
123,58,手,0
123,59,手,0
123,60,手,33.81999999999243
123,61,手,33.81999999999243
123,62,手,33.81999999999243
123,63,手,0
123,64,手,0
123,65,手,0
123,66,手,0
124,56,手,0
124,57,手,0
124,58,手,0
124,59,手,0
124,60,手,33.81999999999243
124,61,手,33.81999999999243
124,62,手,33.81999999999243
124,63,手,0
124,64,手,0
124,65,手,0
124,66,手,0
125,56,手,0
125,57,手,0
125,58,手,0
125,59,手,0
125,60,手,0
125,61,手,0
125,62,手,0
125,63,手,0
125,64,手,0
125,65,手,0
125,66,手,0
126,56,手,0
126,57,手,0
126,58,手,0
126,59,手,0
126,60,手,64.51999999998952
126,61,手,64.51999999998952
126,62,手,64.51999999998952
126,63,手,0
126,64,手,0
126,65,手,0
126,66,手,0
127,56,手,0
127,57,手,0
127,58,手,0
127,59,手,0
127,60,手,64.51999999998952
127,61,手,64.51999999998952
127,62,手,64.51999999998952
127,63,手,0
127,64,手,0
127,65,手,0
127,66,手,0
128,56,手,0
128,57,手,0
128,58,手,0
128,59,手,0
128,60,手,93.41999999999825
128,61,手,93.41999999999825
128,62,手,93.41999999999825
128,63,手,0
128,64,手,0
128,65,手,0
128,66,手,0
129,56,手,0
129,57,手,0
129,58,手,0
129,59,手,0
129,60,手,28.90000000000873
129,61,手,28.90000000000873
129,62,手,28.90000000000873
129,63,手,0
129,64,手,0
129,65,手,0
129,66,手,0
129,56,順,0
129,57,順,0
129,58,順,0
129,59,順,0
129,60,順,28.90000000000873
129,61,順,28.90000000000873
129,62,順,28.90000000000873
129,63,順,0
129,64,順,0
129,65,順,0
129,66,順,0
130,56,順,0
130,57,順,0
130,58,順,0
130,59,順,0
130,60,順,28.90000000000873
130,61,順,28.90000000000873
130,62,順,28.90000000000873
130,63,順,0
130,64,順,0
130,65,順,0
130,66,順,0
131,56,順,0
131,57,順,0
131,58,順,0
131,59,順,0
131,60,順,58.51000000000931
131,61,順,58.51000000000931
131,62,順,58.51000000000931
131,63,順,0
131,64,順,0
131,65,順,0
131,66,順,0
132,56,順,0
132,57,順,0
132,58,順,0
132,59,順,0
132,60,順,58.51000000000931
132,61,順,58.51000000000931
132,62,順,58.51000000000931
132,63,順,0
132,64,順,0
132,65,順,0
132,66,順,0
133,56,順,0
133,57,順,0
133,58,順,0
133,59,順,0
133,60,順,151.6700000000128
133,61,順,151.6700000000128
133,62,順,151.6700000000128
133,63,順,0
133,64,順,0
133,65,順,0
133,66,順,0
134,56,順,0
134,57,順,0
134,58,順,0
134,59,順,0
134,60,順,178.2399999999907
134,61,順,178.2399999999907
134,62,順,178.2399999999907
134,63,順,0
134,64,順,0
134,65,順,0
134,66,順,0
135,56,順,0
135,57,順,0
135,58,順,0
135,59,順,0
135,60,順,243.1299999999901
135,61,順,243.1299999999901
135,62,順,243.1299999999901
135,63,順,0
135,64,順,0
135,65,順,0
135,66,順,0
136,56,順,0
136,57,順,0
136,58,順,0
136,59,順,0
136,60,順,149.9699999999866
136,61,順,149.9699999999866
136,62,順,149.9699999999866
136,63,順,0
136,64,順,0
136,65,順,0
136,66,順,0
136,56,書,0
136,57,書,0
136,58,書,0
136,59,書,0
136,60,書,149.9699999999866
136,61,書,149.9699999999866
136,62,書,149.9699999999866
136,63,書,0
136,64,書,0
136,65,書,0
136,66,書,0
137,56,書,0
137,57,書,0
137,58,書,0
137,59,書,0
137,60,書,64.88999999999942
137,61,書,64.88999999999942
137,62,書,64.88999999999942
137,63,書,0
137,64,書,0
137,65,書,0
137,66,書,0
138,56,書,0
138,57,書,0
138,58,書,0
138,59,書,0
138,60,書,66.11000000000058
138,61,書,66.11000000000058
138,62,書,66.11000000000058
138,63,書,0
138,64,書,0
138,65,書,0
138,66,書,0
139,56,書,0
139,57,書,0
139,58,書,0
139,59,書,0
139,60,書,66.11000000000058
139,61,書,66.11000000000058
139,62,書,66.11000000000058
139,63,書,0
139,64,書,0
139,65,書,0
139,66,書,0
140,56,書,0
140,57,書,0
140,58,書,0
140,59,書,0
140,60,書,66.11000000000058
140,61,書,66.11000000000058
140,62,書,66.11000000000058
140,63,書,0
140,64,書,0
140,65,書,0
140,66,書,0
141,56,書,0
141,57,書,0
141,58,書,0
141,59,書,0
141,60,書,29.30999999999767
141,61,書,29.30999999999767
141,62,書,29.30999999999767
141,63,書,0
141,64,書,0
141,65,書,0
141,66,書,0
142,56,書,0
142,57,書,0
142,58,書,0
142,59,書,0
142,60,書,29.30999999999767
142,61,書,29.30999999999767
142,62,書,29.30999999999767
142,63,書,0
142,64,書,0
142,65,書,0
142,66,書,0
143,56,書,0
143,57,書,0
143,58,書,0
143,59,書,0
143,60,書,104.83000000000175
143,61,書,104.83000000000175
143,62,書,104.83000000000175
143,63,書,0
143,64,書,0
143,65,書,0
143,66,書,0
143,56,を,0
143,57,を,0
143,58,を,0
143,59,を,0
143,60,を,104.83000000000175
143,61,を,104.83000000000175
143,62,を,104.83000000000175
143,63,を,0
143,64,を,0
143,65,を,0
143,66,を,0
144,56,を,0
144,57,を,0
144,58,を,0
144,59,を,0
144,60,を,229.64000000001397
144,61,を,229.64000000001397
144,62,を,229.64000000001397
144,63,を,0
144,64,を,0
144,65,を,0
144,66,を,0
145,56,を,0
145,57,を,0
145,58,を,0
145,59,を,0
145,60,を,260.570000000007
145,61,を,260.570000000007
145,62,を,260.570000000007
145,63,を,0
145,64,を,0
145,65,を,0
145,66,を,0
146,56,を,0
146,57,を,0
146,58,を,0
146,59,を,0
146,60,を,244.33000000000175
146,61,を,244.33000000000175
146,62,を,244.33000000000175
146,63,を,0
146,64,を,0
146,65,を,0
146,66,を,0
147,56,を,0
147,57,を,0
147,58,を,0
147,59,を,0
147,60,を,115.64999999997963
147,61,を,115.64999999997963
147,62,を,115.64999999997963
147,63,を,0
147,64,を,0
147,65,を,0
147,66,を,0
148,56,を,0
148,57,を,0
148,58,を,0
148,59,を,0
148,60,を,84.71999999998661
148,61,を,84.71999999998661
148,62,を,84.71999999998661
148,63,を,0
148,64,を,0
148,65,を,0
148,66,を,0
149,56,を,0
149,57,を,0
149,58,を,0
149,59,を,0
149,60,を,56.189999999987776
149,61,を,56.189999999987776
149,62,を,56.189999999987776
149,63,を,0
149,64,を,0
149,65,を,0
149,66,を,0
150,56,を,0
150,57,を,0
150,58,を,0
150,59,を,0
150,60,を,30.75
150,61,を,30.75
150,62,を,30.75
150,63,を,0
150,64,を,0
150,65,を,0
150,66,を,0
150,56,め,0
150,57,め,0
150,58,め,0
150,59,め,0
150,60,め,30.75
150,61,め,30.75
150,62,め,30.75
150,63,め,0
150,64,め,0
150,65,め,0
150,66,め,0
151,56,め,0
151,57,め,0
151,58,め,0
151,59,め,0
151,60,め,30.75
151,61,め,30.75
151,62,め,30.75
151,63,め,0
151,64,め,0
151,65,め,0
151,66,め,0
152,56,め,0
152,57,め,0
152,58,め,0
152,59,め,0
152,60,め,34.10000000000582
152,61,め,34.10000000000582
152,62,め,34.10000000000582
152,63,め,0
152,64,め,0
152,65,め,0
152,66,め,0
153,56,め,0
153,57,め,0
153,58,め,0
153,59,め,0
153,60,め,34.10000000000582
153,61,め,34.10000000000582
153,62,め,34.10000000000582
153,63,め,0
153,64,め,0
153,65,め,0
153,66,め,0
154,56,め,0
154,57,め,0
154,58,め,0
154,59,め,0
154,60,め,34.10000000000582
154,61,め,34.10000000000582
154,62,め,34.10000000000582
154,63,め,0
154,64,め,0
154,65,め,0
154,66,め,0
155,56,め,0
155,57,め,0
155,58,め,0
155,59,め,0
155,60,め,48.80999999999767
155,61,め,48.80999999999767
155,62,め,48.80999999999767
155,63,め,0
155,64,め,0
155,65,め,0
155,66,め,0
156,56,め,0
156,57,め,0
156,58,め,0
156,59,め,0
156,60,め,48.80999999999767
156,61,め,48.80999999999767
156,62,め,48.80999999999767
156,63,め,0
156,64,め,0
156,65,め,0
156,66,め,0
156,56,く,0
156,57,く,0
156,58,く,0
156,59,く,0
156,60,く,48.80999999999767
156,61,く,48.80999999999767
156,62,く,48.80999999999767
156,63,く,0
156,64,く,0
156,65,く,0
156,66,く,0
157,56,く,0
157,57,く,0
157,58,く,0
157,59,く,0
157,60,く,78.50999999999476
157,61,く,78.50999999999476
157,62,く,78.50999999999476
157,63,く,0
157,64,く,0
157,65,く,0
157,66,く,0
158,56,く,0
158,57,く,0
158,58,く,0
158,59,く,0
158,60,く,29.69999999999709
158,61,く,29.69999999999709
158,62,く,29.69999999999709
158,63,く,0
158,64,く,0
158,65,く,0
158,66,く,0
159,56,く,0
159,57,く,0
159,58,く,0
159,59,く,0
159,60,く,29.69999999999709
159,61,く,29.69999999999709
159,62,く,29.69999999999709
159,63,く,0
159,64,く,0
159,65,く,0
159,66,く,0
160,56,く,0
160,57,く,0
160,58,く,0
160,59,く,0
160,60,く,0
160,61,く,0
160,62,く,0
160,63,く,0
160,64,く,0
160,65,く,0
160,66,く,0
161,56,く,0
161,57,く,0
161,58,く,0
161,59,く,0
161,60,く,70.97000000001572
161,61,く,70.97000000001572
161,62,く,70.97000000001572
161,63,く,0
161,64,く,0
161,65,く,0
161,66,く,0
162,56,く,0
162,57,く,0
162,58,く,0
162,59,く,0
162,60,く,70.97000000001572
162,61,く,70.97000000001572
162,62,く,70.97000000001572
162,63,く,0
162,64,く,0
162,65,く,0
162,66,く,0
163,56,く,0
163,57,く,0
163,58,く,0
163,59,く,0
163,60,く,102.27000000000407
163,61,く,102.27000000000407
163,62,く,102.27000000000407
163,63,く,0
163,64,く,0
163,65,く,0
163,66,く,0
163,56,り,0
163,57,り,0
163,58,り,0
163,59,り,0
163,60,り,102.27000000000407
163,61,り,102.27000000000407
163,62,り,102.27000000000407
163,63,り,0
163,64,り,0
163,65,り,0
163,66,り,0
164,56,り,0
164,57,り,0
164,58,り,0
164,59,り,0
164,60,り,60.039999999979045
164,61,り,60.039999999979045
164,62,り,60.039999999979045
164,63,り,0
164,64,り,0
164,65,り,0
164,66,り,0
165,56,り,0
165,57,り,0
165,58,り,0
165,59,り,0
165,60,り,155.19999999998254
165,61,り,155.19999999998254
165,62,り,155.19999999998254
165,63,り,0
165,64,り,0
165,65,り,0
165,66,り,0
166,56,り,0
166,57,り,0
166,58,り,0
166,59,り,0
166,60,り,160.43000000000757
166,61,り,160.43000000000757
166,62,り,160.43000000000757
166,63,り,0
166,64,り,0
166,65,り,0
166,66,り,0
167,56,り,0
167,57,り,0
167,58,り,0
167,59,り,0
167,60,り,168.7400000000198
167,61,り,168.7400000000198
167,62,り,168.7400000000198
167,63,り,0
167,64,り,0
167,65,り,0
167,66,り,0
168,56,り,0
168,57,り,0
168,58,り,0
168,59,り,0
168,60,り,73.5800000000163
168,61,り,73.5800000000163
168,62,り,73.5800000000163
168,63,り,0
168,64,り,0
168,65,り,0
168,66,り,0
169,56,り,0
169,57,り,0
169,58,り,0
169,59,り,0
169,60,り,64.41000000000349
169,61,り,64.41000000000349
169,62,り,64.41000000000349
169,63,り,0
169,64,り,0
169,65,り,0
169,66,り,0
170,56,り,0
170,57,り,0
170,58,り,0
170,59,り,0
170,60,り,54.69999999999709
170,61,り,54.69999999999709
170,62,り,54.69999999999709
170,63,り,0
170,64,り,0
170,65,り,0
170,66,り,0
170,56,な,0
170,57,な,0
170,58,な,0
170,59,な,0
170,60,な,54.69999999999709
170,61,な,54.69999999999709
170,62,な,54.69999999999709
170,63,な,0
170,64,な,0
170,65,な,0
170,66,な,0
171,56,な,0
171,57,な,0
171,58,な,0
171,59,な,0
171,60,な,86.14999999999418
171,61,な,86.14999999999418
171,62,な,86.14999999999418
171,63,な,0
171,64,な,0
171,65,な,0
171,66,な,0
172,56,な,0
172,57,な,0
172,58,な,0
172,59,な,0
172,60,な,58.7899999999936
172,61,な,58.7899999999936
172,62,な,58.7899999999936
172,63,な,0
172,64,な,0
172,65,な,0
172,66,な,0
173,56,な,0
173,57,な,0
173,58,な,0
173,59,な,0
173,60,な,60.81999999999243
173,61,な,60.81999999999243
173,62,な,60.81999999999243
173,63,な,0
173,64,な,0
173,65,な,0
173,66,な,0
174,56,な,0
174,57,な,0
174,58,な,0
174,59,な,0
174,60,な,63.779999999998836
174,61,な,63.779999999998836
174,62,な,63.779999999998836
174,63,な,0
174,64,な,0
174,65,な,0
174,66,な,0
175,56,な,0
175,57,な,0
175,58,な,0
175,59,な,0
175,60,な,128.38999999999942
175,61,な,128.38999999999942
175,62,な,128.38999999999942
175,63,な,0
175,64,な,0
175,65,な,0
175,66,な,0
176,56,な,0
176,57,な,0
176,58,な,0
176,59,な,0
176,60,な,176.36000000000058
176,61,な,176.36000000000058
176,62,な,176.36000000000058
176,63,な,0
176,64,な,0
176,65,な,0
176,66,な,0
177,56,な,0
177,57,な,0
177,58,な,0
177,59,な,0
177,60,な,213.47000000000116
177,61,な,213.47000000000116
177,62,な,213.47000000000116
177,63,な,0
177,64,な,0
177,65,な,0
177,66,な,0
177,56,が,0
177,57,が,0
177,58,が,0
177,59,が,0
177,60,が,213.47000000000116
177,61,が,213.47000000000116
177,62,が,213.47000000000116
177,63,が,0
177,64,が,0
177,65,が,0
177,66,が,0
178,56,が,0
178,57,が,0
178,58,が,0
178,59,が,0
178,60,が,181.47999999999593
178,61,が,181.47999999999593
178,62,が,181.47999999999593
178,63,が,0
178,64,が,0
178,65,が,0
178,66,が,0
179,56,が,0
179,57,が,0
179,58,が,0
179,59,が,0
179,60,が,169.3700000000099
179,61,が,169.3700000000099
179,62,が,169.3700000000099
179,63,が,0
179,64,が,0
179,65,が,0
179,66,が,0
180,56,が,0
180,57,が,0
180,58,が,0
180,59,が,0
180,60,が,159.61000000000058
180,61,が,159.61000000000058
180,62,が,159.61000000000058
180,63,が,0
180,64,が,0
180,65,が,0
180,66,が,0
181,56,が,0
181,57,が,0
181,58,が,0
181,59,が,0
181,60,が,160.52000000000407
181,61,が,160.52000000000407
181,62,が,160.52000000000407
181,63,が,0
181,64,が,0
181,65,が,0
181,66,が,0
182,56,が,0
182,57,が,0
182,58,が,0
182,59,が,0
182,60,が,159.32000000000698
182,61,が,159.32000000000698
182,62,が,159.32000000000698
182,63,が,0
182,64,が,0
182,65,が,0
182,66,が,0
183,56,が,0
183,57,が,0
183,58,が,0
183,59,が,0
183,60,が,97.56000000001222
183,61,が,97.56000000001222
183,62,が,97.56000000001222
183,63,が,0
183,64,が,0
183,65,が,0
183,66,が,0
183,56,ら,0
183,57,ら,0
183,58,ら,0
183,59,ら,0
183,60,ら,97.56000000001222
183,61,ら,97.56000000001222
183,62,ら,97.56000000001222
183,63,ら,0
183,64,ら,0
183,65,ら,0
183,66,ら,0
184,56,ら,0
184,57,ら,0
184,58,ら,0
184,59,ら,0
184,60,ら,64.03000000001339
184,61,ら,64.03000000001339
184,62,ら,64.03000000001339
184,63,ら,0
184,64,ら,0
184,65,ら,0
184,66,ら,0
185,56,ら,0
185,57,ら,0
185,58,ら,0
185,59,ら,0
185,60,ら,61.50999999998021
185,61,ら,61.50999999998021
185,62,ら,61.50999999998021
185,63,ら,0
185,64,ら,0
185,65,ら,0
185,66,ら,0
186,56,ら,0
186,57,ら,0
186,58,ら,0
186,59,ら,0
186,60,ら,94.85999999998603
186,61,ら,94.85999999998603
186,62,ら,94.85999999998603
186,63,ら,0
186,64,ら,0
186,65,ら,0
186,66,ら,0
187,56,ら,0
187,57,ら,0
187,58,ら,0
187,59,ら,0
187,60,ら,174.1299999999901
187,61,ら,174.1299999999901
187,62,ら,174.1299999999901
187,63,ら,0
187,64,ら,0
187,65,ら,0
187,66,ら,0
188,56,ら,0
188,57,ら,0
188,58,ら,0
188,59,ら,0
188,60,ら,143.9600000000064
188,61,ら,143.9600000000064
188,62,ら,143.9600000000064
188,63,ら,0
188,64,ら,0
188,65,ら,0
188,66,ら,0
189,56,ら,0
189,57,ら,0
189,58,ら,0
189,59,ら,0
189,60,ら,149.1299999999901
189,61,ら,149.1299999999901
189,62,ら,149.1299999999901
189,63,ら,0
189,64,ら,0
189,65,ら,0
189,66,ら,0
190,56,ら,0
190,57,ら,0
190,58,ら,0
190,59,ら,0
190,60,ら,69.85999999998603
190,61,ら,69.85999999998603
190,62,ら,69.85999999998603
190,63,ら,0
190,64,ら,0
190,65,ら,0
190,66,ら,0
190,56,、,0
190,57,、,0
190,58,、,0
190,59,、,0
190,60,、,69.85999999998603
190,61,、,69.85999999998603
190,62,、,69.85999999998603
190,63,、,0
190,64,、,0
190,65,、,0
190,66,、,0
191,56,、,0
191,57,、,0
191,58,、,0
191,59,、,0
191,60,、,63.16000000000349
191,61,、,63.16000000000349
191,62,、,63.16000000000349
191,63,、,0
191,64,、,0
191,65,、,0
191,66,、,0
192,56,、,0
192,57,、,0
192,58,、,0
192,59,、,0
192,60,、,90.68000000002212
192,61,、,90.68000000002212
192,62,、,90.68000000002212
192,63,、,0
192,64,、,0
192,65,、,0
192,66,、,0
193,56,、,0
193,57,、,0
193,58,、,0
193,59,、,0
193,60,、,90.68000000002212
193,61,、,90.68000000002212
193,62,、,90.68000000002212
193,63,、,0
193,64,、,0
193,65,、,0
193,66,、,0
194,56,、,0
194,57,、,0
194,58,、,0
194,59,、,0
194,60,、,201.02999999999884
194,61,、,201.02999999999884
194,62,、,201.02999999999884
194,63,、,0
194,64,、,0
194,65,、,0
194,66,、,0
195,56,、,0
195,57,、,0
195,58,、,0
195,59,、,0
195,60,、,308.5499999999738
195,61,、,308.5499999999738
195,62,、,308.5499999999738
195,63,、,0
195,64,、,0
195,65,、,0
195,66,、,0
196,56,、,0
196,57,、,0
196,58,、,0
196,59,、,0
196,60,、,521.9199999999837
196,61,、,521.9199999999837
196,62,、,521.9199999999837
196,63,、,0
196,64,、,0
196,65,、,0
196,66,、,0
197,56,、,0
197,57,、,0
197,58,、,0
197,59,、,0
197,60,、,610.3700000000099
197,61,、,610.3700000000099
197,62,、,610.3700000000099
197,63,、,0
197,64,、,0
197,65,、,0
197,66,、,0
197,56,壁,0
197,57,壁,0
197,58,壁,0
197,59,壁,0
197,60,壁,610.3700000000099
197,61,壁,610.3700000000099
197,62,壁,610.3700000000099
197,63,壁,0
197,64,壁,0
197,65,壁,0
197,66,壁,0
198,56,壁,0
198,57,壁,0
198,58,壁,0
198,59,壁,0
198,60,壁,553.1900000000169
198,61,壁,553.1900000000169
198,62,壁,553.1900000000169
198,63,壁,0
198,64,壁,0
198,65,壁,0
198,66,壁,0
199,56,壁,0
199,57,壁,0
199,58,壁,0
199,59,壁,0
199,60,壁,404.75999999999476
199,61,壁,404.75999999999476
199,62,壁,404.75999999999476
199,63,壁,0
199,64,壁,0
199,65,壁,0
199,66,壁,0
200,56,壁,0
200,57,壁,0
200,58,壁,0
200,59,壁,0
200,60,壁,250.18999999998778
200,61,壁,250.18999999998778
200,62,壁,250.18999999998778
200,63,壁,0
200,64,壁,0
200,65,壁,0
200,66,壁,0
201,56,壁,0
201,57,壁,0
201,58,壁,0
201,59,壁,0
201,60,壁,243.38000000000466
201,61,壁,243.38000000000466
201,62,壁,243.38000000000466
201,63,壁,0
201,64,壁,0
201,65,壁,0
201,66,壁,0
202,56,壁,0
202,57,壁,0
202,58,壁,0
202,59,壁,0
202,60,壁,271.04000000000815
202,61,壁,271.04000000000815
202,62,壁,271.04000000000815
202,63,壁,0
202,64,壁,0
202,65,壁,0
202,66,壁,0
203,56,壁,0
203,57,壁,0
203,58,壁,0
203,59,壁,0
203,60,壁,330.58000000000175
203,61,壁,330.58000000000175
203,62,壁,330.58000000000175
203,63,壁,0
203,64,壁,0
203,65,壁,0
203,66,壁,0
204,56,壁,0
204,57,壁,0
204,58,壁,0
204,59,壁,0
204,60,壁,252.13999999999942
204,61,壁,252.13999999999942
204,62,壁,252.13999999999942
204,63,壁,0
204,64,壁,0
204,65,壁,0
204,66,壁,0
204,56,際,0
204,57,際,0
204,58,際,0
204,59,際,0
204,60,際,252.13999999999942
204,61,際,252.13999999999942
204,62,際,252.13999999999942
204,63,際,0
204,64,際,0
204,65,際,0
204,66,際,0
205,56,際,0
205,57,際,0
205,58,際,0
205,59,際,0
205,60,際,192.59000000001106
205,61,際,192.59000000001106
205,62,際,192.59000000001106
205,63,際,0
205,64,際,0
205,65,際,0
205,66,際,0
206,56,際,0
206,57,際,0
206,58,際,0
206,59,際,0
206,60,際,115.16999999999825
206,61,際,115.16999999999825
206,62,際,115.16999999999825
206,63,際,0
206,64,際,0
206,65,際,0
206,66,際,0
207,56,際,0
207,57,際,0
207,58,際,0
207,59,際,0
207,60,際,84.0399999999936
207,61,際,84.0399999999936
207,62,際,84.0399999999936
207,63,際,0
207,64,際,0
207,65,際,0
207,66,際,0
208,56,際,0
208,57,際,0
208,58,際,0
208,59,際,0
208,60,際,81.1699999999837
208,61,際,81.1699999999837
208,62,際,81.1699999999837
208,63,際,0
208,64,際,0
208,65,際,0
208,66,際,0
209,56,際,0
209,57,際,0
209,58,際,0
209,59,際,0
209,60,際,59.06999999999243
209,61,際,59.06999999999243
209,62,際,59.06999999999243
209,63,際,0
209,64,際,0
209,65,際,0
209,66,際,0
210,56,際,0
210,57,際,0
210,58,際,0
210,59,際,0
210,60,際,59.06999999999243
210,61,際,59.06999999999243
210,62,際,59.06999999999243
210,63,際,0
210,64,際,0
210,65,際,0
210,66,際,0
210,56,の,0
210,57,の,0
210,58,の,0
210,59,の,0
210,60,の,59.06999999999243
210,61,の,59.06999999999243
210,62,の,59.06999999999243
210,63,の,0
210,64,の,0
210,65,の,0
210,66,の,0
211,56,の,0
211,57,の,0
211,58,の,0
211,59,の,0
211,60,の,28.889999999999418
211,61,の,28.889999999999418
211,62,の,28.889999999999418
211,63,の,0
211,64,の,0
211,65,の,0
211,66,の,0
212,56,の,0
212,57,の,0
212,58,の,0
212,59,の,0
212,60,の,85.5
212,61,の,85.5
212,62,の,85.5
212,63,の,0
212,64,の,0
212,65,の,0
212,66,の,0
213,56,の,0
213,57,の,0
213,58,の,0
213,59,の,0
213,60,の,121.29000000000815
213,61,の,121.29000000000815
213,62,の,121.29000000000815
213,63,の,0
213,64,の,0
213,65,の,0
213,66,の,0
214,56,の,0
214,57,の,0
214,58,の,0
214,59,の,0
214,60,の,150.11000000001513
214,61,の,150.11000000001513
214,62,の,150.11000000001513
214,63,の,0
214,64,の,0
214,65,の,0
214,66,の,0
215,56,の,0
215,57,の,0
215,58,の,0
215,59,の,0
215,60,の,303.22000000000116
215,61,の,303.22000000000116
215,62,の,303.22000000000116
215,63,の,0
215,64,の,0
215,65,の,0
215,66,の,0
216,56,の,0
216,57,の,0
216,58,の,0
216,59,の,0
216,60,の,332.9199999999837
216,61,の,332.9199999999837
216,62,の,332.9199999999837
216,63,の,0
216,64,の,0
216,65,の,0
216,66,の,0
217,56,の,0
217,57,の,0
217,58,の,0
217,59,の,0
217,60,の,340.15999999998894
217,61,の,340.15999999998894
217,62,の,340.15999999998894
217,63,の,0
217,64,の,0
217,65,の,0
217,66,の,0
217,56,小,0
217,57,小,0
217,58,小,0
217,59,小,0
217,60,小,340.15999999998894
217,61,小,340.15999999998894
217,62,小,340.15999999998894
217,63,小,0
217,64,小,0
217,65,小,0
217,66,小,0
218,56,小,0
218,57,小,0
218,58,小,0
218,59,小,0
218,60,小,129.11999999999534
218,61,小,129.11999999999534
218,62,小,129.11999999999534
218,63,小,0
218,64,小,0
218,65,小,0
218,66,小,0
219,56,小,0
219,57,小,0
219,58,小,0
219,59,小,0
219,60,小,124.56999999999243
219,61,小,124.56999999999243
219,62,小,124.56999999999243
219,63,小,0
219,64,小,0
219,65,小,0
219,66,小,0
220,56,小,0
220,57,小,0
220,58,小,0
220,59,小,0
220,60,小,88.50999999998021
220,61,小,88.50999999998021
220,62,小,88.50999999998021
220,63,小,0
220,64,小,0
220,65,小,0
220,66,小,0
221,56,小,0
221,57,小,0
221,58,小,0
221,59,小,0
221,60,小,94.63999999999942
221,61,小,94.63999999999942
221,62,小,94.63999999999942
221,63,小,0
221,64,小,0
221,65,小,0
221,66,小,0
222,56,小,0
222,57,小,0
222,58,小,0
222,59,小,0
222,60,小,33.70000000001164
222,61,小,33.70000000001164
222,62,小,33.70000000001164
222,63,小,0
222,64,小,0
222,65,小,0
222,66,小,0
223,56,小,0
223,57,小,0
223,58,小,0
223,59,小,0
223,60,小,65.88000000000466
223,61,小,65.88000000000466
223,62,小,65.88000000000466
223,63,小,0
223,64,小,0
223,65,小,0
223,66,小,0
224,56,小,0
224,57,小,0
224,58,小,0
224,59,小,0
224,60,小,74.7899999999936
224,61,小,74.7899999999936
224,62,小,74.7899999999936
224,63,小,0
224,64,小,0
224,65,小,0
224,66,小,0
224,56,さ,0
224,57,さ,0
224,58,さ,0
224,59,さ,0
224,60,さ,74.7899999999936
224,61,さ,74.7899999999936
224,62,さ,74.7899999999936
224,63,さ,0
224,64,さ,0
224,65,さ,0
224,66,さ,0
225,56,さ,0
225,57,さ,0
225,58,さ,0
225,59,さ,0
225,60,さ,137.47999999998137
225,61,さ,137.47999999998137
225,62,さ,137.47999999998137
225,63,さ,0
225,64,さ,0
225,65,さ,0
225,66,さ,0
226,56,さ,0
226,57,さ,0
226,58,さ,0
226,59,さ,0
226,60,さ,142.2899999999936
226,61,さ,142.2899999999936
226,62,さ,142.2899999999936
226,63,さ,0
226,64,さ,0
226,65,さ,0
226,66,さ,0
227,56,さ,0
227,57,さ,0
227,58,さ,0
227,59,さ,0
227,60,さ,128.72000000000116
227,61,さ,128.72000000000116
227,62,さ,128.72000000000116
227,63,さ,0
227,64,さ,0
227,65,さ,0
227,66,さ,0
228,56,さ,0
228,57,さ,0
228,58,さ,0
228,59,さ,0
228,60,さ,66.03000000001339
228,61,さ,66.03000000001339
228,62,さ,66.03000000001339
228,63,さ,0
228,64,さ,0
228,65,さ,0
228,66,さ,0
229,56,さ,0
229,57,さ,0
229,58,さ,0
229,59,さ,0
229,60,さ,58.90000000000873
229,61,さ,58.90000000000873
229,62,さ,58.90000000000873
229,63,さ,0
229,64,さ,0
229,65,さ,0
229,66,さ,0
230,56,さ,0
230,57,さ,0
230,58,さ,0
230,59,さ,0
230,60,さ,93.5399999999936
230,61,さ,93.5399999999936
230,62,さ,93.5399999999936
230,63,さ,0
230,64,さ,0
230,65,さ,0
230,66,さ,0
231,56,さ,0
231,57,さ,0
231,58,さ,0
231,59,さ,0
231,60,さ,125.33999999999651
231,61,さ,125.33999999999651
231,62,さ,125.33999999999651
231,63,さ,0
231,64,さ,0
231,65,さ,0
231,66,さ,0
231,56,な,0
231,57,な,0
231,58,な,0
231,59,な,0
231,60,な,125.33999999999651
231,61,な,125.33999999999651
231,62,な,125.33999999999651
231,63,な,0
231,64,な,0
231,65,な,0
231,66,な,0
232,56,な,0
232,57,な,0
232,58,な,0
232,59,な,0
232,60,な,95.47999999999593
232,61,な,95.47999999999593
232,62,な,95.47999999999593
232,63,な,0
232,64,な,0
232,65,な,0
232,66,な,0
233,56,な,0
233,57,な,0
233,58,な,0
233,59,な,0
233,60,な,65.54000000000815
233,61,な,65.54000000000815
233,62,な,65.54000000000815
233,63,な,0
233,64,な,0
233,65,な,0
233,66,な,0
234,56,な,0
234,57,な,0
234,58,な,0
234,59,な,0
234,60,な,100.58000000000175
234,61,な,100.58000000000175
234,62,な,100.58000000000175
234,63,な,0
234,64,な,0
234,65,な,0
234,66,な,0
235,56,な,0
235,57,な,0
235,58,な,0
235,59,な,0
235,60,な,100.58000000000175
235,61,な,100.58000000000175
235,62,な,100.58000000000175
235,63,な,0
235,64,な,0
235,65,な,0
235,66,な,0
236,56,な,0
236,57,な,0
236,58,な,0
236,59,な,0
236,60,な,165.18999999998778
236,61,な,165.18999999998778
236,62,な,165.18999999998778
236,63,な,0
236,64,な,0
236,65,な,0
236,66,な,0
237,56,な,0
237,57,な,0
237,58,な,0
237,59,な,0
237,60,な,164.8000000000029
237,61,な,164.8000000000029
237,62,な,164.8000000000029
237,63,な,0
237,64,な,0
237,65,な,0
237,66,な,0
237,56,玉,0
237,57,玉,0
237,58,玉,0
237,59,玉,0
237,60,玉,164.8000000000029
237,61,玉,164.8000000000029
237,62,玉,164.8000000000029
237,63,玉,0
237,64,玉,0
237,65,玉,0
237,66,玉,0
238,56,玉,0
238,57,玉,0
238,58,玉,0
238,59,玉,0
238,60,玉,274.29999999998836
238,61,玉,274.29999999998836
238,62,玉,274.29999999998836
238,63,玉,0
238,64,玉,0
238,65,玉,0
238,66,玉,0
239,56,玉,0
239,57,玉,0
239,58,玉,0
239,59,玉,0
239,60,玉,205.38999999999942
239,61,玉,205.38999999999942
239,62,玉,205.38999999999942
239,63,玉,0
239,64,玉,0
239,65,玉,0
239,66,玉,0
240,56,玉,0
240,57,玉,0
240,58,玉,0
240,59,玉,0
240,60,玉,176.38999999998487
240,61,玉,176.38999999998487
240,62,玉,176.38999999998487
240,63,玉,0
240,64,玉,0
240,65,玉,0
240,66,玉,0
241,56,玉,0
241,57,玉,0
241,58,玉,0
241,59,玉,0
241,60,玉,114.97999999999593
241,61,玉,114.97999999999593
241,62,玉,114.97999999999593
241,63,玉,0
241,64,玉,0
241,65,玉,0
241,66,玉,0
242,56,玉,0
242,57,玉,0
242,58,玉,0
242,59,玉,0
242,60,玉,299.9200000000128
242,61,玉,299.9200000000128
242,62,玉,299.9200000000128
242,63,玉,0
242,64,玉,0
242,65,玉,0
242,66,玉,0
243,56,玉,0
243,57,玉,0
243,58,玉,0
243,59,玉,0
243,60,玉,447.11000000001513
243,61,玉,447.11000000001513
243,62,玉,447.11000000001513
243,63,玉,0
243,64,玉,0
243,65,玉,0
243,66,玉,0
244,56,玉,0
244,57,玉,0
244,58,玉,0
244,59,玉,0
244,60,玉,462.4000000000233
244,61,玉,462.4000000000233
244,62,玉,462.4000000000233
244,63,玉,0
244,64,玉,0
244,65,玉,0
244,66,玉,0
244,56,櫛,0
244,57,櫛,0
244,58,櫛,0
244,59,櫛,0
244,60,櫛,462.4000000000233
244,61,櫛,462.4000000000233
244,62,櫛,462.4000000000233
244,63,櫛,0
244,64,櫛,0
244,65,櫛,0
244,66,櫛,0
245,56,櫛,0
245,57,櫛,0
245,58,櫛,0
245,59,櫛,0
245,60,櫛,343.84000000001106
245,61,櫛,343.84000000001106
245,62,櫛,343.84000000001106
245,63,櫛,0
245,64,櫛,0
245,65,櫛,0
245,66,櫛,0
246,56,櫛,0
246,57,櫛,0
246,58,櫛,0
246,59,櫛,0
246,60,櫛,485.41999999996915
246,61,櫛,485.41999999996915
246,62,櫛,485.41999999996915
246,63,櫛,0
246,64,櫛,0
246,65,櫛,0
246,66,櫛,0
247,56,櫛,0
247,57,櫛,0
247,58,櫛,0
247,59,櫛,0
247,60,櫛,557.2299999999814
247,61,櫛,557.2299999999814
247,62,櫛,557.2299999999814
247,63,櫛,0
247,64,櫛,0
247,65,櫛,0
247,66,櫛,0
248,56,櫛,0
248,57,櫛,0
248,58,櫛,0
248,59,櫛,0
248,60,櫛,608.3699999999662
248,61,櫛,608.3699999999662
248,62,櫛,608.3699999999662
248,63,櫛,0
248,64,櫛,0
248,65,櫛,0
248,66,櫛,0
249,56,櫛,0
249,57,櫛,0
249,58,櫛,0
249,59,櫛,0
249,60,櫛,413.7600000000093
249,61,櫛,413.7600000000093
249,62,櫛,413.7600000000093
249,63,櫛,0
249,64,櫛,0
249,65,櫛,0
249,66,櫛,0
250,56,櫛,0
250,57,櫛,0
250,58,櫛,0
250,59,櫛,0
250,60,櫛,405.6700000000128
250,61,櫛,405.6700000000128
250,62,櫛,405.6700000000128
250,63,櫛,0
250,64,櫛,0
250,65,櫛,0
250,66,櫛,0
251,56,櫛,0
251,57,櫛,0
251,58,櫛,0
251,59,櫛,0
251,60,櫛,352.46000000002095
251,61,櫛,352.46000000002095
251,62,櫛,352.46000000002095
251,63,櫛,0
251,64,櫛,0
251,65,櫛,0
251,66,櫛,0
251,56,笥,0
251,57,笥,0
251,58,笥,0
251,59,笥,0
251,60,笥,352.46000000002095
251,61,笥,352.46000000002095
251,62,笥,352.46000000002095
251,63,笥,0
251,64,笥,0
251,65,笥,0
251,66,笥,0
252,56,笥,0
252,57,笥,0
252,58,笥,0
252,59,笥,0
252,60,笥,315.84000000004016
252,61,笥,315.84000000004016
252,62,笥,315.84000000004016
252,63,笥,0
252,64,笥,0
252,65,笥,0
252,66,笥,0
253,56,笥,0
253,57,笥,0
253,58,笥,0
253,59,笥,0
253,60,笥,316.66999999999825
253,61,笥,316.66999999999825
253,62,笥,316.66999999999825
253,63,笥,0
253,64,笥,0
253,65,笥,0
253,66,笥,0
254,56,笥,0
254,57,笥,0
254,58,笥,0
254,59,笥,0
254,60,笥,222.91999999999825
254,61,笥,222.91999999999825
254,62,笥,222.91999999999825
254,63,笥,0
254,64,笥,0
254,65,笥,0
254,66,笥,0
255,56,笥,0
255,57,笥,0
255,58,笥,0
255,59,笥,0
255,60,笥,127.92999999997846
255,61,笥,127.92999999997846
255,62,笥,127.92999999997846
255,63,笥,0
255,64,笥,0
255,65,笥,0
255,66,笥,0
256,56,笥,0
256,57,笥,0
256,58,笥,0
256,59,笥,0
256,60,笥,0
256,61,笥,0
256,62,笥,0
256,63,笥,0
256,64,笥,0
256,65,笥,0
256,66,笥,0
257,56,笥,0
257,57,笥,0
257,58,笥,0
257,59,笥,0
257,60,笥,0
257,61,笥,0
257,62,笥,0
257,63,笥,0
257,64,笥,0
257,65,笥,0
257,66,笥,0
258,56,笥,0
258,57,笥,0
258,58,笥,0
258,59,笥,0
258,60,笥,0
258,61,笥,0
258,62,笥,0
258,63,笥,0
258,64,笥,0
258,65,笥,0
258,66,笥,0
62,66,へ,0
62,67,へ,0
62,68,へ,0
62,69,へ,0
62,70,へ,0
62,71,へ,0
62,72,へ,0
62,73,へ,0
62,74,へ,0
62,75,へ,0
62,76,へ,0
63,66,へ,0
63,67,へ,0
63,68,へ,0
63,69,へ,0
63,70,へ,0
63,71,へ,0
63,72,へ,0
63,73,へ,0
63,74,へ,0
63,75,へ,0
63,76,へ,0
64,66,へ,0
64,67,へ,0
64,68,へ,0
64,69,へ,0
64,70,へ,30.380000000004657
64,71,へ,30.380000000004657
64,72,へ,30.380000000004657
64,73,へ,0
64,74,へ,0
64,75,へ,0
64,76,へ,0
65,66,へ,0
65,67,へ,0
65,68,へ,0
65,69,へ,0
65,70,へ,95.34999999999127
65,71,へ,95.34999999999127
65,72,へ,95.34999999999127
65,73,へ,0
65,74,へ,0
65,75,へ,0
65,76,へ,0
66,66,へ,0
66,67,へ,0
66,68,へ,0
66,69,へ,0
66,70,へ,131.83000000000175
66,71,へ,131.83000000000175
66,72,へ,131.83000000000175
66,73,へ,0
66,74,へ,0
66,75,へ,0
66,76,へ,0
67,66,へ,0
67,67,へ,0
67,68,へ,0
67,69,へ,0
67,70,へ,101.44999999999709
67,71,へ,101.44999999999709
67,72,へ,101.44999999999709
67,73,へ,0
67,74,へ,0
67,75,へ,0
67,76,へ,0
68,66,へ,0
68,67,へ,0
68,68,へ,0
68,69,へ,0
68,70,へ,211.16999999999825
68,71,へ,211.16999999999825
68,72,へ,211.16999999999825
68,73,へ,0
68,74,へ,0
68,75,へ,0
68,76,へ,0
69,66,へ,0
69,67,へ,0
69,68,へ,0
69,69,へ,0
69,70,へ,205.29999999998836
69,71,へ,205.29999999998836
69,72,へ,205.29999999998836
69,73,へ,0
69,74,へ,0
69,75,へ,0
69,76,へ,0
69,66,駆,0
69,67,駆,0
69,68,駆,0
69,69,駆,0
69,70,駆,205.29999999998836
69,71,駆,205.29999999998836
69,72,駆,205.29999999998836
69,73,駆,0
69,74,駆,0
69,75,駆,0
69,76,駆,0
70,66,駆,0
70,67,駆,0
70,68,駆,0
70,69,駆,0
70,70,駆,205.29999999998836
70,71,駆,205.29999999998836
70,72,駆,205.29999999998836
70,73,駆,0
70,74,駆,0
70,75,駆,0
70,76,駆,0
71,66,駆,0
71,67,駆,0
71,68,駆,0
71,69,駆,0
71,70,駆,94.77999999999884
71,71,駆,94.77999999999884
71,72,駆,94.77999999999884
71,73,駆,0
71,74,駆,0
71,75,駆,0
71,76,駆,0
72,66,駆,0
72,67,駆,0
72,68,駆,0
72,69,駆,0
72,70,駆,64.16999999999825
72,71,駆,64.16999999999825
72,72,駆,64.16999999999825
72,73,駆,0
72,74,駆,0
72,75,駆,0
72,76,駆,0
73,66,駆,0
73,67,駆,0
73,68,駆,0
73,69,駆,0
73,70,駆,64.16999999999825
73,71,駆,64.16999999999825
73,72,駆,64.16999999999825
73,73,駆,0
73,74,駆,0
73,75,駆,0
73,76,駆,0
74,66,駆,0
74,67,駆,0
74,68,駆,0
74,69,駆,0
74,70,駆,27.29000000000815
74,71,駆,27.29000000000815
74,72,駆,27.29000000000815
74,73,駆,0
74,74,駆,0
74,75,駆,0
74,76,駆,0
75,66,駆,0
75,67,駆,0
75,68,駆,0
75,69,駆,0
75,70,駆,27.29000000000815
75,71,駆,27.29000000000815
75,72,駆,27.29000000000815
75,73,駆,0
75,74,駆,0
75,75,駆,0
75,76,駆,0
75,66,け,0
75,67,け,0
75,68,け,0
75,69,け,0
75,70,け,27.29000000000815
75,71,け,27.29000000000815
75,72,け,27.29000000000815
75,73,け,0
75,74,け,0
75,75,け,0
75,76,け,0
76,66,け,0
76,67,け,0
76,68,け,0
76,69,け,0
76,70,け,27.29000000000815
76,71,け,27.29000000000815
76,72,け,27.29000000000815
76,73,け,0
76,74,け,0
76,75,け,0
76,76,け,0
77,66,け,0
77,67,け,0
77,68,け,0
77,69,け,0
77,70,け,0
77,71,け,0
77,72,け,0
77,73,け,0
77,74,け,0
77,75,け,0
77,76,け,0
78,66,け,0
78,67,け,0
78,68,け,0
78,69,け,0
78,70,け,37.5399999999936
78,71,け,37.5399999999936
78,72,け,37.5399999999936
78,73,け,0
78,74,け,0
78,75,け,0
78,76,け,0
79,66,け,0
79,67,け,0
79,68,け,0
79,69,け,0
79,70,け,37.5399999999936
79,71,け,37.5399999999936
79,72,け,37.5399999999936
79,73,け,0
79,74,け,0
79,75,け,0
79,76,け,0
80,66,け,0
80,67,け,0
80,68,け,0
80,69,け,0
80,70,け,37.5399999999936
80,71,け,37.5399999999936
80,72,け,37.5399999999936
80,73,け,0
80,74,け,0
80,75,け,0
80,76,け,0
81,66,け,0
81,67,け,0
81,68,け,0
81,69,け,0
81,70,け,31.639999999999418
81,71,け,31.639999999999418
81,72,け,31.639999999999418
81,73,け,0
81,74,け,0
81,75,け,0
81,76,け,0
82,66,け,0
82,67,け,0
82,68,け,0
82,69,け,0
82,70,け,31.639999999999418
82,71,け,31.639999999999418
82,72,け,31.639999999999418
82,73,け,0
82,74,け,0
82,75,け,0
82,76,け,0
82,66,寄,0
82,67,寄,0
82,68,寄,0
82,69,寄,0
82,70,寄,31.639999999999418
82,71,寄,31.639999999999418
82,72,寄,31.639999999999418
82,73,寄,0
82,74,寄,0
82,75,寄,0
82,76,寄,0
83,66,寄,0
83,67,寄,0
83,68,寄,0
83,69,寄,0
83,70,寄,60.770000000004075
83,71,寄,60.770000000004075
83,72,寄,60.770000000004075
83,73,寄,0
83,74,寄,0
83,75,寄,0
83,76,寄,0
84,66,寄,0
84,67,寄,0
84,68,寄,0
84,69,寄,0
84,70,寄,29.130000000004657
84,71,寄,29.130000000004657
84,72,寄,29.130000000004657
84,73,寄,0
84,74,寄,0
84,75,寄,0
84,76,寄,0
85,66,寄,0
85,67,寄,0
85,68,寄,0
85,69,寄,0
85,70,寄,99.24000000001979
85,71,寄,99.24000000001979
85,72,寄,99.24000000001979
85,73,寄,0
85,74,寄,0
85,75,寄,0
85,76,寄,0
86,66,寄,0
86,67,寄,0
86,68,寄,0
86,69,寄,0
86,70,寄,99.16000000001804
86,71,寄,99.16000000001804
86,72,寄,99.16000000001804
86,73,寄,0
86,74,寄,0
86,75,寄,0
86,76,寄,0
87,66,寄,0
87,67,寄,0
87,68,寄,0
87,69,寄,0
87,70,寄,134.95000000001164
87,71,寄,134.95000000001164
87,72,寄,134.95000000001164
87,73,寄,0
87,74,寄,0
87,75,寄,0
87,76,寄,0
88,66,寄,0
88,67,寄,0
88,68,寄,0
88,69,寄,0
88,70,寄,64.83999999999651
88,71,寄,64.83999999999651
88,72,寄,64.83999999999651
88,73,寄,0
88,74,寄,0
88,75,寄,0
88,76,寄,0
89,66,寄,0
89,67,寄,0
89,68,寄,0
89,69,寄,0
89,70,寄,83.7899999999936
89,71,寄,83.7899999999936
89,72,寄,83.7899999999936
89,73,寄,0
89,74,寄,0
89,75,寄,0
89,76,寄,0
89,66,り,0
89,67,り,0
89,68,り,0
89,69,り,0
89,70,り,83.7899999999936
89,71,り,83.7899999999936
89,72,り,83.7899999999936
89,73,り,0
89,74,り,0
89,75,り,0
89,76,り,0
90,66,り,0
90,67,り,0
90,68,り,0
90,69,り,0
90,70,り,48.0
90,71,り,48.0
90,72,り,48.0
90,73,り,0
90,74,り,0
90,75,り,0
90,76,り,0
91,66,り,0
91,67,り,0
91,68,り,0
91,69,り,0
91,70,り,48.0
91,71,り,48.0
91,72,り,48.0
91,73,り,0
91,74,り,0
91,75,り,0
91,76,り,0
92,66,り,0
92,67,り,0
92,68,り,0
92,69,り,0
92,70,り,0
92,71,り,0
92,72,り,0
92,73,り,0
92,74,り,0
92,75,り,0
92,76,り,0
93,66,り,0
93,67,り,0
93,68,り,0
93,69,り,0
93,70,り,29.869999999995343
93,71,り,29.869999999995343
93,72,り,29.869999999995343
93,73,り,0
93,74,り,0
93,75,り,0
93,76,り,0
94,66,り,0
94,67,り,0
94,68,り,0
94,69,り,0
94,70,り,29.869999999995343
94,71,り,29.869999999995343
94,72,り,29.869999999995343
94,73,り,0
94,74,り,0
94,75,り,0
94,76,り,0
95,66,り,0
95,67,り,0
95,68,り,0
95,69,り,0
95,70,り,29.869999999995343
95,71,り,29.869999999995343
95,72,り,29.869999999995343
95,73,り,0
95,74,り,0
95,75,り,0
95,76,り,0
96,66,り,0
96,67,り,0
96,68,り,0
96,69,り,0
96,70,り,0
96,71,り,0
96,72,り,0
96,73,り,0
96,74,り,0
96,75,り,0
96,76,り,0
96,66,、,0
96,67,、,0
96,68,、,0
96,69,、,0
96,70,、,0
96,71,、,0
96,72,、,0
96,73,、,0
96,74,、,0
96,75,、,0
96,76,、,0
97,66,、,0
97,67,、,0
97,68,、,0
97,69,、,0
97,70,、,0
97,71,、,0
97,72,、,0
97,73,、,0
97,74,、,0
97,75,、,0
97,76,、,0
98,66,、,0
98,67,、,0
98,68,、,0
98,69,、,0
98,70,、,30.660000000003492
98,71,、,30.660000000003492
98,72,、,30.660000000003492
98,73,、,0
98,74,、,0
98,75,、,0
98,76,、,0
99,66,、,0
99,67,、,0
99,68,、,0
99,69,、,0
99,70,、,30.660000000003492
99,71,、,30.660000000003492
99,72,、,30.660000000003492
99,73,、,0
99,74,、,0
99,75,、,0
99,76,、,0
100,66,、,0
100,67,、,0
100,68,、,0
100,69,、,0
100,70,、,30.660000000003492
100,71,、,30.660000000003492
100,72,、,30.660000000003492
100,73,、,0
100,74,、,0
100,75,、,0
100,76,、,0
101,66,、,0
101,67,、,0
101,68,、,0
101,69,、,0
101,70,、,0
101,71,、,0
101,72,、,0
101,73,、,0
101,74,、,0
101,75,、,0
101,76,、,0
102,66,、,0
102,67,、,0
102,68,、,0
102,69,、,0
102,70,、,0
102,71,、,0
102,72,、,0
102,73,、,0
102,74,、,0
102,75,、,0
102,76,、,0
102,66,慣,0
102,67,慣,0
102,68,慣,0
102,69,慣,0
102,70,慣,0
102,71,慣,0
102,72,慣,0
102,73,慣,0
102,74,慣,0
102,75,慣,0
102,76,慣,0
103,66,慣,0
103,67,慣,0
103,68,慣,0
103,69,慣,0
103,70,慣,0
103,71,慣,0
103,72,慣,0
103,73,慣,0
103,74,慣,0
103,75,慣,0
103,76,慣,0
104,66,慣,0
104,67,慣,0
104,68,慣,0
104,69,慣,0
104,70,慣,34.69999999999709
104,71,慣,34.69999999999709
104,72,慣,34.69999999999709
104,73,慣,0
104,74,慣,0
104,75,慣,0
104,76,慣,0
105,66,慣,0
105,67,慣,0
105,68,慣,0
105,69,慣,0
105,70,慣,34.69999999999709
105,71,慣,34.69999999999709
105,72,慣,34.69999999999709
105,73,慣,0
105,74,慣,0
105,75,慣,0
105,76,慣,0
106,66,慣,0
106,67,慣,0
106,68,慣,0
106,69,慣,0
106,70,慣,34.69999999999709
106,71,慣,34.69999999999709
106,72,慣,34.69999999999709
106,73,慣,0
106,74,慣,0
106,75,慣,0
106,76,慣,0
107,66,慣,0
107,67,慣,0
107,68,慣,0
107,69,慣,0
107,70,慣,0
107,71,慣,0
107,72,慣,0
107,73,慣,0
107,74,慣,0
107,75,慣,0
107,76,慣,0
108,66,慣,0
108,67,慣,0
108,68,慣,0
108,69,慣,0
108,70,慣,0
108,71,慣,0
108,72,慣,0
108,73,慣,0
108,74,慣,0
108,75,慣,0
108,76,慣,0
109,66,慣,0
109,67,慣,0
109,68,慣,0
109,69,慣,0
109,70,慣,28.34000000001106
109,71,慣,28.34000000001106
109,72,慣,28.34000000001106
109,73,慣,0
109,74,慣,0
109,75,慣,0
109,76,慣,0
109,66,れ,0
109,67,れ,0
109,68,れ,0
109,69,れ,0
109,70,れ,28.34000000001106
109,71,れ,28.34000000001106
109,72,れ,28.34000000001106
109,73,れ,0
109,74,れ,0
109,75,れ,0
109,76,れ,0
110,66,れ,0
110,67,れ,0
110,68,れ,0
110,69,れ,0
110,70,れ,28.34000000001106
110,71,れ,28.34000000001106
110,72,れ,28.34000000001106
110,73,れ,0
110,74,れ,0
110,75,れ,0
110,76,れ,0
111,66,れ,0
111,67,れ,0
111,68,れ,0
111,69,れ,0
111,70,れ,28.34000000001106
111,71,れ,28.34000000001106
111,72,れ,28.34000000001106
111,73,れ,0
111,74,れ,0
111,75,れ,0
111,76,れ,0
112,66,れ,0
112,67,れ,0
112,68,れ,0
112,69,れ,0
112,70,れ,33.189999999987776
112,71,れ,33.189999999987776
112,72,れ,33.189999999987776
112,73,れ,0
112,74,れ,0
112,75,れ,0
112,76,れ,0
113,66,れ,0
113,67,れ,0
113,68,れ,0
113,69,れ,0
113,70,れ,130.69999999998254
113,71,れ,130.69999999998254
113,72,れ,130.69999999998254
113,73,れ,0
113,74,れ,0
113,75,れ,0
113,76,れ,0
114,66,れ,0
114,67,れ,0
114,68,れ,0
114,69,れ,0
114,70,れ,192.01999999998952
114,71,れ,192.01999999998952
114,72,れ,192.01999999998952
114,73,れ,0
114,74,れ,0
114,75,れ,0
114,76,れ,0
115,66,れ,0
115,67,れ,0
115,68,れ,0
115,69,れ,0
115,70,れ,158.83000000000175
115,71,れ,158.83000000000175
115,72,れ,158.83000000000175
115,73,れ,0
115,74,れ,0
115,75,れ,0
115,76,れ,0
116,66,れ,0
116,67,れ,0
116,68,れ,0
116,69,れ,0
116,70,れ,61.320000000006985
116,71,れ,61.320000000006985
116,72,れ,61.320000000006985
116,73,れ,0
116,74,れ,0
116,75,れ,0
116,76,れ,0
116,66,た,0
116,67,た,0
116,68,た,0
116,69,た,0
116,70,た,61.320000000006985
116,71,た,61.320000000006985
116,72,た,61.320000000006985
116,73,た,0
116,74,た,0
116,75,た,0
116,76,た,0
117,66,た,0
117,67,た,0
117,68,た,0
117,69,た,0
117,70,た,33.330000000001746
117,71,た,33.330000000001746
117,72,た,33.330000000001746
117,73,た,0
117,74,た,0
117,75,た,0
117,76,た,0
118,66,た,0
118,67,た,0
118,68,た,0
118,69,た,0
118,70,た,65.68000000000757
118,71,た,65.68000000000757
118,72,た,65.68000000000757
118,73,た,0
118,74,た,0
118,75,た,0
118,76,た,0
119,66,た,0
119,67,た,0
119,68,た,0
119,69,た,0
119,70,た,168.05000000001746
119,71,た,168.05000000001746
119,72,た,168.05000000001746
119,73,た,0
119,74,た,0
119,75,た,0
119,76,た,0
120,66,た,0
120,67,た,0
120,68,た,0
120,69,た,0
120,70,た,343.6000000000058
120,71,た,343.6000000000058
120,72,た,343.6000000000058
120,73,た,0
120,74,た,0
120,75,た,0
120,76,た,0
121,66,た,0
121,67,た,0
121,68,た,0
121,69,た,0
121,70,た,440.0
121,71,た,440.0
121,72,た,440.0
121,73,た,0
121,74,た,0
121,75,た,0
121,76,た,0
122,66,た,0
122,67,た,0
122,68,た,0
122,69,た,0
122,70,た,373.0599999999977
122,71,た,373.0599999999977
122,72,た,373.0599999999977
122,73,た,0
122,74,た,0
122,75,た,0
122,76,た,0
123,66,た,0
123,67,た,0
123,68,た,0
123,69,た,0
123,70,た,439.7299999999959
123,71,た,439.7299999999959
123,72,た,439.7299999999959
123,73,た,0
123,74,た,0
123,75,た,0
123,76,た,0
123,66,手,0
123,67,手,0
123,68,手,0
123,69,手,0
123,70,手,439.7299999999959
123,71,手,439.7299999999959
123,72,手,439.7299999999959
123,73,手,0
123,74,手,0
123,75,手,0
123,76,手,0
124,66,手,0
124,67,手,0
124,68,手,0
124,69,手,0
124,70,手,433.7600000000093
124,71,手,433.7600000000093
124,72,手,433.7600000000093
124,73,手,0
124,74,手,0
124,75,手,0
124,76,手,0
125,66,手,0
125,67,手,0
125,68,手,0
125,69,手,0
125,70,手,589.3199999999924
125,71,手,589.3199999999924
125,72,手,589.3199999999924
125,73,手,0
125,74,手,0
125,75,手,0
125,76,手,0
126,66,手,0
126,67,手,0
126,68,手,0
126,69,手,0
126,70,手,382.6900000000023
126,71,手,382.6900000000023
126,72,手,382.6900000000023
126,73,手,0
126,74,手,0
126,75,手,0
126,76,手,0
127,66,手,0
127,67,手,0
127,68,手,0
127,69,手,0
127,70,手,353.40999999998894
127,71,手,353.40999999998894
127,72,手,353.40999999998894
127,73,手,0
127,74,手,0
127,75,手,0
127,76,手,0
128,66,手,0
128,67,手,0
128,68,手,0
128,69,手,0
128,70,手,210.75999999999476
128,71,手,210.75999999999476
128,72,手,210.75999999999476
128,73,手,0
128,74,手,0
128,75,手,0
128,76,手,0
129,66,手,0
129,67,手,0
129,68,手,0
129,69,手,0
129,70,手,141.8399999999965
129,71,手,141.8399999999965
129,72,手,141.8399999999965
129,73,手,0
129,74,手,0
129,75,手,0
129,76,手,0
129,66,つ,0
129,67,つ,0
129,68,つ,0
129,69,つ,0
129,70,つ,141.8399999999965
129,71,つ,141.8399999999965
129,72,つ,141.8399999999965
129,73,つ,0
129,74,つ,0
129,75,つ,0
129,76,つ,0
130,66,つ,0
130,67,つ,0
130,68,つ,0
130,69,つ,0
130,70,つ,48.33999999999651
130,71,つ,48.33999999999651
130,72,つ,48.33999999999651
130,73,つ,0
130,74,つ,0
130,75,つ,0
130,76,つ,0
131,66,つ,0
131,67,つ,0
131,68,つ,0
131,69,つ,0
131,70,つ,32.13999999999942
131,71,つ,32.13999999999942
131,72,つ,32.13999999999942
131,73,つ,0
131,74,つ,0
131,75,つ,0
131,76,つ,0
132,66,つ,0
132,67,つ,0
132,68,つ,0
132,69,つ,0
132,70,つ,32.13999999999942
132,71,つ,32.13999999999942
132,72,つ,32.13999999999942
132,73,つ,0
132,74,つ,0
132,75,つ,0
132,76,つ,0
133,66,つ,0
133,67,つ,0
133,68,つ,0
133,69,つ,0
133,70,つ,66.43000000000757
133,71,つ,66.43000000000757
133,72,つ,66.43000000000757
133,73,つ,0
133,74,つ,0
133,75,つ,0
133,76,つ,0
134,66,つ,0
134,67,つ,0
134,68,つ,0
134,69,つ,0
134,70,つ,34.29000000000815
134,71,つ,34.29000000000815
134,72,つ,34.29000000000815
134,73,つ,0
134,74,つ,0
134,75,つ,0
134,76,つ,0
135,66,つ,0
135,67,つ,0
135,68,つ,0
135,69,つ,0
135,70,つ,162.24000000000524
135,71,つ,162.24000000000524
135,72,つ,162.24000000000524
135,73,つ,0
135,74,つ,0
135,75,つ,0
135,76,つ,0
136,66,つ,0
136,67,つ,0
136,68,つ,0
136,69,つ,0
136,70,つ,156.3799999999901
136,71,つ,156.3799999999901
136,72,つ,156.3799999999901
136,73,つ,0
136,74,つ,0
136,75,つ,0
136,76,つ,0
136,66,き,0
136,67,き,0
136,68,き,0
136,69,き,0
136,70,き,156.3799999999901
136,71,き,156.3799999999901
136,72,き,156.3799999999901
136,73,き,0
136,74,き,0
136,75,き,0
136,76,き,0
137,66,き,0
137,67,き,0
137,68,き,0
137,69,き,0
137,70,き,156.3799999999901
137,71,き,156.3799999999901
137,72,き,156.3799999999901
137,73,き,0
137,74,き,0
137,75,き,0
137,76,き,0
138,66,き,0
138,67,き,0
138,68,き,0
138,69,き,0
138,70,き,64.25
138,71,き,64.25
138,72,き,64.25
138,73,き,0
138,74,き,0
138,75,き,0
138,76,き,0
139,66,き,0
139,67,き,0
139,68,き,0
139,69,き,0
139,70,き,35.820000000006985
139,71,き,35.820000000006985
139,72,き,35.820000000006985
139,73,き,0
139,74,き,0
139,75,き,0
139,76,き,0
140,66,き,0
140,67,き,0
140,68,き,0
140,69,き,0
140,70,き,35.820000000006985
140,71,き,35.820000000006985
140,72,き,35.820000000006985
140,73,き,0
140,74,き,0
140,75,き,0
140,76,き,0
141,66,き,0
141,67,き,0
141,68,き,0
141,69,き,0
141,70,き,29.5
141,71,き,29.5
141,72,き,29.5
141,73,き,0
141,74,き,0
141,75,き,0
141,76,き,0
142,66,き,0
142,67,き,0
142,68,き,0
142,69,き,0
142,70,き,29.5
142,71,き,29.5
142,72,き,29.5
142,73,き,0
142,74,き,0
142,75,き,0
142,76,き,0
143,66,き,0
143,67,き,0
143,68,き,0
143,69,き,0
143,70,き,29.5
143,71,き,29.5
143,72,き,29.5
143,73,き,0
143,74,き,0
143,75,き,0
143,76,き,0
143,66,で,0
143,67,で,0
143,68,で,0
143,69,で,0
143,70,で,29.5
143,71,で,29.5
143,72,で,29.5
143,73,で,0
143,74,で,0
143,75,で,0
143,76,で,0
144,66,で,0
144,67,で,0
144,68,で,0
144,69,で,0
144,70,で,0
144,71,で,0
144,72,で,0
144,73,で,0
144,74,で,0
144,75,で,0
144,76,で,0
145,66,で,0
145,67,で,0
145,68,で,0
145,69,で,0
145,70,で,0
145,71,で,0
145,72,で,0
145,73,で,0
145,74,で,0
145,75,で,0
145,76,で,0
146,66,で,0
146,67,で,0
146,68,で,0
146,69,で,0
146,70,で,31.679999999993015
146,71,で,31.679999999993015
146,72,で,31.679999999993015
146,73,で,0
146,74,で,0
146,75,で,0
146,76,で,0
147,66,で,0
147,67,で,0
147,68,で,0
147,69,で,0
147,70,で,31.679999999993015
147,71,で,31.679999999993015
147,72,で,31.679999999993015
147,73,で,0
147,74,で,0
147,75,で,0
147,76,で,0
148,66,で,0
148,67,で,0
148,68,で,0
148,69,で,0
148,70,で,31.679999999993015
148,71,で,31.679999999993015
148,72,で,31.679999999993015
148,73,で,0
148,74,で,0
148,75,で,0
148,76,で,0
149,66,で,0
149,67,で,0
149,68,で,0
149,69,で,0
149,70,で,0
149,71,で,0
149,72,で,0
149,73,で,0
149,74,で,0
149,75,で,0
149,76,で,0
150,66,で,0
150,67,で,0
150,68,で,0
150,69,で,0
150,70,で,0
150,71,で,0
150,72,で,0
150,73,で,0
150,74,で,0
150,75,で,0
150,76,で,0
150,66,工,0
150,67,工,0
150,68,工,0
150,69,工,0
150,70,工,0
150,71,工,0
150,72,工,0
150,73,工,0
150,74,工,0
150,75,工,0
150,76,工,0
151,66,工,0
151,67,工,0
151,68,工,0
151,69,工,0
151,70,工,31.80000000000291
151,71,工,31.80000000000291
151,72,工,31.80000000000291
151,73,工,0
151,74,工,0
151,75,工,0
151,76,工,0
152,66,工,0
152,67,工,0
152,68,工,0
152,69,工,0
152,70,工,65.63999999999942
152,71,工,65.63999999999942
152,72,工,65.63999999999942
152,73,工,0
152,74,工,0
152,75,工,0
152,76,工,0
153,66,工,0
153,67,工,0
153,68,工,0
153,69,工,0
153,70,工,65.63999999999942
153,71,工,65.63999999999942
153,72,工,65.63999999999942
153,73,工,0
153,74,工,0
153,75,工,0
153,76,工,0
154,66,工,0
154,67,工,0
154,68,工,0
154,69,工,0
154,70,工,84.69000000000233
154,71,工,84.69000000000233
154,72,工,84.69000000000233
154,73,工,0
154,74,工,0
154,75,工,0
154,76,工,0
155,66,工,0
155,67,工,0
155,68,工,0
155,69,工,0
155,70,工,112.80000000000291
155,71,工,112.80000000000291
155,72,工,112.80000000000291
155,73,工,0
155,74,工,0
155,75,工,0
155,76,工,0
156,66,工,0
156,67,工,0
156,68,工,0
156,69,工,0
156,70,工,213.10000000000582
156,71,工,213.10000000000582
156,72,工,213.10000000000582
156,73,工,0
156,74,工,0
156,75,工,0
156,76,工,0
156,66,具,0
156,67,具,0
156,68,具,0
156,69,具,0
156,70,具,213.10000000000582
156,71,具,213.10000000000582
156,72,具,213.10000000000582
156,73,具,0
156,74,具,0
156,75,具,0
156,76,具,0
157,66,具,0
157,67,具,0
157,68,具,0
157,69,具,0
157,70,具,190.68999999998778
157,71,具,190.68999999998778
157,72,具,190.68999999998778
157,73,具,0
157,74,具,0
157,75,具,0
157,76,具,0
158,66,具,0
158,67,具,0
158,68,具,0
158,69,具,0
158,70,具,128.7399999999907
158,71,具,128.7399999999907
158,72,具,128.7399999999907
158,73,具,0
158,74,具,0
158,75,具,0
158,76,具,0
159,66,具,0
159,67,具,0
159,68,具,0
159,69,具,0
159,70,具,58.30999999999767
159,71,具,58.30999999999767
159,72,具,58.30999999999767
159,73,具,0
159,74,具,0
159,75,具,0
159,76,具,0
160,66,具,0
160,67,具,0
160,68,具,0
160,69,具,0
160,70,具,29.870000000009895
160,71,具,29.870000000009895
160,72,具,29.870000000009895
160,73,具,0
160,74,具,0
160,75,具,0
160,76,具,0
161,66,具,0
161,67,具,0
161,68,具,0
161,69,具,0
161,70,具,95.93000000000757
161,71,具,95.93000000000757
161,72,具,95.93000000000757
161,73,具,0
161,74,具,0
161,75,具,0
161,76,具,0
162,66,具,0
162,67,具,0
162,68,具,0
162,69,具,0
162,70,具,66.05999999999767
162,71,具,66.05999999999767
162,72,具,66.05999999999767
162,73,具,0
162,74,具,0
162,75,具,0
162,76,具,0
163,66,具,0
163,67,具,0
163,68,具,0
163,69,具,0
163,70,具,95.5
163,71,具,95.5
163,72,具,95.5
163,73,具,0
163,74,具,0
163,75,具,0
163,76,具,0
163,66,を,0
163,67,を,0
163,68,を,0
163,69,を,0
163,70,を,95.5
163,71,を,95.5
163,72,を,95.5
163,73,を,0
163,74,を,0
163,75,を,0
163,76,を,0
164,66,を,0
164,67,を,0
164,68,を,0
164,69,を,0
164,70,を,29.44000000000233
164,71,を,29.44000000000233
164,72,を,29.44000000000233
164,73,を,0
164,74,を,0
164,75,を,0
164,76,を,0
165,66,を,0
165,67,を,0
165,68,を,0
165,69,を,0
165,70,を,29.44000000000233
165,71,を,29.44000000000233
165,72,を,29.44000000000233
165,73,を,0
165,74,を,0
165,75,を,0
165,76,を,0
166,66,を,0
166,67,を,0
166,68,を,0
166,69,を,0
166,70,を,0
166,71,を,0
166,72,を,0
166,73,を,0
166,74,を,0
166,75,を,0
166,76,を,0
167,66,を,0
167,67,を,0
167,68,を,0
167,69,を,0
167,70,を,34.81999999999243
167,71,を,34.81999999999243
167,72,を,34.81999999999243
167,73,を,0
167,74,を,0
167,75,を,0
167,76,を,0
168,66,を,0
168,67,を,0
168,68,を,0
168,69,を,0
168,70,を,34.81999999999243
168,71,を,34.81999999999243
168,72,を,34.81999999999243
168,73,を,0
168,74,を,0
168,75,を,0
168,76,を,0
169,66,を,0
169,67,を,0
169,68,を,0
169,69,を,0
169,70,を,34.81999999999243
169,71,を,34.81999999999243
169,72,を,34.81999999999243
169,73,を,0
169,74,を,0
169,75,を,0
169,76,を,0
170,66,を,0
170,67,を,0
170,68,を,0
170,69,を,0
170,70,を,0
170,71,を,0
170,72,を,0
170,73,を,0
170,74,を,0
170,75,を,0
170,76,を,0
170,66,取,0
170,67,取,0
170,68,取,0
170,69,取,0
170,70,取,0
170,71,取,0
170,72,取,0
170,73,取,0
170,74,取,0
170,75,取,0
170,76,取,0
171,66,取,0
171,67,取,0
171,68,取,0
171,69,取,0
171,70,取,0
171,71,取,0
171,72,取,0
171,73,取,0
171,74,取,0
171,75,取,0
171,76,取,0
172,66,取,0
172,67,取,0
172,68,取,0
172,69,取,0
172,70,取,0
172,71,取,0
172,72,取,0
172,73,取,0
172,74,取,0
172,75,取,0
172,76,取,0
173,66,取,0
173,67,取,0
173,68,取,0
173,69,取,0
173,70,取,44.11000000000058
173,71,取,44.11000000000058
173,72,取,44.11000000000058
173,73,取,0
173,74,取,0
173,75,取,0
173,76,取,0
174,66,取,0
174,67,取,0
174,68,取,0
174,69,取,0
174,70,取,44.11000000000058
174,71,取,44.11000000000058
174,72,取,44.11000000000058
174,73,取,0
174,74,取,0
174,75,取,0
174,76,取,0
175,66,取,0
175,67,取,0
175,68,取,0
175,69,取,0
175,70,取,44.11000000000058
175,71,取,44.11000000000058
175,72,取,44.11000000000058
175,73,取,0
175,74,取,0
175,75,取,0
175,76,取,0
176,66,取,0
176,67,取,0
176,68,取,0
176,69,取,0
176,70,取,0
176,71,取,0
176,72,取,0
176,73,取,0
176,74,取,0
176,75,取,0
176,76,取,0
177,66,取,0
177,67,取,0
177,68,取,0
177,69,取,0
177,70,取,0
177,71,取,0
177,72,取,0
177,73,取,0
177,74,取,0
177,75,取,0
177,76,取,0
177,66,り,0
177,67,り,0
177,68,り,0
177,69,り,0
177,70,り,0
177,71,り,0
177,72,り,0
177,73,り,0
177,74,り,0
177,75,り,0
177,76,り,0
178,66,り,0
178,67,り,0
178,68,り,0
178,69,り,0
178,70,り,0
178,71,り,0
178,72,り,0
178,73,り,0
178,74,り,0
178,75,り,0
178,76,り,0
179,66,り,0
179,67,り,0
179,68,り,0
179,69,り,0
179,70,り,0
179,71,り,0
179,72,り,0
179,73,り,0
179,74,り,0
179,75,り,0
179,76,り,0
180,66,り,0
180,67,り,0
180,68,り,0
180,69,り,0
180,70,り,37.08999999999651
180,71,り,37.08999999999651
180,72,り,37.08999999999651
180,73,り,0
180,74,り,0
180,75,り,0
180,76,り,0
181,66,り,0
181,67,り,0
181,68,り,0
181,69,り,0
181,70,り,37.08999999999651
181,71,り,37.08999999999651
181,72,り,37.08999999999651
181,73,り,0
181,74,り,0
181,75,り,0
181,76,り,0
182,66,り,0
182,67,り,0
182,68,り,0
182,69,り,0
182,70,り,37.08999999999651
182,71,り,37.08999999999651
182,72,り,37.08999999999651
182,73,り,0
182,74,り,0
182,75,り,0
182,76,り,0
183,66,り,0
183,67,り,0
183,68,り,0
183,69,り,0
183,70,り,0
183,71,り,0
183,72,り,0
183,73,り,0
183,74,り,0
183,75,り,0
183,76,り,0
183,66,出,0
183,67,出,0
183,68,出,0
183,69,出,0
183,70,出,0
183,71,出,0
183,72,出,0
183,73,出,0
183,74,出,0
183,75,出,0
183,76,出,0
184,66,出,0
184,67,出,0
184,68,出,0
184,69,出,0
184,70,出,32.770000000004075
184,71,出,32.770000000004075
184,72,出,32.770000000004075
184,73,出,0
184,74,出,0
184,75,出,0
184,76,出,0
185,66,出,0
185,67,出,0
185,68,出,0
185,69,出,0
185,70,出,94.85000000000582
185,71,出,94.85000000000582
185,72,出,94.85000000000582
185,73,出,0
185,74,出,0
185,75,出,0
185,76,出,0
186,66,出,0
186,67,出,0
186,68,出,0
186,69,出,0
186,70,出,159.6600000000035
186,71,出,159.6600000000035
186,72,出,159.6600000000035
186,73,出,0
186,74,出,0
186,75,出,0
186,76,出,0
187,66,出,0
187,67,出,0
187,68,出,0
187,69,出,0
187,70,出,126.88999999999942
187,71,出,126.88999999999942
187,72,出,126.88999999999942
187,73,出,0
187,74,出,0
187,75,出,0
187,76,出,0
188,66,出,0
188,67,出,0
188,68,出,0
188,69,出,0
188,70,出,147.99000000000524
188,71,出,147.99000000000524
188,72,出,147.99000000000524
188,73,出,0
188,74,出,0
188,75,出,0
188,76,出,0
189,66,出,0
189,67,出,0
189,68,出,0
189,69,出,0
189,70,出,83.18000000000757
189,71,出,83.18000000000757
189,72,出,83.18000000000757
189,73,出,0
189,74,出,0
189,75,出,0
189,76,出,0
190,66,出,0
190,67,出,0
190,68,出,0
190,69,出,0
190,70,出,141.7800000000134
190,71,出,141.7800000000134
190,72,出,141.7800000000134
190,73,出,0
190,74,出,0
190,75,出,0
190,76,出,0
190,66,し,0
190,67,し,0
190,68,し,0
190,69,し,0
190,70,し,141.7800000000134
190,71,し,141.7800000000134
190,72,し,141.7800000000134
190,73,し,0
190,74,し,0
190,75,し,0
190,76,し,0
191,66,し,0
191,67,し,0
191,68,し,0
191,69,し,0
191,70,し,119.57000000000698
191,71,し,119.57000000000698
191,72,し,119.57000000000698
191,73,し,0
191,74,し,0
191,75,し,0
191,76,し,0
192,66,し,0
192,67,し,0
192,68,し,0
192,69,し,0
192,70,し,186.63000000000466
192,71,し,186.63000000000466
192,72,し,186.63000000000466
192,73,し,0
192,74,し,0
192,75,し,0
192,76,し,0
193,66,し,0
193,67,し,0
193,68,し,0
193,69,し,0
193,70,し,158.86999999999534
193,71,し,158.86999999999534
193,72,し,158.86999999999534
193,73,し,0
193,74,し,0
193,75,し,0
193,76,し,0
194,66,し,0
194,67,し,0
194,68,し,0
194,69,し,0
194,70,し,97.89999999999418
194,71,し,97.89999999999418
194,72,し,97.89999999999418
194,73,し,0
194,74,し,0
194,75,し,0
194,76,し,0
195,66,し,0
195,67,し,0
195,68,し,0
195,69,し,0
195,70,し,61.88999999999942
195,71,し,61.88999999999942
195,72,し,61.88999999999942
195,73,し,0
195,74,し,0
195,75,し,0
195,76,し,0
196,66,し,0
196,67,し,0
196,68,し,0
196,69,し,0
196,70,し,96.26000000000931
196,71,し,96.26000000000931
196,72,し,96.26000000000931
196,73,し,0
196,74,し,0
196,75,し,0
196,76,し,0
197,66,し,0
197,67,し,0
197,68,し,0
197,69,し,0
197,70,し,158.02999999999884
197,71,し,158.02999999999884
197,72,し,158.02999999999884
197,73,し,0
197,74,し,0
197,75,し,0
197,76,し,0
197,66,た,0
197,67,た,0
197,68,た,0
197,69,た,0
197,70,た,158.02999999999884
197,71,た,158.02999999999884
197,72,た,158.02999999999884
197,73,た,0
197,74,た,0
197,75,た,0
197,76,た,0
198,66,た,0
198,67,た,0
198,68,た,0
198,69,た,0
198,70,た,126.97999999999593
198,71,た,126.97999999999593
198,72,た,126.97999999999593
198,73,た,0
198,74,た,0
198,75,た,0
198,76,た,0
199,66,た,0
199,67,た,0
199,68,た,0
199,69,た,0
199,70,た,61.76999999998952
199,71,た,61.76999999998952
199,72,た,61.76999999998952
199,73,た,0
199,74,た,0
199,75,た,0
199,76,た,0
200,66,た,0
200,67,た,0
200,68,た,0
200,69,た,0
200,70,た,33.80000000000291
200,71,た,33.80000000000291
200,72,た,33.80000000000291
200,73,た,0
200,74,た,0
200,75,た,0
200,76,た,0
201,66,た,0
201,67,た,0
201,68,た,0
201,69,た,0
201,70,た,65.61999999999534
201,71,た,65.61999999999534
201,72,た,65.61999999999534
201,73,た,0
201,74,た,0
201,75,た,0
201,76,た,0
202,66,た,0
202,67,た,0
202,68,た,0
202,69,た,0
202,70,た,65.61999999999534
202,71,た,65.61999999999534
202,72,た,65.61999999999534
202,73,た,0
202,74,た,0
202,75,た,0
202,76,た,0
203,66,た,0
203,67,た,0
203,68,た,0
203,69,た,0
203,70,た,62.33999999999651
203,71,た,62.33999999999651
203,72,た,62.33999999999651
203,73,た,0
203,74,た,0
203,75,た,0
203,76,た,0
204,66,た,0
204,67,た,0
204,68,た,0
204,69,た,0
204,70,た,30.520000000004075
204,71,た,30.520000000004075
204,72,た,30.520000000004075
204,73,た,0
204,74,た,0
204,75,た,0
204,76,た,0
204,66,。,0
204,67,。,0
204,68,。,0
204,69,。,0
204,70,。,30.520000000004075
204,71,。,30.520000000004075
204,72,。,30.520000000004075
204,73,。,0
204,74,。,0
204,75,。,0
204,76,。,0
205,66,。,0
205,67,。,0
205,68,。,0
205,69,。,0
205,70,。,63.01000000000931
205,71,。,63.01000000000931
205,72,。,63.01000000000931
205,73,。,0
205,74,。,0
205,75,。,0
205,76,。,0
206,66,。,0
206,67,。,0
206,68,。,0
206,69,。,0
206,70,。,32.49000000000524
206,71,。,32.49000000000524
206,72,。,32.49000000000524
206,73,。,0
206,74,。,0
206,75,。,0
206,76,。,0
207,66,。,0
207,67,。,0
207,68,。,0
207,69,。,0
207,70,。,82.54000000000815
207,71,。,82.54000000000815
207,72,。,82.54000000000815
207,73,。,0
207,74,。,0
207,75,。,0
207,76,。,0
208,66,。,0
208,67,。,0
208,68,。,0
208,69,。,0
208,70,。,222.79999999998836
208,71,。,222.79999999998836
208,72,。,222.79999999998836
208,73,。,0
208,74,。,0
208,75,。,0
208,76,。,0
209,66,。,0
209,67,。,0
209,68,。,0
209,69,。,0
209,70,。,322.74999999998545
209,71,。,322.74999999998545
209,72,。,322.74999999998545
209,73,。,0
209,74,。,0
209,75,。,0
209,76,。,0
210,66,。,0
210,67,。,0
210,68,。,0
210,69,。,0
210,70,。,553.3799999999901
210,71,。,553.3799999999901
210,72,。,553.3799999999901
210,73,。,0
210,74,。,0
210,75,。,0
210,76,。,0
210,66,マ,0
210,67,マ,0
210,68,マ,0
210,69,マ,0
210,70,マ,553.3799999999901
210,71,マ,553.3799999999901
210,72,マ,553.3799999999901
210,73,マ,0
210,74,マ,0
210,75,マ,0
210,76,マ,0
211,66,マ,0
211,67,マ,0
211,68,マ,0
211,69,マ,0
211,70,マ,510.79000000000815
211,71,マ,510.79000000000815
211,72,マ,510.79000000000815
211,73,マ,0
211,74,マ,0
211,75,マ,0
211,76,マ,0
212,66,マ,0
212,67,マ,0
212,68,マ,0
212,69,マ,0
212,70,マ,488.2800000000134
212,71,マ,488.2800000000134
212,72,マ,488.2800000000134
212,73,マ,0
212,74,マ,0
212,75,マ,0
212,76,マ,0
213,66,マ,0
213,67,マ,0
213,68,マ,0
213,69,マ,0
213,70,マ,329.16999999999825
213,71,マ,329.16999999999825
213,72,マ,329.16999999999825
213,73,マ,0
213,74,マ,0
213,75,マ,0
213,76,マ,0
214,66,マ,0
214,67,マ,0
214,68,マ,0
214,69,マ,0
214,70,マ,261.0899999999965
214,71,マ,261.0899999999965
214,72,マ,261.0899999999965
214,73,マ,0
214,74,マ,0
214,75,マ,0
214,76,マ,0
215,66,マ,0
215,67,マ,0
215,68,マ,0
215,69,マ,0
215,70,マ,275.84999999999127
215,71,マ,275.84999999999127
215,72,マ,275.84999999999127
215,73,マ,0
215,74,マ,0
215,75,マ,0
215,76,マ,0
216,66,マ,0
216,67,マ,0
216,68,マ,0
216,69,マ,0
216,70,マ,192.69000000000233
216,71,マ,192.69000000000233
216,72,マ,192.69000000000233
216,73,マ,0
216,74,マ,0
216,75,マ,0
216,76,マ,0
217,66,マ,0
217,67,マ,0
217,68,マ,0
217,69,マ,0
217,70,マ,248.0799999999872
217,71,マ,248.0799999999872
217,72,マ,248.0799999999872
217,73,マ,0
217,74,マ,0
217,75,マ,0
217,76,マ,0
217,66,シ,0
217,67,シ,0
217,68,シ,0
217,69,シ,0
217,70,シ,248.0799999999872
217,71,シ,248.0799999999872
217,72,シ,248.0799999999872
217,73,シ,0
217,74,シ,0
217,75,シ,0
217,76,シ,0
218,66,シ,0
218,67,シ,0
218,68,シ,0
218,69,シ,0
218,70,シ,304.9800000000105
218,71,シ,304.9800000000105
218,72,シ,304.9800000000105
218,73,シ,0
218,74,シ,0
218,75,シ,0
218,76,シ,0
219,66,シ,0
219,67,シ,0
219,68,シ,0
219,69,シ,0
219,70,シ,360.63000000000466
219,71,シ,360.63000000000466
219,72,シ,360.63000000000466
219,73,シ,0
219,74,シ,0
219,75,シ,0
219,76,シ,0
220,66,シ,0
220,67,シ,0
220,68,シ,0
220,69,シ,0
220,70,シ,455.05000000001746
220,71,シ,455.05000000001746
220,72,シ,455.05000000001746
220,73,シ,0
220,74,シ,0
220,75,シ,0
220,76,シ,0
221,66,シ,0
221,67,シ,0
221,68,シ,0
221,69,シ,0
221,70,シ,620.8899999999849
221,71,シ,620.8899999999849
221,72,シ,620.8899999999849
221,73,シ,0
221,74,シ,0
221,75,シ,0
221,76,シ,0
222,66,シ,0
222,67,シ,0
222,68,シ,0
222,69,シ,0
222,70,シ,787.0799999999872
222,71,シ,787.0799999999872
222,72,シ,787.0799999999872
222,73,シ,0
222,74,シ,0
222,75,シ,0
222,76,シ,0
223,66,シ,0
223,67,シ,0
223,68,シ,0
223,69,シ,0
223,70,シ,793.0100000000093
223,71,シ,793.0100000000093
223,72,シ,793.0100000000093
223,73,シ,0
223,74,シ,0
223,75,シ,0
223,76,シ,0
224,66,シ,0
224,67,シ,0
224,68,シ,0
224,69,シ,0
224,70,シ,562.9200000000128
224,71,シ,562.9200000000128
224,72,シ,562.9200000000128
224,73,シ,0
224,74,シ,0
224,75,シ,0
224,76,シ,0
224,66,ン,0
224,67,ン,0
224,68,ン,0
224,69,ン,0
224,70,ン,562.9200000000128
224,71,ン,562.9200000000128
224,72,ン,562.9200000000128
224,73,ン,0
224,74,ン,0
224,75,ン,0
224,76,ン,0
225,66,ン,0
225,67,ン,0
225,68,ン,0
225,69,ン,0
225,70,ン,334.2800000000134
225,71,ン,334.2800000000134
225,72,ン,334.2800000000134
225,73,ン,0
225,74,ン,0
225,75,ン,0
225,76,ン,0
226,66,ン,0
226,67,ン,0
226,68,ン,0
226,69,ン,0
226,70,ン,116.45999999999185
226,71,ン,116.45999999999185
226,72,ン,116.45999999999185
226,73,ン,0
226,74,ン,0
226,75,ン,0
226,76,ン,0
227,66,ン,0
227,67,ン,0
227,68,ン,0
227,69,ン,0
227,70,ン,66.36999999999534
227,71,ン,66.36999999999534
227,72,ン,66.36999999999534
227,73,ン,0
227,74,ン,0
227,75,ン,0
227,76,ン,0
228,66,ン,0
228,67,ン,0
228,68,ン,0
228,69,ン,0
228,70,ン,34.75999999999476
228,71,ン,34.75999999999476
228,72,ン,34.75999999999476
228,73,ン,0
228,74,ン,0
228,75,ン,0
228,76,ン,0
229,66,ン,0
229,67,ン,0
229,68,ン,0
229,69,ン,0
229,70,ン,34.75999999999476
229,71,ン,34.75999999999476
229,72,ン,34.75999999999476
229,73,ン,0
229,74,ン,0
229,75,ン,0
229,76,ン,0
230,66,ン,0
230,67,ン,0
230,68,ン,0
230,69,ン,0
230,70,ン,0
230,71,ン,0
230,72,ン,0
230,73,ン,0
230,74,ン,0
230,75,ン,0
230,76,ン,0
231,66,ン,0
231,67,ン,0
231,68,ン,0
231,69,ン,0
231,70,ン,28.54000000000815
231,71,ン,28.54000000000815
231,72,ン,28.54000000000815
231,73,ン,0
231,74,ン,0
231,75,ン,0
231,76,ン,0
231,66,の,0
231,67,の,0
231,68,の,0
231,69,の,0
231,70,の,28.54000000000815
231,71,の,28.54000000000815
231,72,の,28.54000000000815
231,73,の,0
231,74,の,0
231,75,の,0
231,76,の,0
232,66,の,0
232,67,の,0
232,68,の,0
232,69,の,0
232,70,の,28.54000000000815
232,71,の,28.54000000000815
232,72,の,28.54000000000815
232,73,の,0
232,74,の,0
232,75,の,0
232,76,の,0
233,66,の,0
233,67,の,0
233,68,の,0
233,69,の,0
233,70,の,28.54000000000815
233,71,の,28.54000000000815
233,72,の,28.54000000000815
233,73,の,0
233,74,の,0
233,75,の,0
233,76,の,0
234,66,の,0
234,67,の,0
234,68,の,0
234,69,の,0
234,70,の,0
234,71,の,0
234,72,の,0
234,73,の,0
234,74,の,0
234,75,の,0
234,76,の,0
235,66,の,0
235,67,の,0
235,68,の,0
235,69,の,0
235,70,の,39.04999999998836
235,71,の,39.04999999998836
235,72,の,39.04999999998836
235,73,の,0
235,74,の,0
235,75,の,0
235,76,の,0
236,66,の,0
236,67,の,0
236,68,の,0
236,69,の,0
236,70,の,39.04999999998836
236,71,の,39.04999999998836
236,72,の,39.04999999998836
236,73,の,0
236,74,の,0
236,75,の,0
236,76,の,0
237,66,の,0
237,67,の,0
237,68,の,0
237,69,の,0
237,70,の,39.04999999998836
237,71,の,39.04999999998836
237,72,の,39.04999999998836
237,73,の,0
237,74,の,0
237,75,の,0
237,76,の,0
237,66,ゆ,0
237,67,ゆ,0
237,68,ゆ,0
237,69,ゆ,0
237,70,ゆ,39.04999999998836
237,71,ゆ,39.04999999998836
237,72,ゆ,39.04999999998836
237,73,ゆ,0
237,74,ゆ,0
237,75,ゆ,0
237,76,ゆ,0
238,66,ゆ,0
238,67,ゆ,0
238,68,ゆ,0
238,69,ゆ,0
238,70,ゆ,26.910000000003492
238,71,ゆ,26.910000000003492
238,72,ゆ,26.910000000003492
238,73,ゆ,0
238,74,ゆ,0
238,75,ゆ,0
238,76,ゆ,0
239,66,ゆ,0
239,67,ゆ,0
239,68,ゆ,0
239,69,ゆ,0
239,70,ゆ,26.910000000003492
239,71,ゆ,26.910000000003492
239,72,ゆ,26.910000000003492
239,73,ゆ,0
239,74,ゆ,0
239,75,ゆ,0
239,76,ゆ,0
240,66,ゆ,0
240,67,ゆ,0
240,68,ゆ,0
240,69,ゆ,0
240,70,ゆ,26.910000000003492
240,71,ゆ,26.910000000003492
240,72,ゆ,26.910000000003492
240,73,ゆ,0
240,74,ゆ,0
240,75,ゆ,0
240,76,ゆ,0
241,66,ゆ,0
241,67,ゆ,0
241,68,ゆ,0
241,69,ゆ,0
241,70,ゆ,29.94000000000233
241,71,ゆ,29.94000000000233
241,72,ゆ,29.94000000000233
241,73,ゆ,0
241,74,ゆ,0
241,75,ゆ,0
241,76,ゆ,0
242,66,ゆ,0
242,67,ゆ,0
242,68,ゆ,0
242,69,ゆ,0
242,70,ゆ,29.94000000000233
242,71,ゆ,29.94000000000233
242,72,ゆ,29.94000000000233
242,73,ゆ,0
242,74,ゆ,0
242,75,ゆ,0
242,76,ゆ,0
243,66,ゆ,0
243,67,ゆ,0
243,68,ゆ,0
243,69,ゆ,0
243,70,ゆ,64.35000000000582
243,71,ゆ,64.35000000000582
243,72,ゆ,64.35000000000582
243,73,ゆ,0
243,74,ゆ,0
243,75,ゆ,0
243,76,ゆ,0
244,66,ゆ,0
244,67,ゆ,0
244,68,ゆ,0
244,69,ゆ,0
244,70,ゆ,81.39999999999418
244,71,ゆ,81.39999999999418
244,72,ゆ,81.39999999999418
244,73,ゆ,0
244,74,ゆ,0
244,75,ゆ,0
244,76,ゆ,0
244,66,る,0
244,67,る,0
244,68,る,0
244,69,る,0
244,70,る,81.39999999999418
244,71,る,81.39999999999418
244,72,る,81.39999999999418
244,73,る,0
244,74,る,0
244,75,る,0
244,76,る,0
245,66,る,0
245,67,る,0
245,68,る,0
245,69,る,0
245,70,る,112.94000000000233
245,71,る,112.94000000000233
245,72,る,112.94000000000233
245,73,る,0
245,74,る,0
245,75,る,0
245,76,る,0
246,66,る,0
246,67,る,0
246,68,る,0
246,69,る,0
246,70,る,181.56999999999243
246,71,る,181.56999999999243
246,72,る,181.56999999999243
246,73,る,0
246,74,る,0
246,75,る,0
246,76,る,0
247,66,る,0
247,67,る,0
247,68,る,0
247,69,る,0
247,70,る,160.68000000000757
247,71,る,160.68000000000757
247,72,る,160.68000000000757
247,73,る,0
247,74,る,0
247,75,る,0
247,76,る,0
248,66,る,0
248,67,る,0
248,68,る,0
248,69,る,0
248,70,る,160.1600000000035
248,71,る,160.1600000000035
248,72,る,160.1600000000035
248,73,る,0
248,74,る,0
248,75,る,0
248,76,る,0
249,66,る,0
249,67,る,0
249,68,る,0
249,69,る,0
249,70,る,90.52999999999884
249,71,る,90.52999999999884
249,72,る,90.52999999999884
249,73,る,0
249,74,る,0
249,75,る,0
249,76,る,0
250,66,る,0
250,67,る,0
250,68,る,0
250,69,る,0
250,70,る,64.42999999999302
250,71,る,64.42999999999302
250,72,る,64.42999999999302
250,73,る,0
250,74,る,0
250,75,る,0
250,76,る,0
251,66,る,0
251,67,る,0
251,68,る,0
251,69,る,0
251,70,る,61.86999999999534
251,71,る,61.86999999999534
251,72,る,61.86999999999534
251,73,る,0
251,74,る,0
251,75,る,0
251,76,る,0
251,66,ん,0
251,67,ん,0
251,68,ん,0
251,69,ん,0
251,70,ん,61.86999999999534
251,71,ん,61.86999999999534
251,72,ん,61.86999999999534
251,73,ん,0
251,74,ん,0
251,75,ん,0
251,76,ん,0
252,66,ん,0
252,67,ん,0
252,68,ん,0
252,69,ん,0
252,70,ん,129.77000000000407
252,71,ん,129.77000000000407
252,72,ん,129.77000000000407
252,73,ん,0
252,74,ん,0
252,75,ん,0
252,76,ん,0
253,66,ん,0
253,67,ん,0
253,68,ん,0
253,69,ん,0
253,70,ん,274.3000000000029
253,71,ん,274.3000000000029
253,72,ん,274.3000000000029
253,73,ん,0
253,74,ん,0
253,75,ん,0
253,76,ん,0
254,66,ん,0
254,67,ん,0
254,68,ん,0
254,69,ん,0
254,70,ん,245.8399999999965
254,71,ん,245.8399999999965
254,72,ん,245.8399999999965
254,73,ん,0
254,74,ん,0
254,75,ん,0
254,76,ん,0
255,66,ん,0
255,67,ん,0
255,68,ん,0
255,69,ん,0
255,70,ん,144.52999999999884
255,71,ん,144.52999999999884
255,72,ん,144.52999999999884
255,73,ん,0
255,74,ん,0
255,75,ん,0
255,76,ん,0
256,66,ん,0
256,67,ん,0
256,68,ん,0
256,69,ん,0
256,70,ん,0
256,71,ん,0
256,72,ん,0
256,73,ん,0
256,74,ん,0
256,75,ん,0
256,76,ん,0
257,66,ん,0
257,67,ん,0
257,68,ん,0
257,69,ん,0
257,70,ん,0
257,71,ん,0
257,72,ん,0
257,73,ん,0
257,74,ん,0
257,75,ん,0
257,76,ん,0
258,66,ん,0
258,67,ん,0
258,68,ん,0
258,69,ん,0
258,70,ん,0
258,71,ん,0
258,72,ん,0
258,73,ん,0
258,74,ん,0
258,75,ん,0
258,76,ん,0
62,76,だ,0
62,77,だ,0
62,78,だ,0
62,79,だ,0
62,80,だ,0
62,81,だ,0
62,82,だ,0
62,83,だ,0
62,84,だ,0
62,85,だ,0
62,86,だ,0
63,76,だ,0
63,77,だ,0
63,78,だ,0
63,79,だ,0
63,80,だ,0
63,81,だ,0
63,82,だ,0
63,83,だ,0
63,84,だ,0
63,85,だ,0
63,86,だ,0
64,76,だ,0
64,77,だ,0
64,78,だ,0
64,79,だ,0
64,80,だ,55.83999999999651
64,81,だ,55.83999999999651
64,82,だ,55.83999999999651
64,83,だ,0
64,84,だ,0
64,85,だ,0
64,86,だ,0
65,76,だ,0
65,77,だ,0
65,78,だ,0
65,79,だ,0
65,80,だ,55.83999999999651
65,81,だ,55.83999999999651
65,82,だ,55.83999999999651
65,83,だ,0
65,84,だ,0
65,85,だ,0
65,86,だ,0
66,76,だ,0
66,77,だ,0
66,78,だ,0
66,79,だ,0
66,80,だ,55.83999999999651
66,81,だ,55.83999999999651
66,82,だ,55.83999999999651
66,83,だ,0
66,84,だ,0
66,85,だ,0
66,86,だ,0
67,76,だ,0
67,77,だ,0
67,78,だ,0
67,79,だ,0
67,80,だ,0
67,81,だ,0
67,82,だ,0
67,83,だ,0
67,84,だ,0
67,85,だ,0
67,86,だ,0
68,76,だ,0
68,77,だ,0
68,78,だ,0
68,79,だ,0
68,80,だ,30.80000000000291
68,81,だ,30.80000000000291
68,82,だ,30.80000000000291
68,83,だ,0
68,84,だ,0
68,85,だ,0
68,86,だ,0
69,76,だ,0
69,77,だ,0
69,78,だ,0
69,79,だ,0
69,80,だ,57.36000000000058
69,81,だ,57.36000000000058
69,82,だ,57.36000000000058
69,83,だ,0
69,84,だ,0
69,85,だ,0
69,86,だ,0
69,76,部,0
69,77,部,0
69,78,部,0
69,79,部,0
69,80,部,57.36000000000058
69,81,部,57.36000000000058
69,82,部,57.36000000000058
69,83,部,0
69,84,部,0
69,85,部,0
69,86,部,0
70,76,部,0
70,77,部,0
70,78,部,0
70,79,部,0
70,80,部,57.36000000000058
70,81,部,57.36000000000058
70,82,部,57.36000000000058
70,83,部,0
70,84,部,0
70,85,部,0
70,86,部,0
71,76,部,0
71,77,部,0
71,78,部,0
71,79,部,0
71,80,部,26.55999999999767
71,81,部,26.55999999999767
71,82,部,26.55999999999767
71,83,部,0
71,84,部,0
71,85,部,0
71,86,部,0
72,76,部,0
72,77,部,0
72,78,部,0
72,79,部,0
72,80,部,0
72,81,部,0
72,82,部,0
72,83,部,0
72,84,部,0
72,85,部,0
72,86,部,0
73,76,部,0
73,77,部,0
73,78,部,0
73,79,部,0
73,80,部,0
73,81,部,0
73,82,部,0
73,83,部,0
73,84,部,0
73,85,部,0
73,86,部,0
74,76,部,0
74,77,部,0
74,78,部,0
74,79,部,0
74,80,部,0
74,81,部,0
74,82,部,0
74,83,部,0
74,84,部,0
74,85,部,0
74,86,部,0
75,76,部,0
75,77,部,0
75,78,部,0
75,79,部,0
75,80,部,64.17999999999302
75,81,部,64.17999999999302
75,82,部,64.17999999999302
75,83,部,0
75,84,部,0
75,85,部,0
75,86,部,0
75,76,分,0
75,77,分,0
75,78,分,0
75,79,分,0
75,80,分,64.17999999999302
75,81,分,64.17999999999302
75,82,分,64.17999999999302
75,83,分,0
75,84,分,0
75,85,分,0
75,86,分,0
76,76,分,0
76,77,分,0
76,78,分,0
76,79,分,0
76,80,分,64.17999999999302
76,81,分,64.17999999999302
76,82,分,64.17999999999302
76,83,分,0
76,84,分,0
76,85,分,0
76,86,分,0
77,76,分,0
77,77,分,0
77,78,分,0
77,79,分,0
77,80,分,64.17999999999302
77,81,分,64.17999999999302
77,82,分,64.17999999999302
77,83,分,0
77,84,分,0
77,85,分,0
77,86,分,0
78,76,分,0
78,77,分,0
78,78,分,0
78,79,分,0
78,80,分,0
78,81,分,0
78,82,分,0
78,83,分,0
78,84,分,0
78,85,分,0
78,86,分,0
79,76,分,0
79,77,分,0
79,78,分,0
79,79,分,0
79,80,分,0
79,81,分,0
79,82,分,0
79,83,分,0
79,84,分,0
79,85,分,0
79,86,分,0
80,76,分,0
80,77,分,0
80,78,分,0
80,79,分,0
80,80,分,37.529999999998836
80,81,分,37.529999999998836
80,82,分,37.529999999998836
80,83,分,0
80,84,分,0
80,85,分,0
80,86,分,0
81,76,分,0
81,77,分,0
81,78,分,0
81,79,分,0
81,80,分,84.11000000000058
81,81,分,84.11000000000058
81,82,分,84.11000000000058
81,83,分,0
81,84,分,0
81,85,分,0
81,86,分,0
82,76,分,0
82,77,分,0
82,78,分,0
82,79,分,0
82,80,分,84.11000000000058
82,81,分,84.11000000000058
82,82,分,84.11000000000058
82,83,分,0
82,84,分,0
82,85,分,0
82,86,分,0
82,76,を,0
82,77,を,0
82,78,を,0
82,79,を,0
82,80,を,84.11000000000058
82,81,を,84.11000000000058
82,82,を,84.11000000000058
82,83,を,0
82,84,を,0
82,85,を,0
82,86,を,0
83,76,を,0
83,77,を,0
83,78,を,0
83,79,を,0
83,80,を,46.580000000001746
83,81,を,46.580000000001746
83,82,を,46.580000000001746
83,83,を,0
83,84,を,0
83,85,を,0
83,86,を,0
84,76,を,0
84,77,を,0
84,78,を,0
84,79,を,0
84,80,を,0
84,81,を,0
84,82,を,0
84,83,を,0
84,84,を,0
84,85,を,0
84,86,を,0
85,76,を,0
85,77,を,0
85,78,を,0
85,79,を,0
85,80,を,27.580000000001746
85,81,を,27.580000000001746
85,82,を,27.580000000001746
85,83,を,0
85,84,を,0
85,85,を,0
85,86,を,0
86,76,を,0
86,77,を,0
86,78,を,0
86,79,を,0
86,80,を,27.580000000001746
86,81,を,27.580000000001746
86,82,を,27.580000000001746
86,83,を,0
86,84,を,0
86,85,を,0
86,86,を,0
87,76,を,0
87,77,を,0
87,78,を,0
87,79,を,0
87,80,を,27.580000000001746
87,81,を,27.580000000001746
87,82,を,27.580000000001746
87,83,を,0
87,84,を,0
87,85,を,0
87,86,を,0
88,76,を,0
88,77,を,0
88,78,を,0
88,79,を,0
88,80,を,30.660000000003492
88,81,を,30.660000000003492
88,82,を,30.660000000003492
88,83,を,0
88,84,を,0
88,85,を,0
88,86,を,0
89,76,を,0
89,77,を,0
89,78,を,0
89,79,を,0
89,80,を,30.660000000003492
89,81,を,30.660000000003492
89,82,を,30.660000000003492
89,83,を,0
89,84,を,0
89,85,を,0
89,86,を,0
89,76,し,0
89,77,し,0
89,78,し,0
89,79,し,0
89,80,し,30.660000000003492
89,81,し,30.660000000003492
89,82,し,30.660000000003492
89,83,し,0
89,84,し,0
89,85,し,0
89,86,し,0
90,76,し,0
90,77,し,0
90,78,し,0
90,79,し,0
90,80,し,66.40000000000873
90,81,し,66.40000000000873
90,82,し,66.40000000000873
90,83,し,0
90,84,し,0
90,85,し,0
90,86,し,0
91,76,し,0
91,77,し,0
91,78,し,0
91,79,し,0
91,80,し,66.7100000000064
91,81,し,66.7100000000064
91,82,し,66.7100000000064
91,83,し,0
91,84,し,0
91,85,し,0
91,86,し,0
92,76,し,0
92,77,し,0
92,78,し,0
92,79,し,0
92,80,し,66.7100000000064
92,81,し,66.7100000000064
92,82,し,66.7100000000064
92,83,し,0
92,84,し,0
92,85,し,0
92,86,し,0
93,76,し,0
93,77,し,0
93,78,し,0
93,79,し,0
93,80,し,66.08999999999651
93,81,し,66.08999999999651
93,82,し,66.08999999999651
93,83,し,0
93,84,し,0
93,85,し,0
93,86,し,0
94,76,し,0
94,77,し,0
94,78,し,0
94,79,し,0
94,80,し,35.11999999999534
94,81,し,35.11999999999534
94,82,し,35.11999999999534
94,83,し,0
94,84,し,0
94,85,し,0
94,86,し,0
95,76,し,0
95,77,し,0
95,78,し,0
95,79,し,0
95,80,し,35.11999999999534
95,81,し,35.11999999999534
95,82,し,35.11999999999534
95,83,し,0
95,84,し,0
95,85,し,0
95,86,し,0
96,76,し,0
96,77,し,0
96,78,し,0
96,79,し,0
96,80,し,29.25999999999476
96,81,し,29.25999999999476
96,82,し,29.25999999999476
96,83,し,0
96,84,し,0
96,85,し,0
96,86,し,0
96,76,っ,0
96,77,っ,0
96,78,っ,0
96,79,っ,0
96,80,っ,29.25999999999476
96,81,っ,29.25999999999476
96,82,っ,29.25999999999476
96,83,っ,0
96,84,っ,0
96,85,っ,0
96,86,っ,0
97,76,っ,0
97,77,っ,0
97,78,っ,0
97,79,っ,0
97,80,っ,56.19999999999709
97,81,っ,56.19999999999709
97,82,っ,56.19999999999709
97,83,っ,0
97,84,っ,0
97,85,っ,0
97,86,っ,0
98,76,っ,0
98,77,っ,0
98,78,っ,0
98,79,っ,0
98,80,っ,121.63999999999942
98,81,っ,121.63999999999942
98,82,っ,121.63999999999942
98,83,っ,0
98,84,っ,0
98,85,っ,0
98,86,っ,0
99,76,っ,0
99,77,っ,0
99,78,っ,0
99,79,っ,0
99,80,っ,92.38000000000466
99,81,っ,92.38000000000466
99,82,っ,92.38000000000466
99,83,っ,0
99,84,っ,0
99,85,っ,0
99,86,っ,0
100,76,っ,0
100,77,っ,0
100,78,っ,0
100,79,っ,0
100,80,っ,96.09000000001106
100,81,っ,96.09000000001106
100,82,っ,96.09000000001106
100,83,っ,0
100,84,っ,0
100,85,っ,0
100,86,っ,0
101,76,っ,0
101,77,っ,0
101,78,っ,0
101,79,っ,0
101,80,っ,30.65000000000873
101,81,っ,30.65000000000873
101,82,っ,30.65000000000873
101,83,っ,0
101,84,っ,0
101,85,っ,0
101,86,っ,0
102,76,っ,0
102,77,っ,0
102,78,っ,0
102,79,っ,0
102,80,っ,30.65000000000873
102,81,っ,30.65000000000873
102,82,っ,30.65000000000873
102,83,っ,0
102,84,っ,0
102,85,っ,0
102,86,っ,0
102,76,か,0
102,77,か,0
102,78,か,0
102,79,か,0
102,80,か,30.65000000000873
102,81,か,30.65000000000873
102,82,か,30.65000000000873
102,83,か,0
102,84,か,0
102,85,か,0
102,86,か,0
103,76,か,0
103,77,か,0
103,78,か,0
103,79,か,0
103,80,か,33.05999999999767
103,81,か,33.05999999999767
103,82,か,33.05999999999767
103,83,か,0
103,84,か,0
103,85,か,0
103,86,か,0
104,76,か,0
104,77,か,0
104,78,か,0
104,79,か,0
104,80,か,33.05999999999767
104,81,か,33.05999999999767
104,82,か,33.05999999999767
104,83,か,0
104,84,か,0
104,85,か,0
104,86,か,0
105,76,か,0
105,77,か,0
105,78,か,0
105,79,か,0
105,80,か,94.38000000000466
105,81,か,94.38000000000466
105,82,か,94.38000000000466
105,83,か,0
105,84,か,0
105,85,か,0
105,86,か,0
106,76,か,0
106,77,か,0
106,78,か,0
106,79,か,0
106,80,か,134.56999999999243
106,81,か,134.56999999999243
106,82,か,134.56999999999243
106,83,か,0
106,84,か,0
106,85,か,0
106,86,か,0
107,76,か,0
107,77,か,0
107,78,か,0
107,79,か,0
107,80,か,165.13999999999942
107,81,か,165.13999999999942
107,82,か,165.13999999999942
107,83,か,0
107,84,か,0
107,85,か,0
107,86,か,0
108,76,か,0
108,77,か,0
108,78,か,0
108,79,か,0
108,80,か,103.81999999999243
108,81,か,103.81999999999243
108,82,か,103.81999999999243
108,83,か,0
108,84,か,0
108,85,か,0
108,86,か,0
109,76,か,0
109,77,か,0
109,78,か,0
109,79,か,0
109,80,か,30.570000000006985
109,81,か,30.570000000006985
109,82,か,30.570000000006985
109,83,か,0
109,84,か,0
109,85,か,0
109,86,か,0
109,76,り,0
109,77,り,0
109,78,り,0
109,79,り,0
109,80,り,30.570000000006985
109,81,り,30.570000000006985
109,82,り,30.570000000006985
109,83,り,0
109,84,り,0
109,85,り,0
109,86,り,0
110,76,り,0
110,77,り,0
110,78,り,0
110,79,り,0
110,80,り,0
110,81,り,0
110,82,り,0
110,83,り,0
110,84,り,0
110,85,り,0
110,86,り,0
111,76,り,0
111,77,り,0
111,78,り,0
111,79,り,0
111,80,り,0
111,81,り,0
111,82,り,0
111,83,り,0
111,84,り,0
111,85,り,0
111,86,り,0
112,76,り,0
112,77,り,0
112,78,り,0
112,79,り,0
112,80,り,0
112,81,り,0
112,82,り,0
112,83,り,0
112,84,り,0
112,85,り,0
112,86,り,0
113,76,り,0
113,77,り,0
113,78,り,0
113,79,り,0
113,80,り,0
113,81,り,0
113,82,り,0
113,83,り,0
113,84,り,0
113,85,り,0
113,86,り,0
114,76,り,0
114,77,り,0
114,78,り,0
114,79,り,0
114,80,り,0
114,81,り,0
114,82,り,0
114,83,り,0
114,84,り,0
114,85,り,0
114,86,り,0
115,76,り,0
115,77,り,0
115,78,り,0
115,79,り,0
115,80,り,0
115,81,り,0
115,82,り,0
115,83,り,0
115,84,り,0
115,85,り,0
115,86,り,0
116,76,り,0
116,77,り,0
116,78,り,0
116,79,り,0
116,80,り,0
116,81,り,0
116,82,り,0
116,83,り,0
116,84,り,0
116,85,り,0
116,86,り,0
116,76,締,0
116,77,締,0
116,78,締,0
116,79,締,0
116,80,締,0
116,81,締,0
116,82,締,0
116,83,締,0
116,84,締,0
116,85,締,0
116,86,締,0
117,76,締,0
117,77,締,0
117,78,締,0
117,79,締,0
117,80,締,0
117,81,締,0
117,82,締,0
117,83,締,0
117,84,締,0
117,85,締,0
117,86,締,0
118,76,締,0
118,77,締,0
118,78,締,0
118,79,締,0
118,80,締,0
118,81,締,0
118,82,締,0
118,83,締,0
118,84,締,0
118,85,締,0
118,86,締,0
119,76,締,0
119,77,締,0
119,78,締,0
119,79,締,0
119,80,締,60.15000000000873
119,81,締,60.15000000000873
119,82,締,60.15000000000873
119,83,締,0
119,84,締,0
119,85,締,0
119,86,締,0
120,76,締,0
120,77,締,0
120,78,締,0
120,79,締,0
120,80,締,89.22999999999593
120,81,締,89.22999999999593
120,82,締,89.22999999999593
120,83,締,0
120,84,締,0
120,85,締,0
120,86,締,0
121,76,締,0
121,77,締,0
121,78,締,0
121,79,締,0
121,80,締,121.94999999999709
121,81,締,121.94999999999709
121,82,締,121.94999999999709
121,83,締,0
121,84,締,0
121,85,締,0
121,86,締,0
122,76,締,0
122,77,締,0
122,78,締,0
122,79,締,0
122,80,締,61.79999999998836
122,81,締,61.79999999998836
122,82,締,61.79999999998836
122,83,締,0
122,84,締,0
122,85,締,0
122,86,締,0
123,76,締,0
123,77,締,0
123,78,締,0
123,79,締,0
123,80,締,32.720000000001164
123,81,締,32.720000000001164
123,82,締,32.720000000001164
123,83,締,0
123,84,締,0
123,85,締,0
123,86,締,0
123,76,め,0
123,77,め,0
123,78,め,0
123,79,め,0
123,80,め,32.720000000001164
123,81,め,32.720000000001164
123,82,め,32.720000000001164
123,83,め,0
123,84,め,0
123,85,め,0
123,86,め,0
124,76,め,0
124,77,め,0
124,78,め,0
124,79,め,0
124,80,め,0
124,81,め,0
124,82,め,0
124,83,め,0
124,84,め,0
124,85,め,0
124,86,め,0
125,76,め,0
125,77,め,0
125,78,め,0
125,79,め,0
125,80,め,0
125,81,め,0
125,82,め,0
125,83,め,0
125,84,め,0
125,85,め,0
125,86,め,0
126,76,め,0
126,77,め,0
126,78,め,0
126,79,め,0
126,80,め,0
126,81,め,0
126,82,め,0
126,83,め,0
126,84,め,0
126,85,め,0
126,86,め,0
127,76,め,0
127,77,め,0
127,78,め,0
127,79,め,0
127,80,め,0
127,81,め,0
127,82,め,0
127,83,め,0
127,84,め,0
127,85,め,0
127,86,め,0
128,76,め,0
128,77,め,0
128,78,め,0
128,79,め,0
128,80,め,0
128,81,め,0
128,82,め,0
128,83,め,0
128,84,め,0
128,85,め,0
128,86,め,0
129,76,め,0
129,77,め,0
129,78,め,0
129,79,め,0
129,80,め,0
129,81,め,0
129,82,め,0
129,83,め,0
129,84,め,0
129,85,め,0
129,86,め,0
129,76,直,0
129,77,直,0
129,78,直,0
129,79,直,0
129,80,直,0
129,81,直,0
129,82,直,0
129,83,直,0
129,84,直,0
129,85,直,0
129,86,直,0
130,76,直,0
130,77,直,0
130,78,直,0
130,79,直,0
130,80,直,0
130,81,直,0
130,82,直,0
130,83,直,0
130,84,直,0
130,85,直,0
130,86,直,0
131,76,直,0
131,77,直,0
131,78,直,0
131,79,直,0
131,80,直,36.16000000000349
131,81,直,36.16000000000349
131,82,直,36.16000000000349
131,83,直,0
131,84,直,0
131,85,直,0
131,86,直,0
132,76,直,0
132,77,直,0
132,78,直,0
132,79,直,0
132,80,直,36.16000000000349
132,81,直,36.16000000000349
132,82,直,36.16000000000349
132,83,直,0
132,84,直,0
132,85,直,0
132,86,直,0
133,76,直,0
133,77,直,0
133,78,直,0
133,79,直,0
133,80,直,36.16000000000349
133,81,直,36.16000000000349
133,82,直,36.16000000000349
133,83,直,0
133,84,直,0
133,85,直,0
133,86,直,0
134,76,直,0
134,77,直,0
134,78,直,0
134,79,直,0
134,80,直,30.669999999998254
134,81,直,30.669999999998254
134,82,直,30.669999999998254
134,83,直,0
134,84,直,0
134,85,直,0
134,86,直,0
135,76,直,0
135,77,直,0
135,78,直,0
135,79,直,0
135,80,直,30.669999999998254
135,81,直,30.669999999998254
135,82,直,30.669999999998254
135,83,直,0
135,84,直,0
135,85,直,0
135,86,直,0
136,76,直,0
136,77,直,0
136,78,直,0
136,79,直,0
136,80,直,30.669999999998254
136,81,直,30.669999999998254
136,82,直,30.669999999998254
136,83,直,0
136,84,直,0
136,85,直,0
136,86,直,0
136,76,す,0
136,77,す,0
136,78,す,0
136,79,す,0
136,80,す,30.669999999998254
136,81,す,30.669999999998254
136,82,す,30.669999999998254
136,83,す,0
136,84,す,0
136,85,す,0
136,86,す,0
137,76,す,0
137,77,す,0
137,78,す,0
137,79,す,0
137,80,す,0
137,81,す,0
137,82,す,0
137,83,す,0
137,84,す,0
137,85,す,0
137,86,す,0
138,76,す,0
138,77,す,0
138,78,す,0
138,79,す,0
138,80,す,0
138,81,す,0
138,82,す,0
138,83,す,0
138,84,す,0
138,85,す,0
138,86,す,0
139,76,す,0
139,77,す,0
139,78,す,0
139,79,す,0
139,80,す,0
139,81,す,0
139,82,す,0
139,83,す,0
139,84,す,0
139,85,す,0
139,86,す,0
140,76,す,0
140,77,す,0
140,78,す,0
140,79,す,0
140,80,す,0
140,81,す,0
140,82,す,0
140,83,す,0
140,84,す,0
140,85,す,0
140,86,す,0
141,76,す,0
141,77,す,0
141,78,す,0
141,79,す,0
141,80,す,0
141,81,す,0
141,82,す,0
141,83,す,0
141,84,す,0
141,85,す,0
141,86,す,0
142,76,す,0
142,77,す,0
142,78,す,0
142,79,す,0
142,80,す,0
142,81,す,0
142,82,す,0
142,83,す,0
142,84,す,0
142,85,す,0
142,86,す,0
143,76,す,0
143,77,す,0
143,78,す,0
143,79,す,0
143,80,す,0
143,81,す,0
143,82,す,0
143,83,す,0
143,84,す,0
143,85,す,0
143,86,す,0
143,76,と,0
143,77,と,0
143,78,と,0
143,79,と,0
143,80,と,0
143,81,と,0
143,82,と,0
143,83,と,0
143,84,と,0
143,85,と,0
143,86,と,0
144,76,と,0
144,77,と,0
144,78,と,0
144,79,と,0
144,80,と,0
144,81,と,0
144,82,と,0
144,83,と,0
144,84,と,0
144,85,と,0
144,86,と,0
145,76,と,0
145,77,と,0
145,78,と,0
145,79,と,0
145,80,と,0
145,81,と,0
145,82,と,0
145,83,と,0
145,84,と,0
145,85,と,0
145,86,と,0
146,76,と,0
146,77,と,0
146,78,と,0
146,79,と,0
146,80,と,0
146,81,と,0
146,82,と,0
146,83,と,0
146,84,と,0
146,85,と,0
146,86,と,0
147,76,と,0
147,77,と,0
147,78,と,0
147,79,と,0
147,80,と,0
147,81,と,0
147,82,と,0
147,83,と,0
147,84,と,0
147,85,と,0
147,86,と,0
148,76,と,0
148,77,と,0
148,78,と,0
148,79,と,0
148,80,と,0
148,81,と,0
148,82,と,0
148,83,と,0
148,84,と,0
148,85,と,0
148,86,と,0
149,76,と,0
149,77,と,0
149,78,と,0
149,79,と,0
149,80,と,0
149,81,と,0
149,82,と,0
149,83,と,0
149,84,と,0
149,85,と,0
149,86,と,0
150,76,と,0
150,77,と,0
150,78,と,0
150,79,と,0
150,80,と,0
150,81,と,0
150,82,と,0
150,83,と,0
150,84,と,0
150,85,と,0
150,86,と,0
150,76,、,0
150,77,、,0
150,78,、,0
150,79,、,0
150,80,、,0
150,81,、,0
150,82,、,0
150,83,、,0
150,84,、,0
150,85,、,0
150,86,、,0
151,76,、,0
151,77,、,0
151,78,、,0
151,79,、,0
151,80,、,0
151,81,、,0
151,82,、,0
151,83,、,0
151,84,、,0
151,85,、,0
151,86,、,0
152,76,、,0
152,77,、,0
152,78,、,0
152,79,、,0
152,80,、,33.38999999999942
152,81,、,33.38999999999942
152,82,、,33.38999999999942
152,83,、,0
152,84,、,0
152,85,、,0
152,86,、,0
153,76,、,0
153,77,、,0
153,78,、,0
153,79,、,0
153,80,、,33.38999999999942
153,81,、,33.38999999999942
153,82,、,33.38999999999942
153,83,、,0
153,84,、,0
153,85,、,0
153,86,、,0
154,76,、,0
154,77,、,0
154,78,、,0
154,79,、,0
154,80,、,33.38999999999942
154,81,、,33.38999999999942
154,82,、,33.38999999999942
154,83,、,0
154,84,、,0
154,85,、,0
154,86,、,0
155,76,、,0
155,77,、,0
155,78,、,0
155,79,、,0
155,80,、,0
155,81,、,0
155,82,、,0
155,83,、,0
155,84,、,0
155,85,、,0
155,86,、,0
156,76,、,0
156,77,、,0
156,78,、,0
156,79,、,0
156,80,、,0
156,81,、,0
156,82,、,0
156,83,、,0
156,84,、,0
156,85,、,0
156,86,、,0
156,76,圧,0
156,77,圧,0
156,78,圧,0
156,79,圧,0
156,80,圧,0
156,81,圧,0
156,82,圧,0
156,83,圧,0
156,84,圧,0
156,85,圧,0
156,86,圧,0
157,76,圧,0
157,77,圧,0
157,78,圧,0
157,79,圧,0
157,80,圧,30.19000000000233
157,81,圧,30.19000000000233
157,82,圧,30.19000000000233
157,83,圧,0
157,84,圧,0
157,85,圧,0
157,86,圧,0
158,76,圧,0
158,77,圧,0
158,78,圧,0
158,79,圧,0
158,80,圧,30.19000000000233
158,81,圧,30.19000000000233
158,82,圧,30.19000000000233
158,83,圧,0
158,84,圧,0
158,85,圧,0
158,86,圧,0
159,76,圧,0
159,77,圧,0
159,78,圧,0
159,79,圧,0
159,80,圧,30.19000000000233
159,81,圧,30.19000000000233
159,82,圧,30.19000000000233
159,83,圧,0
159,84,圧,0
159,85,圧,0
159,86,圧,0
160,76,圧,0
160,77,圧,0
160,78,圧,0
160,79,圧,0
160,80,圧,0
160,81,圧,0
160,82,圧,0
160,83,圧,0
160,84,圧,0
160,85,圧,0
160,86,圧,0
161,76,圧,0
161,77,圧,0
161,78,圧,0
161,79,圧,0
161,80,圧,0
161,81,圧,0
161,82,圧,0
161,83,圧,0
161,84,圧,0
161,85,圧,0
161,86,圧,0
162,76,圧,0
162,77,圧,0
162,78,圧,0
162,79,圧,0
162,80,圧,0
162,81,圧,0
162,82,圧,0
162,83,圧,0
162,84,圧,0
162,85,圧,0
162,86,圧,0
163,76,圧,0
163,77,圧,0
163,78,圧,0
163,79,圧,0
163,80,圧,0
163,81,圧,0
163,82,圧,0
163,83,圧,0
163,84,圧,0
163,85,圧,0
163,86,圧,0
163,76,力,0
163,77,力,0
163,78,力,0
163,79,力,0
163,80,力,0
163,81,力,0
163,82,力,0
163,83,力,0
163,84,力,0
163,85,力,0
163,86,力,0
164,76,力,0
164,77,力,0
164,78,力,0
164,79,力,0
164,80,力,0
164,81,力,0
164,82,力,0
164,83,力,0
164,84,力,0
164,85,力,0
164,86,力,0
165,76,力,0
165,77,力,0
165,78,力,0
165,79,力,0
165,80,力,0
165,81,力,0
165,82,力,0
165,83,力,0
165,84,力,0
165,85,力,0
165,86,力,0
166,76,力,0
166,77,力,0
166,78,力,0
166,79,力,0
166,80,力,0
166,81,力,0
166,82,力,0
166,83,力,0
166,84,力,0
166,85,力,0
166,86,力,0
167,76,力,0
167,77,力,0
167,78,力,0
167,79,力,0
167,80,力,0
167,81,力,0
167,82,力,0
167,83,力,0
167,84,力,0
167,85,力,0
167,86,力,0
168,76,力,0
168,77,力,0
168,78,力,0
168,79,力,0
168,80,力,0
168,81,力,0
168,82,力,0
168,83,力,0
168,84,力,0
168,85,力,0
168,86,力,0
169,76,力,0
169,77,力,0
169,78,力,0
169,79,力,0
169,80,力,0
169,81,力,0
169,82,力,0
169,83,力,0
169,84,力,0
169,85,力,0
169,86,力,0
170,76,力,0
170,77,力,0
170,78,力,0
170,79,力,0
170,80,力,0
170,81,力,0
170,82,力,0
170,83,力,0
170,84,力,0
170,85,力,0
170,86,力,0
170,76,は,0
170,77,は,0
170,78,は,0
170,79,は,0
170,80,は,0
170,81,は,0
170,82,は,0
170,83,は,0
170,84,は,0
170,85,は,0
170,86,は,0
171,76,は,0
171,77,は,0
171,78,は,0
171,79,は,0
171,80,は,0
171,81,は,0
171,82,は,0
171,83,は,0
171,84,は,0
171,85,は,0
171,86,は,0
172,76,は,0
172,77,は,0
172,78,は,0
172,79,は,0
172,80,は,0
172,81,は,0
172,82,は,0
172,83,は,0
172,84,は,0
172,85,は,0
172,86,は,0
173,76,は,0
173,77,は,0
173,78,は,0
173,79,は,0
173,80,は,0
173,81,は,0
173,82,は,0
173,83,は,0
173,84,は,0
173,85,は,0
173,86,は,0
174,76,は,0
174,77,は,0
174,78,は,0
174,79,は,0
174,80,は,0
174,81,は,0
174,82,は,0
174,83,は,0
174,84,は,0
174,85,は,0
174,86,は,0
175,76,は,0
175,77,は,0
175,78,は,0
175,79,は,0
175,80,は,0
175,81,は,0
175,82,は,0
175,83,は,0
175,84,は,0
175,85,は,0
175,86,は,0
176,76,は,0
176,77,は,0
176,78,は,0
176,79,は,0
176,80,は,0
176,81,は,0
176,82,は,0
176,83,は,0
176,84,は,0
176,85,は,0
176,86,は,0
177,76,は,0
177,77,は,0
177,78,は,0
177,79,は,0
177,80,は,0
177,81,は,0
177,82,は,0
177,83,は,0
177,84,は,0
177,85,は,0
177,86,は,0
177,76,元,0
177,77,元,0
177,78,元,0
177,79,元,0
177,80,元,0
177,81,元,0
177,82,元,0
177,83,元,0
177,84,元,0
177,85,元,0
177,86,元,0
178,76,元,0
178,77,元,0
178,78,元,0
178,79,元,0
178,80,元,0
178,81,元,0
178,82,元,0
178,83,元,0
178,84,元,0
178,85,元,0
178,86,元,0
179,76,元,0
179,77,元,0
179,78,元,0
179,79,元,0
179,80,元,45.929999999993015
179,81,元,45.929999999993015
179,82,元,45.929999999993015
179,83,元,0
179,84,元,0
179,85,元,0
179,86,元,0
180,76,元,0
180,77,元,0
180,78,元,0
180,79,元,0
180,80,元,45.929999999993015
180,81,元,45.929999999993015
180,82,元,45.929999999993015
180,83,元,0
180,84,元,0
180,85,元,0
180,86,元,0
181,76,元,0
181,77,元,0
181,78,元,0
181,79,元,0
181,80,元,45.929999999993015
181,81,元,45.929999999993015
181,82,元,45.929999999993015
181,83,元,0
181,84,元,0
181,85,元,0
181,86,元,0
182,76,元,0
182,77,元,0
182,78,元,0
182,79,元,0
182,80,元,0
182,81,元,0
182,82,元,0
182,83,元,0
182,84,元,0
182,85,元,0
182,86,元,0
183,76,元,0
183,77,元,0
183,78,元,0
183,79,元,0
183,80,元,0
183,81,元,0
183,82,元,0
183,83,元,0
183,84,元,0
183,85,元,0
183,86,元,0
183,76,に,0
183,77,に,0
183,78,に,0
183,79,に,0
183,80,に,0
183,81,に,0
183,82,に,0
183,83,に,0
183,84,に,0
183,85,に,0
183,86,に,0
184,76,に,0
184,77,に,0
184,78,に,0
184,79,に,0
184,80,に,0
184,81,に,0
184,82,に,0
184,83,に,0
184,84,に,0
184,85,に,0
184,86,に,0
185,76,に,0
185,77,に,0
185,78,に,0
185,79,に,0
185,80,に,0
185,81,に,0
185,82,に,0
185,83,に,0
185,84,に,0
185,85,に,0
185,86,に,0
186,76,に,0
186,77,に,0
186,78,に,0
186,79,に,0
186,80,に,0
186,81,に,0
186,82,に,0
186,83,に,0
186,84,に,0
186,85,に,0
186,86,に,0
187,76,に,0
187,77,に,0
187,78,に,0
187,79,に,0
187,80,に,0
187,81,に,0
187,82,に,0
187,83,に,0
187,84,に,0
187,85,に,0
187,86,に,0
188,76,に,0
188,77,に,0
188,78,に,0
188,79,に,0
188,80,に,0
188,81,に,0
188,82,に,0
188,83,に,0
188,84,に,0
188,85,に,0
188,86,に,0
189,76,に,0
189,77,に,0
189,78,に,0
189,79,に,0
189,80,に,33.81999999999243
189,81,に,33.81999999999243
189,82,に,33.81999999999243
189,83,に,0
189,84,に,0
189,85,に,0
189,86,に,0
190,76,に,0
190,77,に,0
190,78,に,0
190,79,に,0
190,80,に,33.81999999999243
190,81,に,33.81999999999243
190,82,に,33.81999999999243
190,83,に,0
190,84,に,0
190,85,に,0
190,86,に,0
190,76,戻,0
190,77,戻,0
190,78,戻,0
190,79,戻,0
190,80,戻,33.81999999999243
190,81,戻,33.81999999999243
190,82,戻,33.81999999999243
190,83,戻,0
190,84,戻,0
190,85,戻,0
190,86,戻,0
191,76,戻,0
191,77,戻,0
191,78,戻,0
191,79,戻,0
191,80,戻,94.26999999998952
191,81,戻,94.26999999998952
191,82,戻,94.26999999998952
191,83,戻,0
191,84,戻,0
191,85,戻,0
191,86,戻,0
192,76,戻,0
192,77,戻,0
192,78,戻,0
192,79,戻,0
192,80,戻,96.90000000000873
192,81,戻,96.90000000000873
192,82,戻,96.90000000000873
192,83,戻,0
192,84,戻,0
192,85,戻,0
192,86,戻,0
193,76,戻,0
193,77,戻,0
193,78,戻,0
193,79,戻,0
193,80,戻,150.44000000001688
193,81,戻,150.44000000001688
193,82,戻,150.44000000001688
193,83,戻,0
193,84,戻,0
193,85,戻,0
193,86,戻,0
194,76,戻,0
194,77,戻,0
194,78,戻,0
194,79,戻,0
194,80,戻,89.99000000001979
194,81,戻,89.99000000001979
194,82,戻,89.99000000001979
194,83,戻,0
194,84,戻,0
194,85,戻,0
194,86,戻,0
195,76,戻,0
195,77,戻,0
195,78,戻,0
195,79,戻,0
195,80,戻,93.76000000000931
195,81,戻,93.76000000000931
195,82,戻,93.76000000000931
195,83,戻,0
195,84,戻,0
195,85,戻,0
195,86,戻,0
196,76,戻,0
196,77,戻,0
196,78,戻,0
196,79,戻,0
196,80,戻,40.220000000001164
196,81,戻,40.220000000001164
196,82,戻,40.220000000001164
196,83,戻,0
196,84,戻,0
196,85,戻,0
196,86,戻,0
197,76,戻,0
197,77,戻,0
197,78,戻,0
197,79,戻,0
197,80,戻,40.220000000001164
197,81,戻,40.220000000001164
197,82,戻,40.220000000001164
197,83,戻,0
197,84,戻,0
197,85,戻,0
197,86,戻,0
197,76,り,0
197,77,り,0
197,78,り,0
197,79,り,0
197,80,り,40.220000000001164
197,81,り,40.220000000001164
197,82,り,40.220000000001164
197,83,り,0
197,84,り,0
197,85,り,0
197,86,り,0
198,76,り,0
198,77,り,0
198,78,り,0
198,79,り,0
198,80,り,0
198,81,り,0
198,82,り,0
198,83,り,0
198,84,り,0
198,85,り,0
198,86,り,0
199,76,り,0
199,77,り,0
199,78,り,0
199,79,り,0
199,80,り,0
199,81,り,0
199,82,り,0
199,83,り,0
199,84,り,0
199,85,り,0
199,86,り,0
200,76,り,0
200,77,り,0
200,78,り,0
200,79,り,0
200,80,り,28.679999999993015
200,81,り,28.679999999993015
200,82,り,28.679999999993015
200,83,り,0
200,84,り,0
200,85,り,0
200,86,り,0
201,76,り,0
201,77,り,0
201,78,り,0
201,79,り,0
201,80,り,28.679999999993015
201,81,り,28.679999999993015
201,82,り,28.679999999993015
201,83,り,0
201,84,り,0
201,85,り,0
201,86,り,0
202,76,り,0
202,77,り,0
202,78,り,0
202,79,り,0
202,80,り,28.679999999993015
202,81,り,28.679999999993015
202,82,り,28.679999999993015
202,83,り,0
202,84,り,0
202,85,り,0
202,86,り,0
203,76,り,0
203,77,り,0
203,78,り,0
203,79,り,0
203,80,り,35.0
203,81,り,35.0
203,82,り,35.0
203,83,り,0
203,84,り,0
203,85,り,0
203,86,り,0
204,76,り,0
204,77,り,0
204,78,り,0
204,79,り,0
204,80,り,64.52000000000407
204,81,り,64.52000000000407
204,82,り,64.52000000000407
204,83,り,0
204,84,り,0
204,85,り,0
204,86,り,0
204,76,、,0
204,77,、,0
204,78,、,0
204,79,、,0
204,80,、,64.52000000000407
204,81,、,64.52000000000407
204,82,、,64.52000000000407
204,83,、,0
204,84,、,0
204,85,、,0
204,86,、,0
205,76,、,0
205,77,、,0
205,78,、,0
205,79,、,0
205,80,、,97.52000000000407
205,81,、,97.52000000000407
205,82,、,97.52000000000407
205,83,、,0
205,84,、,0
205,85,、,0
205,86,、,0
206,76,、,0
206,77,、,0
206,78,、,0
206,79,、,0
206,80,、,96.52000000000407
206,81,、,96.52000000000407
206,82,、,96.52000000000407
206,83,、,0
206,84,、,0
206,85,、,0
206,86,、,0
207,76,、,0
207,77,、,0
207,78,、,0
207,79,、,0
207,80,、,67.0
207,81,、,67.0
207,82,、,67.0
207,83,、,0
207,84,、,0
207,85,、,0
207,86,、,0
208,76,、,0
208,77,、,0
208,78,、,0
208,79,、,0
208,80,、,34.0
208,81,、,34.0
208,82,、,34.0
208,83,、,0
208,84,、,0
208,85,、,0
208,86,、,0
209,76,、,0
209,77,、,0
209,78,、,0
209,79,、,0
209,80,、,46.70999999999185
209,81,、,46.70999999999185
209,82,、,46.70999999999185
209,83,、,0
209,84,、,0
209,85,、,0
209,86,、,0
210,76,、,0
210,77,、,0
210,78,、,0
210,79,、,0
210,80,、,46.70999999999185
210,81,、,46.70999999999185
210,82,、,46.70999999999185
210,83,、,0
210,84,、,0
210,85,、,0
210,86,、,0
210,76,泡,0
210,77,泡,0
210,78,泡,0
210,79,泡,0
210,80,泡,46.70999999999185
210,81,泡,46.70999999999185
210,82,泡,46.70999999999185
210,83,泡,0
210,84,泡,0
210,85,泡,0
210,86,泡,0
211,76,泡,0
211,77,泡,0
211,78,泡,0
211,79,泡,0
211,80,泡,46.70999999999185
211,81,泡,46.70999999999185
211,82,泡,46.70999999999185
211,83,泡,0
211,84,泡,0
211,85,泡,0
211,86,泡,0
212,76,泡,0
212,77,泡,0
212,78,泡,0
212,79,泡,0
212,80,泡,0
212,81,泡,0
212,82,泡,0
212,83,泡,0
212,84,泡,0
212,85,泡,0
212,86,泡,0
213,76,泡,0
213,77,泡,0
213,78,泡,0
213,79,泡,0
213,80,泡,0
213,81,泡,0
213,82,泡,0
213,83,泡,0
213,84,泡,0
213,85,泡,0
213,86,泡,0
214,76,泡,0
214,77,泡,0
214,78,泡,0
214,79,泡,0
214,80,泡,29.080000000001746
214,81,泡,29.080000000001746
214,82,泡,29.080000000001746
214,83,泡,0
214,84,泡,0
214,85,泡,0
214,86,泡,0
215,76,泡,0
215,77,泡,0
215,78,泡,0
215,79,泡,0
215,80,泡,29.080000000001746
215,81,泡,29.080000000001746
215,82,泡,29.080000000001746
215,83,泡,0
215,84,泡,0
215,85,泡,0
215,86,泡,0
216,76,泡,0
216,77,泡,0
216,78,泡,0
216,79,泡,0
216,80,泡,29.080000000001746
216,81,泡,29.080000000001746
216,82,泡,29.080000000001746
216,83,泡,0
216,84,泡,0
216,85,泡,0
216,86,泡,0
217,76,泡,0
217,77,泡,0
217,78,泡,0
217,79,泡,0
217,80,泡,0
217,81,泡,0
217,82,泡,0
217,83,泡,0
217,84,泡,0
217,85,泡,0
217,86,泡,0
217,76,の,0
217,77,の,0
217,78,の,0
217,79,の,0
217,80,の,0
217,81,の,0
217,82,の,0
217,83,の,0
217,84,の,0
217,85,の,0
217,86,の,0
218,76,の,0
218,77,の,0
218,78,の,0
218,79,の,0
218,80,の,0
218,81,の,0
218,82,の,0
218,83,の,0
218,84,の,0
218,85,の,0
218,86,の,0
219,76,の,0
219,77,の,0
219,78,の,0
219,79,の,0
219,80,の,0
219,81,の,0
219,82,の,0
219,83,の,0
219,84,の,0
219,85,の,0
219,86,の,0
220,76,の,0
220,77,の,0
220,78,の,0
220,79,の,0
220,80,の,0
220,81,の,0
220,82,の,0
220,83,の,0
220,84,の,0
220,85,の,0
220,86,の,0
221,76,の,0
221,77,の,0
221,78,の,0
221,79,の,0
221,80,の,0
221,81,の,0
221,82,の,0
221,83,の,0
221,84,の,0
221,85,の,0
221,86,の,0
222,76,の,0
222,77,の,0
222,78,の,0
222,79,の,0
222,80,の,0
222,81,の,0
222,82,の,0
222,83,の,0
222,84,の,0
222,85,の,0
222,86,の,0
223,76,の,0
223,77,の,0
223,78,の,0
223,79,の,0
223,80,の,0
223,81,の,0
223,82,の,0
223,83,の,0
223,84,の,0
223,85,の,0
223,86,の,0
224,76,の,0
224,77,の,0
224,78,の,0
224,79,の,0
224,80,の,0
224,81,の,0
224,82,の,0
224,83,の,0
224,84,の,0
224,85,の,0
224,86,の,0
224,76,噴,0
224,77,噴,0
224,78,噴,0
224,79,噴,0
224,80,噴,0
224,81,噴,0
224,82,噴,0
224,83,噴,0
224,84,噴,0
224,85,噴,0
224,86,噴,0
225,76,噴,0
225,77,噴,0
225,78,噴,0
225,79,噴,0
225,80,噴,0
225,81,噴,0
225,82,噴,0
225,83,噴,0
225,84,噴,0
225,85,噴,0
225,86,噴,0
226,76,噴,0
226,77,噴,0
226,78,噴,0
226,79,噴,0
226,80,噴,36.669999999998254
226,81,噴,36.669999999998254
226,82,噴,36.669999999998254
226,83,噴,0
226,84,噴,0
226,85,噴,0
226,86,噴,0
227,76,噴,0
227,77,噴,0
227,78,噴,0
227,79,噴,0
227,80,噴,36.669999999998254
227,81,噴,36.669999999998254
227,82,噴,36.669999999998254
227,83,噴,0
227,84,噴,0
227,85,噴,0
227,86,噴,0
228,76,噴,0
228,77,噴,0
228,78,噴,0
228,79,噴,0
228,80,噴,36.669999999998254
228,81,噴,36.669999999998254
228,82,噴,36.669999999998254
228,83,噴,0
228,84,噴,0
228,85,噴,0
228,86,噴,0
229,76,噴,0
229,77,噴,0
229,78,噴,0
229,79,噴,0
229,80,噴,0
229,81,噴,0
229,82,噴,0
229,83,噴,0
229,84,噴,0
229,85,噴,0
229,86,噴,0
230,76,噴,0
230,77,噴,0
230,78,噴,0
230,79,噴,0
230,80,噴,31.0
230,81,噴,31.0
230,82,噴,31.0
230,83,噴,0
230,84,噴,0
230,85,噴,0
230,86,噴,0
231,76,噴,0
231,77,噴,0
231,78,噴,0
231,79,噴,0
231,80,噴,31.0
231,81,噴,31.0
231,82,噴,31.0
231,83,噴,0
231,84,噴,0
231,85,噴,0
231,86,噴,0
231,76,き,0
231,77,き,0
231,78,き,0
231,79,き,0
231,80,き,31.0
231,81,き,31.0
231,82,き,31.0
231,83,き,0
231,84,き,0
231,85,き,0
231,86,き,0
232,76,き,0
232,77,き,0
232,78,き,0
232,79,き,0
232,80,き,31.0
232,81,き,31.0
232,82,き,31.0
232,83,き,0
232,84,き,0
232,85,き,0
232,86,き,0
233,76,き,0
233,77,き,0
233,78,き,0
233,79,き,0
233,80,き,70.3300000000163
233,81,き,70.3300000000163
233,82,き,70.3300000000163
233,83,き,0
233,84,き,0
233,85,き,0
233,86,き,0
234,76,き,0
234,77,き,0
234,78,き,0
234,79,き,0
234,80,き,70.3300000000163
234,81,き,70.3300000000163
234,82,き,70.3300000000163
234,83,き,0
234,84,き,0
234,85,き,0
234,86,き,0
235,76,き,0
235,77,き,0
235,78,き,0
235,79,き,0
235,80,き,70.3300000000163
235,81,き,70.3300000000163
235,82,き,70.3300000000163
235,83,き,0
235,84,き,0
235,85,き,0
235,86,き,0
236,76,き,0
236,77,き,0
236,78,き,0
236,79,き,0
236,80,き,0
236,81,き,0
236,82,き,0
236,83,き,0
236,84,き,0
236,85,き,0
236,86,き,0
237,76,き,0
237,77,き,0
237,78,き,0
237,79,き,0
237,80,き,0
237,81,き,0
237,82,き,0
237,83,き,0
237,84,き,0
237,85,き,0
237,86,き,0
237,76,出,0
237,77,出,0
237,78,出,0
237,79,出,0
237,80,出,0
237,81,出,0
237,82,出,0
237,83,出,0
237,84,出,0
237,85,出,0
237,86,出,0
238,76,出,0
238,77,出,0
238,78,出,0
238,79,出,0
238,80,出,26.629999999990105
238,81,出,26.629999999990105
238,82,出,26.629999999990105
238,83,出,0
238,84,出,0
238,85,出,0
238,86,出,0
239,76,出,0
239,77,出,0
239,78,出,0
239,79,出,0
239,80,出,26.629999999990105
239,81,出,26.629999999990105
239,82,出,26.629999999990105
239,83,出,0
239,84,出,0
239,85,出,0
239,86,出,0
240,76,出,0
240,77,出,0
240,78,出,0
240,79,出,0
240,80,出,26.629999999990105
240,81,出,26.629999999990105
240,82,出,26.629999999990105
240,83,出,0
240,84,出,0
240,85,出,0
240,86,出,0
241,76,出,0
241,77,出,0
241,78,出,0
241,79,出,0
241,80,出,0
241,81,出,0
241,82,出,0
241,83,出,0
241,84,出,0
241,85,出,0
241,86,出,0
242,76,出,0
242,77,出,0
242,78,出,0
242,79,出,0
242,80,出,0
242,81,出,0
242,82,出,0
242,83,出,0
242,84,出,0
242,85,出,0
242,86,出,0
243,76,出,0
243,77,出,0
243,78,出,0
243,79,出,0
243,80,出,0
243,81,出,0
243,82,出,0
243,83,出,0
243,84,出,0
243,85,出,0
243,86,出,0
244,76,出,0
244,77,出,0
244,78,出,0
244,79,出,0
244,80,出,0
244,81,出,0
244,82,出,0
244,83,出,0
244,84,出,0
244,85,出,0
244,86,出,0
244,76,し,0
244,77,し,0
244,78,し,0
244,79,し,0
244,80,し,0
244,81,し,0
244,82,し,0
244,83,し,0
244,84,し,0
244,85,し,0
244,86,し,0
245,76,し,0
245,77,し,0
245,78,し,0
245,79,し,0
245,80,し,0
245,81,し,0
245,82,し,0
245,83,し,0
245,84,し,0
245,85,し,0
245,86,し,0
246,76,し,0
246,77,し,0
246,78,し,0
246,79,し,0
246,80,し,0
246,81,し,0
246,82,し,0
246,83,し,0
246,84,し,0
246,85,し,0
246,86,し,0
247,76,し,0
247,77,し,0
247,78,し,0
247,79,し,0
247,80,し,0
247,81,し,0
247,82,し,0
247,83,し,0
247,84,し,0
247,85,し,0
247,86,し,0
248,76,し,0
248,77,し,0
248,78,し,0
248,79,し,0
248,80,し,29.779999999998836
248,81,し,29.779999999998836
248,82,し,29.779999999998836
248,83,し,0
248,84,し,0
248,85,し,0
248,86,し,0
249,76,し,0
249,77,し,0
249,78,し,0
249,79,し,0
249,80,し,65.16999999999825
249,81,し,65.16999999999825
249,82,し,65.16999999999825
249,83,し,0
249,84,し,0
249,85,し,0
249,86,し,0
250,76,し,0
250,77,し,0
250,78,し,0
250,79,し,0
250,80,し,65.16999999999825
250,81,し,65.16999999999825
250,82,し,65.16999999999825
250,83,し,0
250,84,し,0
250,85,し,0
250,86,し,0
251,76,し,0
251,77,し,0
251,78,し,0
251,79,し,0
251,80,し,35.38999999999942
251,81,し,35.38999999999942
251,82,し,35.38999999999942
251,83,し,0
251,84,し,0
251,85,し,0
251,86,し,0
251,76,も,0
251,77,も,0
251,78,も,0
251,79,も,0
251,80,も,35.38999999999942
251,81,も,35.38999999999942
251,82,も,35.38999999999942
251,83,も,0
251,84,も,0
251,85,も,0
251,86,も,0
252,76,も,0
252,77,も,0
252,78,も,0
252,79,も,0
252,80,も,0
252,81,も,0
252,82,も,0
252,83,も,0
252,84,も,0
252,85,も,0
252,86,も,0
253,76,も,0
253,77,も,0
253,78,も,0
253,79,も,0
253,80,も,30.85000000000582
253,81,も,30.85000000000582
253,82,も,30.85000000000582
253,83,も,0
253,84,も,0
253,85,も,0
253,86,も,0
254,76,も,0
254,77,も,0
254,78,も,0
254,79,も,0
254,80,も,30.85000000000582
254,81,も,30.85000000000582
254,82,も,30.85000000000582
254,83,も,0
254,84,も,0
254,85,も,0
254,86,も,0
255,76,も,0
255,77,も,0
255,78,も,0
255,79,も,0
255,80,も,30.85000000000582
255,81,も,30.85000000000582
255,82,も,30.85000000000582
255,83,も,0
255,84,も,0
255,85,も,0
255,86,も,0
256,76,も,0
256,77,も,0
256,78,も,0
256,79,も,0
256,80,も,0
256,81,も,0
256,82,も,0
256,83,も,0
256,84,も,0
256,85,も,0
256,86,も,0
257,76,も,0
257,77,も,0
257,78,も,0
257,79,も,0
257,80,も,0
257,81,も,0
257,82,も,0
257,83,も,0
257,84,も,0
257,85,も,0
257,86,も,0
258,76,も,0
258,77,も,0
258,78,も,0
258,79,も,0
258,80,も,0
258,81,も,0
258,82,も,0
258,83,も,0
258,84,も,0
258,85,も,0
258,86,も,0
62,86,収,0
62,87,収,0
62,88,収,0
62,89,収,0
62,90,収,0
62,91,収,0
62,92,収,0
62,93,収,0
62,94,収,0
62,95,収,0
62,96,収,0
63,86,収,0
63,87,収,0
63,88,収,0
63,89,収,0
63,90,収,0
63,91,収,0
63,92,収,0
63,93,収,0
63,94,収,0
63,95,収,0
63,96,収,0
64,86,収,0
64,87,収,0
64,88,収,0
64,89,収,0
64,90,収,28.85000000000582
64,91,収,28.85000000000582
64,92,収,28.85000000000582
64,93,収,0
64,94,収,0
64,95,収,0
64,96,収,0
65,86,収,0
65,87,収,0
65,88,収,0
65,89,収,0
65,90,収,131.36999999999534
65,91,収,131.36999999999534
65,92,収,131.36999999999534
65,93,収,0
65,94,収,0
65,95,収,0
65,96,収,0
66,86,収,0
66,87,収,0
66,88,収,0
66,89,収,0
66,90,収,191.31999999999243
66,91,収,191.31999999999243
66,92,収,191.31999999999243
66,93,収,0
66,94,収,0
66,95,収,0
66,96,収,0
67,86,収,0
67,87,収,0
67,88,収,0
67,89,収,0
67,90,収,216.42999999999302
67,91,収,216.42999999999302
67,92,収,216.42999999999302
67,93,収,0
67,94,収,0
67,95,収,0
67,96,収,0
68,86,収,0
68,87,収,0
68,88,収,0
68,89,収,0
68,90,収,168.91999999999825
68,91,収,168.91999999999825
68,92,収,168.91999999999825
68,93,収,0
68,94,収,0
68,95,収,0
68,96,収,0
69,86,収,0
69,87,収,0
69,88,収,0
69,89,収,0
69,90,収,108.97000000000116
69,91,収,108.97000000000116
69,92,収,108.97000000000116
69,93,収,0
69,94,収,0
69,95,収,0
69,96,収,0
69,86,ま,0
69,87,ま,0
69,88,ま,0
69,89,ま,0
69,90,ま,108.97000000000116
69,91,ま,108.97000000000116
69,92,ま,108.97000000000116
69,93,ま,0
69,94,ま,0
69,95,ま,0
69,96,ま,0
70,86,ま,0
70,87,ま,0
70,88,ま,0
70,89,ま,0
70,90,ま,153.52000000000407
70,91,ま,153.52000000000407
70,92,ま,153.52000000000407
70,93,ま,0
70,94,ま,0
70,95,ま,0
70,96,ま,0
71,86,ま,0
71,87,ま,0
71,88,ま,0
71,89,ま,0
71,90,ま,173.56000000001222
71,91,ま,173.56000000001222
71,92,ま,173.56000000001222
71,93,ま,0
71,94,ま,0
71,95,ま,0
71,96,ま,0
72,86,ま,0
72,87,ま,0
72,88,ま,0
72,89,ま,0
72,90,ま,173.56000000001222
72,91,ま,173.56000000001222
72,92,ま,173.56000000001222
72,93,ま,0
72,94,ま,0
72,95,ま,0
72,96,ま,0
73,86,ま,0
73,87,ま,0
73,88,ま,0
73,89,ま,0
73,90,ま,146.75999999999476
73,91,ま,146.75999999999476
73,92,ま,146.75999999999476
73,93,ま,0
73,94,ま,0
73,95,ま,0
73,96,ま,0
74,86,ま,0
74,87,ま,0
74,88,ま,0
74,89,ま,0
74,90,ま,261.8399999999965
74,91,ま,261.8399999999965
74,92,ま,261.8399999999965
74,93,ま,0
74,94,ま,0
74,95,ま,0
74,96,ま,0
75,86,ま,0
75,87,ま,0
75,88,ま,0
75,89,ま,0
75,90,ま,297.50999999999476
75,91,ま,297.50999999999476
75,92,ま,297.50999999999476
75,93,ま,0
75,94,ま,0
75,95,ま,0
75,96,ま,0
75,86,っ,0
75,87,っ,0
75,88,っ,0
75,89,っ,0
75,90,っ,297.50999999999476
75,91,っ,297.50999999999476
75,92,っ,297.50999999999476
75,93,っ,0
75,94,っ,0
75,95,っ,0
75,96,っ,0
76,86,っ,0
76,87,っ,0
76,88,っ,0
76,89,っ,0
76,90,っ,252.89999999999418
76,91,っ,252.89999999999418
76,92,っ,252.89999999999418
76,93,っ,0
76,94,っ,0
76,95,っ,0
76,96,っ,0
77,86,っ,0
77,87,っ,0
77,88,っ,0
77,89,っ,0
77,90,っ,90.97999999999593
77,91,っ,90.97999999999593
77,92,っ,90.97999999999593
77,93,っ,0
77,94,っ,0
77,95,っ,0
77,96,っ,0
78,86,っ,0
78,87,っ,0
78,88,っ,0
78,89,っ,0
78,90,っ,55.30999999999767
78,91,っ,55.30999999999767
78,92,っ,55.30999999999767
78,93,っ,0
78,94,っ,0
78,95,っ,0
78,96,っ,0
79,86,っ,0
79,87,っ,0
79,88,っ,0
79,89,っ,0
79,90,っ,61.920000000012806
79,91,っ,61.920000000012806
79,92,っ,61.920000000012806
79,93,っ,0
79,94,っ,0
79,95,っ,0
79,96,っ,0
80,86,っ,0
80,87,っ,0
80,88,っ,0
80,89,っ,0
80,90,っ,63.870000000009895
80,91,っ,63.870000000009895
80,92,っ,63.870000000009895
80,93,っ,0
80,94,っ,0
80,95,っ,0
80,96,っ,0
81,86,っ,0
81,87,っ,0
81,88,っ,0
81,89,っ,0
81,90,っ,63.870000000009895
81,91,っ,63.870000000009895
81,92,っ,63.870000000009895
81,93,っ,0
81,94,っ,0
81,95,っ,0
81,96,っ,0
82,86,っ,0
82,87,っ,0
82,88,っ,0
82,89,っ,0
82,90,っ,60.91000000000349
82,91,っ,60.91000000000349
82,92,っ,60.91000000000349
82,93,っ,0
82,94,っ,0
82,95,っ,0
82,96,っ,0
82,86,た,0
82,87,た,0
82,88,た,0
82,89,た,0
82,90,た,60.91000000000349
82,91,た,60.91000000000349
82,92,た,60.91000000000349
82,93,た,0
82,94,た,0
82,95,た,0
82,96,た,0
83,86,た,0
83,87,た,0
83,88,た,0
83,89,た,0
83,90,た,30.75
83,91,た,30.75
83,92,た,30.75
83,93,た,0
83,94,た,0
83,95,た,0
83,96,た,0
84,86,た,0
84,87,た,0
84,88,た,0
84,89,た,0
84,90,た,30.75
84,91,た,30.75
84,92,た,30.75
84,93,た,0
84,94,た,0
84,95,た,0
84,96,た,0
85,86,た,0
85,87,た,0
85,88,た,0
85,89,た,0
85,90,た,60.98999999999069
85,91,た,60.98999999999069
85,92,た,60.98999999999069
85,93,た,0
85,94,た,0
85,95,た,0
85,96,た,0
86,86,た,0
86,87,た,0
86,88,た,0
86,89,た,0
86,90,た,60.98999999999069
86,91,た,60.98999999999069
86,92,た,60.98999999999069
86,93,た,0
86,94,た,0
86,95,た,0
86,96,た,0
87,86,た,0
87,87,た,0
87,88,た,0
87,89,た,0
87,90,た,60.98999999999069
87,91,た,60.98999999999069
87,92,た,60.98999999999069
87,93,た,0
87,94,た,0
87,95,た,0
87,96,た,0
88,86,た,0
88,87,た,0
88,88,た,0
88,89,た,0
88,90,た,106.21999999998661
88,91,た,106.21999999998661
88,92,た,106.21999999998661
88,93,た,0
88,94,た,0
88,95,た,0
88,96,た,0
89,86,た,0
89,87,た,0
89,88,た,0
89,89,た,0
89,90,た,106.21999999998661
89,91,た,106.21999999998661
89,92,た,106.21999999998661
89,93,た,0
89,94,た,0
89,95,た,0
89,96,た,0
89,86,。,0
89,87,。,0
89,88,。,0
89,89,。,0
89,90,。,106.21999999998661
89,91,。,106.21999999998661
89,92,。,106.21999999998661
89,93,。,0
89,94,。,0
89,95,。,0
89,96,。,0
90,86,。,0
90,87,。,0
90,88,。,0
90,89,。,0
90,90,。,106.21999999998661
90,91,。,106.21999999998661
90,92,。,106.21999999998661
90,93,。,0
90,94,。,0
90,95,。,0
90,96,。,0
91,86,。,0
91,87,。,0
91,88,。,0
91,89,。,0
91,90,。,0
91,91,。,0
91,92,。,0
91,93,。,0
91,94,。,0
91,95,。,0
91,96,。,0
92,86,。,0
92,87,。,0
92,88,。,0
92,89,。,0
92,90,。,65.58999999999651
92,91,。,65.58999999999651
92,92,。,65.58999999999651
92,93,。,0
92,94,。,0
92,95,。,0
92,96,。,0
93,86,。,0
93,87,。,0
93,88,。,0
93,89,。,0
93,90,。,65.58999999999651
93,91,。,65.58999999999651
93,92,。,65.58999999999651
93,93,。,0
93,94,。,0
93,95,。,0
93,96,。,0
94,86,。,0
94,87,。,0
94,88,。,0
94,89,。,0
94,90,。,65.58999999999651
94,91,。,65.58999999999651
94,92,。,65.58999999999651
94,93,。,0
94,94,。,0
94,95,。,0
94,96,。,0
95,86,。,0
95,87,。,0
95,88,。,0
95,89,。,0
95,90,。,31.810000000012224
95,91,。,31.810000000012224
95,92,。,31.810000000012224
95,93,。,0
95,94,。,0
95,95,。,0
95,96,。,0
96,86,。,0
96,87,。,0
96,88,。,0
96,89,。,0
96,90,。,31.810000000012224
96,91,。,31.810000000012224
96,92,。,31.810000000012224
96,93,。,0
96,94,。,0
96,95,。,0
96,96,。,0
96,86,空,0
96,87,空,0
96,88,空,0
96,89,空,0
96,90,空,31.810000000012224
96,91,空,31.810000000012224
96,92,空,31.810000000012224
96,93,空,0
96,94,空,0
96,95,空,0
96,96,空,0
97,86,空,0
97,87,空,0
97,88,空,0
97,89,空,0
97,90,空,31.810000000012224
97,91,空,31.810000000012224
97,92,空,31.810000000012224
97,93,空,0
97,94,空,0
97,95,空,0
97,96,空,0
98,86,空,0
98,87,空,0
98,88,空,0
98,89,空,0
98,90,空,0
98,91,空,0
98,92,空,0
98,93,空,0
98,94,空,0
98,95,空,0
98,96,空,0
99,86,空,0
99,87,空,0
99,88,空,0
99,89,空,0
99,90,空,27.510000000009313
99,91,空,27.510000000009313
99,92,空,27.510000000009313
99,93,空,0
99,94,空,0
99,95,空,0
99,96,空,0
100,86,空,0
100,87,空,0
100,88,空,0
100,89,空,0
100,90,空,27.510000000009313
100,91,空,27.510000000009313
100,92,空,27.510000000009313
100,93,空,0
100,94,空,0
100,95,空,0
100,96,空,0
101,86,空,0
101,87,空,0
101,88,空,0
101,89,空,0
101,90,空,27.510000000009313
101,91,空,27.510000000009313
101,92,空,27.510000000009313
101,93,空,0
101,94,空,0
101,95,空,0
101,96,空,0
102,86,空,0
102,87,空,0
102,88,空,0
102,89,空,0
102,90,空,30.269999999989523
102,91,空,30.269999999989523
102,92,空,30.269999999989523
102,93,空,0
102,94,空,0
102,95,空,0
102,96,空,0
102,86,木,0
102,87,木,0
102,88,木,0
102,89,木,0
102,90,木,30.269999999989523
102,91,木,30.269999999989523
102,92,木,30.269999999989523
102,93,木,0
102,94,木,0
102,95,木,0
102,96,木,0
103,86,木,0
103,87,木,0
103,88,木,0
103,89,木,0
103,90,木,30.269999999989523
103,91,木,30.269999999989523
103,92,木,30.269999999989523
103,93,木,0
103,94,木,0
103,95,木,0
103,96,木,0
104,86,木,0
104,87,木,0
104,88,木,0
104,89,木,0
104,90,木,30.269999999989523
104,91,木,30.269999999989523
104,92,木,30.269999999989523
104,93,木,0
104,94,木,0
104,95,木,0
104,96,木,0
105,86,木,0
105,87,木,0
105,88,木,0
105,89,木,0
105,90,木,0
105,91,木,0
105,92,木,0
105,93,木,0
105,94,木,0
105,95,木,0
105,96,木,0
106,86,木,0
106,87,木,0
106,88,木,0
106,89,木,0
106,90,木,54.39999999999418
106,91,木,54.39999999999418
106,92,木,54.39999999999418
106,93,木,0
106,94,木,0
106,95,木,0
106,96,木,0
107,86,木,0
107,87,木,0
107,88,木,0
107,89,木,0
107,90,木,86.5
107,91,木,86.5
107,92,木,86.5
107,93,木,0
107,94,木,0
107,95,木,0
107,96,木,0
108,86,木,0
108,87,木,0
108,88,木,0
108,89,木,0
108,90,木,86.5
108,91,木,86.5
108,92,木,86.5
108,93,木,0
108,94,木,0
108,95,木,0
108,96,木,0
109,86,木,0
109,87,木,0
109,88,木,0
109,89,木,0
109,90,木,32.10000000000582
109,91,木,32.10000000000582
109,92,木,32.10000000000582
109,93,木,0
109,94,木,0
109,95,木,0
109,96,木,0
109,86,の,0
109,87,の,0
109,88,の,0
109,89,の,0
109,90,の,32.10000000000582
109,91,の,32.10000000000582
109,92,の,32.10000000000582
109,93,の,0
109,94,の,0
109,95,の,0
109,96,の,0
110,86,の,0
110,87,の,0
110,88,の,0
110,89,の,0
110,90,の,34.25999999999476
110,91,の,34.25999999999476
110,92,の,34.25999999999476
110,93,の,0
110,94,の,0
110,95,の,0
110,96,の,0
111,86,の,0
111,87,の,0
111,88,の,0
111,89,の,0
111,90,の,34.25999999999476
111,91,の,34.25999999999476
111,92,の,34.25999999999476
111,93,の,0
111,94,の,0
111,95,の,0
111,96,の,0
112,86,の,0
112,87,の,0
112,88,の,0
112,89,の,0
112,90,の,34.25999999999476
112,91,の,34.25999999999476
112,92,の,34.25999999999476
112,93,の,0
112,94,の,0
112,95,の,0
112,96,の,0
113,86,の,0
113,87,の,0
113,88,の,0
113,89,の,0
113,90,の,0
113,91,の,0
113,92,の,0
113,93,の,0
113,94,の,0
113,95,の,0
113,96,の,0
114,86,の,0
114,87,の,0
114,88,の,0
114,89,の,0
114,90,の,126.72000000000116
114,91,の,126.72000000000116
114,92,の,126.72000000000116
114,93,の,0
114,94,の,0
114,95,の,0
114,96,の,0
115,86,の,0
115,87,の,0
115,88,の,0
115,89,の,0
115,90,の,126.72000000000116
115,91,の,126.72000000000116
115,92,の,126.72000000000116
115,93,の,0
115,94,の,0
115,95,の,0
115,96,の,0
116,86,の,0
116,87,の,0
116,88,の,0
116,89,の,0
116,90,の,190.0899999999965
116,91,の,190.0899999999965
116,92,の,190.0899999999965
116,93,の,0
116,94,の,0
116,95,の,0
116,96,の,0
116,86,カ,0
116,87,カ,0
116,88,カ,0
116,89,カ,0
116,90,カ,190.0899999999965
116,91,カ,190.0899999999965
116,92,カ,190.0899999999965
116,93,カ,0
116,94,カ,0
116,95,カ,0
116,96,カ,0
117,86,カ,0
117,87,カ,0
117,88,カ,0
117,89,カ,0
117,90,カ,112.2100000000064
117,91,カ,112.2100000000064
117,92,カ,112.2100000000064
117,93,カ,0
117,94,カ,0
117,95,カ,0
117,96,カ,0
118,86,カ,0
118,87,カ,0
118,88,カ,0
118,89,カ,0
118,90,カ,165.57000000000698
118,91,カ,165.57000000000698
118,92,カ,165.57000000000698
118,93,カ,0
118,94,カ,0
118,95,カ,0
118,96,カ,0
119,86,カ,0
119,87,カ,0
119,88,カ,0
119,89,カ,0
119,90,カ,168.38999999999942
119,91,カ,168.38999999999942
119,92,カ,168.38999999999942
119,93,カ,0
119,94,カ,0
119,95,カ,0
119,96,カ,0
120,86,カ,0
120,87,カ,0
120,88,カ,0
120,89,カ,0
120,90,カ,233.68999999998778
120,91,カ,233.68999999998778
120,92,カ,233.68999999998778
120,93,カ,0
120,94,カ,0
120,95,カ,0
120,96,カ,0
121,86,カ,0
121,87,カ,0
121,88,カ,0
121,89,カ,0
121,90,カ,218.01999999998952
121,91,カ,218.01999999998952
121,92,カ,218.01999999998952
121,93,カ,0
121,94,カ,0
121,95,カ,0
121,96,カ,0
122,86,カ,0
122,87,カ,0
122,88,カ,0
122,89,カ,0
122,90,カ,212.50000000001455
122,91,カ,212.50000000001455
122,92,カ,212.50000000001455
122,93,カ,0
122,94,カ,0
122,95,カ,0
122,96,カ,0
123,86,カ,0
123,87,カ,0
123,88,カ,0
123,89,カ,0
123,90,カ,202.35000000000582
123,91,カ,202.35000000000582
123,92,カ,202.35000000000582
123,93,カ,0
123,94,カ,0
123,95,カ,0
123,96,カ,0
123,86,ウ,0
123,87,ウ,0
123,88,ウ,0
123,89,ウ,0
123,90,ウ,202.35000000000582
123,91,ウ,202.35000000000582
123,92,ウ,202.35000000000582
123,93,ウ,0
123,94,ウ,0
123,95,ウ,0
123,96,ウ,0
124,86,ウ,0
124,87,ウ,0
124,88,ウ,0
124,89,ウ,0
124,90,ウ,193.09000000001106
124,91,ウ,193.09000000001106
124,92,ウ,193.09000000001106
124,93,ウ,0
124,94,ウ,0
124,95,ウ,0
124,96,ウ,0
125,86,ウ,0
125,87,ウ,0
125,88,ウ,0
125,89,ウ,0
125,90,ウ,132.41999999999825
125,91,ウ,132.41999999999825
125,92,ウ,132.41999999999825
125,93,ウ,0
125,94,ウ,0
125,95,ウ,0
125,96,ウ,0
126,86,ウ,0
126,87,ウ,0
126,88,ウ,0
126,89,ウ,0
126,90,ウ,65.11000000000058
126,91,ウ,65.11000000000058
126,92,ウ,65.11000000000058
126,93,ウ,0
126,94,ウ,0
126,95,ウ,0
126,96,ウ,0
127,86,ウ,0
127,87,ウ,0
127,88,ウ,0
127,89,ウ,0
127,90,ウ,65.89999999999418
127,91,ウ,65.89999999999418
127,92,ウ,65.89999999999418
127,93,ウ,0
127,94,ウ,0
127,95,ウ,0
127,96,ウ,0
128,86,ウ,0
128,87,ウ,0
128,88,ウ,0
128,89,ウ,0
128,90,ウ,108.5
128,91,ウ,108.5
128,92,ウ,108.5
128,93,ウ,0
128,94,ウ,0
128,95,ウ,0
128,96,ウ,0
129,86,ウ,0
129,87,ウ,0
129,88,ウ,0
129,89,ウ,0
129,90,ウ,106.94000000000233
129,91,ウ,106.94000000000233
129,92,ウ,106.94000000000233
129,93,ウ,0
129,94,ウ,0
129,95,ウ,0
129,96,ウ,0
129,86,ン,0
129,87,ン,0
129,88,ン,0
129,89,ン,0
129,90,ン,106.94000000000233
129,91,ン,106.94000000000233
129,92,ン,106.94000000000233
129,93,ン,0
129,94,ン,0
129,95,ン,0
129,96,ン,0
130,86,ン,0
130,87,ン,0
130,88,ン,0
130,89,ン,0
130,90,ン,77.72000000000116
130,91,ン,77.72000000000116
130,92,ン,77.72000000000116
130,93,ン,0
130,94,ン,0
130,95,ン,0
130,96,ン,0
131,86,ン,0
131,87,ン,0
131,88,ン,0
131,89,ン,0
131,90,ン,35.11999999999534
131,91,ン,35.11999999999534
131,92,ン,35.11999999999534
131,93,ン,0
131,94,ン,0
131,95,ン,0
131,96,ン,0
132,86,ン,0
132,87,ン,0
132,88,ン,0
132,89,ン,0
132,90,ン,33.229999999995925
132,91,ン,33.229999999995925
132,92,ン,33.229999999995925
132,93,ン,0
132,94,ン,0
132,95,ン,0
132,96,ン,0
133,86,ン,0
133,87,ン,0
133,88,ン,0
133,89,ン,0
133,90,ン,33.229999999995925
133,91,ン,33.229999999995925
133,92,ン,33.229999999995925
133,93,ン,0
133,94,ン,0
133,95,ン,0
133,96,ン,0
134,86,ン,0
134,87,ン,0
134,88,ン,0
134,89,ン,0
134,90,ン,65.14999999999418
134,91,ン,65.14999999999418
134,92,ン,65.14999999999418
134,93,ン,0
134,94,ン,0
134,95,ン,0
134,96,ン,0
135,86,ン,0
135,87,ン,0
135,88,ン,0
135,89,ン,0
135,90,ン,31.919999999998254
135,91,ン,31.919999999998254
135,92,ン,31.919999999998254
135,93,ン,0
135,94,ン,0
135,95,ン,0
135,96,ン,0
136,86,ン,0
136,87,ン,0
136,88,ン,0
136,89,ン,0
136,90,ン,59.69999999999709
136,91,ン,59.69999999999709
136,92,ン,59.69999999999709
136,93,ン,0
136,94,ン,0
136,95,ン,0
136,96,ン,0
136,86,タ,0
136,87,タ,0
136,88,タ,0
136,89,タ,0
136,90,タ,59.69999999999709
136,91,タ,59.69999999999709
136,92,タ,59.69999999999709
136,93,タ,0
136,94,タ,0
136,95,タ,0
136,96,タ,0
137,86,タ,0
137,87,タ,0
137,88,タ,0
137,89,タ,0
137,90,タ,27.779999999998836
137,91,タ,27.779999999998836
137,92,タ,27.779999999998836
137,93,タ,0
137,94,タ,0
137,95,タ,0
137,96,タ,0
138,86,タ,0
138,87,タ,0
138,88,タ,0
138,89,タ,0
138,90,タ,27.779999999998836
138,91,タ,27.779999999998836
138,92,タ,27.779999999998836
138,93,タ,0
138,94,タ,0
138,95,タ,0
138,96,タ,0
139,86,タ,0
139,87,タ,0
139,88,タ,0
139,89,タ,0
139,90,タ,32.68000000000757
139,91,タ,32.68000000000757
139,92,タ,32.68000000000757
139,93,タ,0
139,94,タ,0
139,95,タ,0
139,96,タ,0
140,86,タ,0
140,87,タ,0
140,88,タ,0
140,89,タ,0
140,90,タ,32.68000000000757
140,91,タ,32.68000000000757
140,92,タ,32.68000000000757
140,93,タ,0
140,94,タ,0
140,95,タ,0
140,96,タ,0
141,86,タ,0
141,87,タ,0
141,88,タ,0
141,89,タ,0
141,90,タ,32.68000000000757
141,91,タ,32.68000000000757
141,92,タ,32.68000000000757
141,93,タ,0
141,94,タ,0
141,95,タ,0
141,96,タ,0
142,86,タ,0
142,87,タ,0
142,88,タ,0
142,89,タ,0
142,90,タ,65.8799999999901
142,91,タ,65.8799999999901
142,92,タ,65.8799999999901
142,93,タ,0
142,94,タ,0
142,95,タ,0
142,96,タ,0
143,86,タ,0
143,87,タ,0
143,88,タ,0
143,89,タ,0
143,90,タ,65.8799999999901
143,91,タ,65.8799999999901
143,92,タ,65.8799999999901
143,93,タ,0
143,94,タ,0
143,95,タ,0
143,96,タ,0
143,86,ー,0
143,87,ー,0
143,88,ー,0
143,89,ー,0
143,90,ー,65.8799999999901
143,91,ー,65.8799999999901
143,92,ー,65.8799999999901
143,93,ー,0
143,94,ー,0
143,95,ー,0
143,96,ー,0
144,86,ー,0
144,87,ー,0
144,88,ー,0
144,89,ー,0
144,90,ー,65.8799999999901
144,91,ー,65.8799999999901
144,92,ー,65.8799999999901
144,93,ー,0
144,94,ー,0
144,95,ー,0
144,96,ー,0
145,86,ー,0
145,87,ー,0
145,88,ー,0
145,89,ー,0
145,90,ー,128.93000000000757
145,91,ー,128.93000000000757
145,92,ー,128.93000000000757
145,93,ー,0
145,94,ー,0
145,95,ー,0
145,96,ー,0
146,86,ー,0
146,87,ー,0
146,88,ー,0
146,89,ー,0
146,90,ー,192.88000000000466
146,91,ー,192.88000000000466
146,92,ー,192.88000000000466
146,93,ー,0
146,94,ー,0
146,95,ー,0
146,96,ー,0
147,86,ー,0
147,87,ー,0
147,88,ー,0
147,89,ー,0
147,90,ー,222.1700000000128
147,91,ー,222.1700000000128
147,92,ー,222.1700000000128
147,93,ー,0
147,94,ー,0
147,95,ー,0
147,96,ー,0
148,86,ー,0
148,87,ー,0
148,88,ー,0
148,89,ー,0
148,90,ー,125.13999999999942
148,91,ー,125.13999999999942
148,92,ー,125.13999999999942
148,93,ー,0
148,94,ー,0
148,95,ー,0
148,96,ー,0
149,86,ー,0
149,87,ー,0
149,88,ー,0
149,89,ー,0
149,90,ー,90.43000000000757
149,91,ー,90.43000000000757
149,92,ー,90.43000000000757
149,93,ー,0
149,94,ー,0
149,95,ー,0
149,96,ー,0
150,86,ー,0
150,87,ー,0
150,88,ー,0
150,89,ー,0
150,90,ー,97.05999999999767
150,91,ー,97.05999999999767
150,92,ー,97.05999999999767
150,93,ー,0
150,94,ー,0
150,95,ー,0
150,96,ー,0
150,86,越,0
150,87,越,0
150,88,越,0
150,89,越,0
150,90,越,97.05999999999767
150,91,越,97.05999999999767
150,92,越,97.05999999999767
150,93,越,0
150,94,越,0
150,95,越,0
150,96,越,0
151,86,越,0
151,87,越,0
151,88,越,0
151,89,越,0
151,90,越,111.23000000001048
151,91,越,111.23000000001048
151,92,越,111.23000000001048
151,93,越,0
151,94,越,0
151,95,越,0
151,96,越,0
152,86,越,0
152,87,越,0
152,88,越,0
152,89,越,0
152,90,越,81.99000000000524
152,91,越,81.99000000000524
152,92,越,81.99000000000524
152,93,越,0
152,94,越,0
152,95,越,0
152,96,越,0
153,86,越,0
153,87,越,0
153,88,越,0
153,89,越,0
153,90,越,79.1700000000128
153,91,越,79.1700000000128
153,92,越,79.1700000000128
153,93,越,0
153,94,越,0
153,95,越,0
153,96,越,0
154,86,越,0
154,87,越,0
154,88,越,0
154,89,越,0
154,90,越,33.10000000000582
154,91,越,33.10000000000582
154,92,越,33.10000000000582
154,93,越,0
154,94,越,0
154,95,越,0
154,96,越,0
155,86,越,0
155,87,越,0
155,88,越,0
155,89,越,0
155,90,越,33.10000000000582
155,91,越,33.10000000000582
155,92,越,33.10000000000582
155,93,越,0
155,94,越,0
155,95,越,0
155,96,越,0
156,86,越,0
156,87,越,0
156,88,越,0
156,89,越,0
156,90,越,106.1699999999837
156,91,越,106.1699999999837
156,92,越,106.1699999999837
156,93,越,0
156,94,越,0
156,95,越,0
156,96,越,0
156,86,し,0
156,87,し,0
156,88,し,0
156,89,し,0
156,90,し,106.1699999999837
156,91,し,106.1699999999837
156,92,し,106.1699999999837
156,93,し,0
156,94,し,0
156,95,し,0
156,96,し,0
157,86,し,0
157,87,し,0
157,88,し,0
157,89,し,0
157,90,し,106.1699999999837
157,91,し,106.1699999999837
157,92,し,106.1699999999837
157,93,し,0
157,94,し,0
157,95,し,0
157,96,し,0
158,86,し,0
158,87,し,0
158,88,し,0
158,89,し,0
158,90,し,106.1699999999837
158,91,し,106.1699999999837
158,92,し,106.1699999999837
158,93,し,0
158,94,し,0
158,95,し,0
158,96,し,0
159,86,し,0
159,87,し,0
159,88,し,0
159,89,し,0
159,90,し,33.070000000006985
159,91,し,33.070000000006985
159,92,し,33.070000000006985
159,93,し,0
159,94,し,0
159,95,し,0
159,96,し,0
160,86,し,0
160,87,し,0
160,88,し,0
160,89,し,0
160,90,し,33.070000000006985
160,91,し,33.070000000006985
160,92,し,33.070000000006985
160,93,し,0
160,94,し,0
160,95,し,0
160,96,し,0
161,86,し,0
161,87,し,0
161,88,し,0
161,89,し,0
161,90,し,94.0800000000163
161,91,し,94.0800000000163
161,92,し,94.0800000000163
161,93,し,0
161,94,し,0
161,95,し,0
161,96,し,0
162,86,し,0
162,87,し,0
162,88,し,0
162,89,し,0
162,90,し,96.27999999999884
162,91,し,96.27999999999884
162,92,し,96.27999999999884
162,93,し,0
162,94,し,0
162,95,し,0
162,96,し,0
163,86,し,0
163,87,し,0
163,88,し,0
163,89,し,0
163,90,し,156.2100000000064
163,91,し,156.2100000000064
163,92,し,156.2100000000064
163,93,し,0
163,94,し,0
163,95,し,0
163,96,し,0
163,86,に,0
163,87,に,0
163,88,に,0
163,89,に,0
163,90,に,156.2100000000064
163,91,に,156.2100000000064
163,92,に,156.2100000000064
163,93,に,0
163,94,に,0
163,95,に,0
163,96,に,0
164,86,に,0
164,87,に,0
164,88,に,0
164,89,に,0
164,90,に,131.76999999998952
164,91,に,131.76999999998952
164,92,に,131.76999999998952
164,93,に,0
164,94,に,0
164,95,に,0
164,96,に,0
165,86,に,0
165,87,に,0
165,88,に,0
165,89,に,0
165,90,に,96.5
165,91,に,96.5
165,92,に,96.5
165,93,に,0
165,94,に,0
165,95,に,0
165,96,に,0
166,86,に,0
166,87,に,0
166,88,に,0
166,89,に,0
166,90,に,96.52999999999884
166,91,に,96.52999999999884
166,92,に,96.52999999999884
166,93,に,0
166,94,に,0
166,95,に,0
166,96,に,0
167,86,に,0
167,87,に,0
167,88,に,0
167,89,に,0
167,90,に,59.9600000000064
167,91,に,59.9600000000064
167,92,に,59.9600000000064
167,93,に,0
167,94,に,0
167,95,に,0
167,96,に,0
168,86,に,0
168,87,に,0
168,88,に,0
168,89,に,0
168,90,に,98.15000000000873
168,91,に,98.15000000000873
168,92,に,98.15000000000873
168,93,に,0
168,94,に,0
168,95,に,0
168,96,に,0
169,86,に,0
169,87,に,0
169,88,に,0
169,89,に,0
169,90,に,38.19000000000233
169,91,に,38.19000000000233
169,92,に,38.19000000000233
169,93,に,0
169,94,に,0
169,95,に,0
169,96,に,0
170,86,に,0
170,87,に,0
170,88,に,0
170,89,に,0
170,90,に,99.25999999999476
170,91,に,99.25999999999476
170,92,に,99.25999999999476
170,93,に,0
170,94,に,0
170,95,に,0
170,96,に,0
170,86,聞,0
170,87,聞,0
170,88,聞,0
170,89,聞,0
170,90,聞,99.25999999999476
170,91,聞,99.25999999999476
170,92,聞,99.25999999999476
170,93,聞,0
170,94,聞,0
170,95,聞,0
170,96,聞,0
171,86,聞,0
171,87,聞,0
171,88,聞,0
171,89,聞,0
171,90,聞,61.06999999999243
171,91,聞,61.06999999999243
171,92,聞,61.06999999999243
171,93,聞,0
171,94,聞,0
171,95,聞,0
171,96,聞,0
172,86,聞,0
172,87,聞,0
172,88,聞,0
172,89,聞,0
172,90,聞,61.06999999999243
172,91,聞,61.06999999999243
172,92,聞,61.06999999999243
172,93,聞,0
172,94,聞,0
172,95,聞,0
172,96,聞,0
173,86,聞,0
173,87,聞,0
173,88,聞,0
173,89,聞,0
173,90,聞,67.25999999999476
173,91,聞,67.25999999999476
173,92,聞,67.25999999999476
173,93,聞,0
173,94,聞,0
173,95,聞,0
173,96,聞,0
174,86,聞,0
174,87,聞,0
174,88,聞,0
174,89,聞,0
174,90,聞,67.25999999999476
174,91,聞,67.25999999999476
174,92,聞,67.25999999999476
174,93,聞,0
174,94,聞,0
174,95,聞,0
174,96,聞,0
175,86,聞,0
175,87,聞,0
175,88,聞,0
175,89,聞,0
175,90,聞,67.25999999999476
175,91,聞,67.25999999999476
175,92,聞,67.25999999999476
175,93,聞,0
175,94,聞,0
175,95,聞,0
175,96,聞,0
176,86,聞,0
176,87,聞,0
176,88,聞,0
176,89,聞,0
176,90,聞,35.49000000000524
176,91,聞,35.49000000000524
176,92,聞,35.49000000000524
176,93,聞,0
176,94,聞,0
176,95,聞,0
176,96,聞,0
177,86,聞,0
177,87,聞,0
177,88,聞,0
177,89,聞,0
177,90,聞,35.49000000000524
177,91,聞,35.49000000000524
177,92,聞,35.49000000000524
177,93,聞,0
177,94,聞,0
177,95,聞,0
177,96,聞,0
177,86,こ,0
177,87,こ,0
177,88,こ,0
177,89,こ,0
177,90,こ,35.49000000000524
177,91,こ,35.49000000000524
177,92,こ,35.49000000000524
177,93,こ,0
177,94,こ,0
177,95,こ,0
177,96,こ,0
178,86,こ,0
178,87,こ,0
178,88,こ,0
178,89,こ,0
178,90,こ,64.33000000000175
178,91,こ,64.33000000000175
178,92,こ,64.33000000000175
178,93,こ,0
178,94,こ,0
178,95,こ,0
178,96,こ,0
179,86,こ,0
179,87,こ,0
179,88,こ,0
179,89,こ,0
179,90,こ,153.47000000001572
179,91,こ,153.47000000001572
179,92,こ,153.47000000001572
179,93,こ,0
179,94,こ,0
179,95,こ,0
179,96,こ,0
180,86,こ,0
180,87,こ,0
180,88,こ,0
180,89,こ,0
180,90,こ,205.2100000000064
180,91,こ,205.2100000000064
180,92,こ,205.2100000000064
180,93,こ,0
180,94,こ,0
180,95,こ,0
180,96,こ,0
181,86,こ,0
181,87,こ,0
181,88,こ,0
181,89,こ,0
181,90,こ,205.8700000000099
181,91,こ,205.8700000000099
181,92,こ,205.8700000000099
181,93,こ,0
181,94,こ,0
181,95,こ,0
181,96,こ,0
182,86,こ,0
182,87,こ,0
182,88,こ,0
182,89,こ,0
182,90,こ,81.23999999999069
182,91,こ,81.23999999999069
182,92,こ,81.23999999999069
182,93,こ,0
182,94,こ,0
182,95,こ,0
182,96,こ,0
183,86,こ,0
183,87,こ,0
183,88,こ,0
183,89,こ,0
183,90,こ,90.5
183,91,こ,90.5
183,92,こ,90.5
183,93,こ,0
183,94,こ,0
183,95,こ,0
183,96,こ,0
183,86,え,0
183,87,え,0
183,88,え,0
183,89,え,0
183,90,え,90.5
183,91,え,90.5
183,92,え,90.5
183,93,え,0
183,94,え,0
183,95,え,0
183,96,え,0
184,86,え,0
184,87,え,0
184,88,え,0
184,89,え,0
184,90,え,112.25
184,91,え,112.25
184,92,え,112.25
184,93,え,0
184,94,え,0
184,95,え,0
184,96,え,0
185,86,え,0
185,87,え,0
185,88,え,0
185,89,え,0
185,90,え,165.16999999999825
185,91,え,165.16999999999825
185,92,え,165.16999999999825
185,93,え,0
185,94,え,0
185,95,え,0
185,96,え,0
186,86,え,0
186,87,え,0
186,88,え,0
186,89,え,0
186,90,え,140.30999999999767
186,91,え,140.30999999999767
186,92,え,140.30999999999767
186,93,え,0
186,94,え,0
186,95,え,0
186,96,え,0
187,86,え,0
187,87,え,0
187,88,え,0
187,89,え,0
187,90,え,118.63999999999942
187,91,え,118.63999999999942
187,92,え,118.63999999999942
187,93,え,0
187,94,え,0
187,95,え,0
187,96,え,0
188,86,え,0
188,87,え,0
188,88,え,0
188,89,え,0
188,90,え,97.29999999998836
188,91,え,97.29999999998836
188,92,え,97.29999999998836
188,93,え,0
188,94,え,0
188,95,え,0
188,96,え,0
189,86,え,0
189,87,え,0
189,88,え,0
189,89,え,0
189,90,え,93.33999999999651
189,91,え,93.33999999999651
189,92,え,93.33999999999651
189,93,え,0
189,94,え,0
189,95,え,0
189,96,え,0
190,86,え,0
190,87,え,0
190,88,え,0
190,89,え,0
190,90,え,127.15999999998894
190,91,え,127.15999999998894
190,92,え,127.15999999998894
190,93,え,0
190,94,え,0
190,95,え,0
190,96,え,0
190,86,た,0
190,87,た,0
190,88,た,0
190,89,た,0
190,90,た,127.15999999998894
190,91,た,127.15999999998894
190,92,た,127.15999999998894
190,93,た,0
190,94,た,0
190,95,た,0
190,96,た,0
191,86,た,0
191,87,た,0
191,88,た,0
191,89,た,0
191,90,た,127.80000000000291
191,91,た,127.80000000000291
191,92,た,127.80000000000291
191,93,た,0
191,94,た,0
191,95,た,0
191,96,た,0
192,86,た,0
192,87,た,0
192,88,た,0
192,89,た,0
192,90,た,160.00999999999476
192,91,た,160.00999999999476
192,92,た,160.00999999999476
192,93,た,0
192,94,た,0
192,95,た,0
192,96,た,0
193,86,た,0
193,87,た,0
193,88,た,0
193,89,た,0
193,90,た,96.61000000000058
193,91,た,96.61000000000058
193,92,た,96.61000000000058
193,93,た,0
193,94,た,0
193,95,た,0
193,96,た,0
194,86,た,0
194,87,た,0
194,88,た,0
194,89,た,0
194,90,た,126.90000000000873
194,91,た,126.90000000000873
194,92,た,126.90000000000873
194,93,た,0
194,94,た,0
194,95,た,0
194,96,た,0
195,86,た,0
195,87,た,0
195,88,た,0
195,89,た,0
195,90,た,128.47000000001572
195,91,た,128.47000000001572
195,92,た,128.47000000001572
195,93,た,0
195,94,た,0
195,95,た,0
195,96,た,0
196,86,た,0
196,87,た,0
196,88,た,0
196,89,た,0
196,90,た,156.2800000000134
196,91,た,156.2800000000134
196,92,た,156.2800000000134
196,93,た,0
196,94,た,0
196,95,た,0
196,96,た,0
197,86,た,0
197,87,た,0
197,88,た,0
197,89,た,0
197,90,た,157.42999999999302
197,91,た,157.42999999999302
197,92,た,157.42999999999302
197,93,た,0
197,94,た,0
197,95,た,0
197,96,た,0
197,86,騒,0
197,87,騒,0
197,88,騒,0
197,89,騒,0
197,90,騒,157.42999999999302
197,91,騒,157.42999999999302
197,92,騒,157.42999999999302
197,93,騒,0
197,94,騒,0
197,95,騒,0
197,96,騒,0
198,86,騒,0
198,87,騒,0
198,88,騒,0
198,89,騒,0
198,90,騒,127.69999999998254
198,91,騒,127.69999999998254
198,92,騒,127.69999999998254
198,93,騒,0
198,94,騒,0
198,95,騒,0
198,96,騒,0
199,86,騒,0
199,87,騒,0
199,88,騒,0
199,89,騒,0
199,90,騒,150.33999999998196
199,91,騒,150.33999999998196
199,92,騒,150.33999999998196
199,93,騒,0
199,94,騒,0
199,95,騒,0
199,96,騒,0
200,86,騒,0
200,87,騒,0
200,88,騒,0
200,89,騒,0
200,90,騒,142.38000000000466
200,91,騒,142.38000000000466
200,92,騒,142.38000000000466
200,93,騒,0
200,94,騒,0
200,95,騒,0
200,96,騒,0
201,86,騒,0
201,87,騒,0
201,88,騒,0
201,89,騒,0
201,90,騒,138.47000000000116
201,91,騒,138.47000000000116
201,92,騒,138.47000000000116
201,93,騒,0
201,94,騒,0
201,95,騒,0
201,96,騒,0
202,86,騒,0
202,87,騒,0
202,88,騒,0
202,89,騒,0
202,90,騒,88.02000000000407
202,91,騒,88.02000000000407
202,92,騒,88.02000000000407
202,93,騒,0
202,94,騒,0
202,95,騒,0
202,96,騒,0
203,86,騒,0
203,87,騒,0
203,88,騒,0
203,89,騒,0
203,90,騒,97.31999999999243
203,91,騒,97.31999999999243
203,92,騒,97.31999999999243
203,93,騒,0
203,94,騒,0
203,95,騒,0
203,96,騒,0
204,86,騒,0
204,87,騒,0
204,88,騒,0
204,89,騒,0
204,90,騒,98.5
204,91,騒,98.5
204,92,騒,98.5
204,93,騒,0
204,94,騒,0
204,95,騒,0
204,96,騒,0
204,86,音,0
204,87,音,0
204,88,音,0
204,89,音,0
204,90,音,98.5
204,91,音,98.5
204,92,音,98.5
204,93,音,0
204,94,音,0
204,95,音,0
204,96,音,0
205,86,音,0
205,87,音,0
205,88,音,0
205,89,音,0
205,90,音,98.5
205,91,音,98.5
205,92,音,98.5
205,93,音,0
205,94,音,0
205,95,音,0
205,96,音,0
206,86,音,0
206,87,音,0
206,88,音,0
206,89,音,0
206,90,音,64.05000000000291
206,91,音,64.05000000000291
206,92,音,64.05000000000291
206,93,音,0
206,94,音,0
206,95,音,0
206,96,音,0
207,86,音,0
207,87,音,0
207,88,音,0
207,89,音,0
207,90,音,30.55000000000291
207,91,音,30.55000000000291
207,92,音,30.55000000000291
207,93,音,0
207,94,音,0
207,95,音,0
207,96,音,0
208,86,音,0
208,87,音,0
208,88,音,0
208,89,音,0
208,90,音,61.05000000000291
208,91,音,61.05000000000291
208,92,音,61.05000000000291
208,93,音,0
208,94,音,0
208,95,音,0
208,96,音,0
209,86,音,0
209,87,音,0
209,88,音,0
209,89,音,0
209,90,音,64.3700000000099
209,91,音,64.3700000000099
209,92,音,64.3700000000099
209,93,音,0
209,94,音,0
209,95,音,0
209,96,音,0
210,86,音,0
210,87,音,0
210,88,音,0
210,89,音,0
210,90,音,64.3700000000099
210,91,音,64.3700000000099
210,92,音,64.3700000000099
210,93,音,0
210,94,音,0
210,95,音,0
210,96,音,0
210,86,は,0
210,87,は,0
210,88,は,0
210,89,は,0
210,90,は,64.3700000000099
210,91,は,64.3700000000099
210,92,は,64.3700000000099
210,93,は,0
210,94,は,0
210,95,は,0
210,96,は,0
211,86,は,0
211,87,は,0
211,88,は,0
211,89,は,0
211,90,は,74.20000000001164
211,91,は,74.20000000001164
211,92,は,74.20000000001164
211,93,は,0
211,94,は,0
211,95,は,0
211,96,は,0
212,86,は,0
212,87,は,0
212,88,は,0
212,89,は,0
212,90,は,87.88999999999942
212,91,は,87.88999999999942
212,92,は,87.88999999999942
212,93,は,0
212,94,は,0
212,95,は,0
212,96,は,0
213,86,は,0
213,87,は,0
213,88,は,0
213,89,は,0
213,90,は,87.88999999999942
213,91,は,87.88999999999942
213,92,は,87.88999999999942
213,93,は,0
213,94,は,0
213,95,は,0
213,96,は,0
214,86,は,0
214,87,は,0
214,88,は,0
214,89,は,0
214,90,は,47.55999999999767
214,91,は,47.55999999999767
214,92,は,47.55999999999767
214,93,は,0
214,94,は,0
214,95,は,0
214,96,は,0
215,86,は,0
215,87,は,0
215,88,は,0
215,89,は,0
215,90,は,23.569999999992433
215,91,は,23.569999999992433
215,92,は,23.569999999992433
215,93,は,0
215,94,は,0
215,95,は,0
215,96,は,0
216,86,は,0
216,87,は,0
216,88,は,0
216,89,は,0
216,90,は,53.73999999999069
216,91,は,53.73999999999069
216,92,は,53.73999999999069
216,93,は,0
216,94,は,0
216,95,は,0
216,96,は,0
217,86,は,0
217,87,は,0
217,88,は,0
217,89,は,0
217,90,は,81.77999999998428
217,91,は,81.77999999998428
217,92,は,81.77999999998428
217,93,は,0
217,94,は,0
217,95,は,0
217,96,は,0
217,86,客,0
217,87,客,0
217,88,客,0
217,89,客,0
217,90,客,81.77999999998428
217,91,客,81.77999999998428
217,92,客,81.77999999998428
217,93,客,0
217,94,客,0
217,95,客,0
217,96,客,0
218,86,客,0
218,87,客,0
218,88,客,0
218,89,客,0
218,90,客,58.20999999999185
218,91,客,58.20999999999185
218,92,客,58.20999999999185
218,93,客,0
218,94,客,0
218,95,客,0
218,96,客,0
219,86,客,0
219,87,客,0
219,88,客,0
219,89,客,0
219,90,客,124.05999999999767
219,91,客,124.05999999999767
219,92,客,124.05999999999767
219,93,客,0
219,94,客,0
219,95,客,0
219,96,客,0
220,86,客,0
220,87,客,0
220,88,客,0
220,89,客,0
220,90,客,134.49000000000524
220,91,客,134.49000000000524
220,92,客,134.49000000000524
220,93,客,0
220,94,客,0
220,95,客,0
220,96,客,0
221,86,客,0
221,87,客,0
221,88,客,0
221,89,客,0
221,90,客,257.75000000001455
221,91,客,257.75000000001455
221,92,客,257.75000000001455
221,93,客,0
221,94,客,0
221,95,客,0
221,96,客,0
222,86,客,0
222,87,客,0
222,88,客,0
222,89,客,0
222,90,客,193.59000000001106
222,91,客,193.59000000001106
222,92,客,193.59000000001106
222,93,客,0
222,94,客,0
222,95,客,0
222,96,客,0
223,86,客,0
223,87,客,0
223,88,客,0
223,89,客,0
223,90,客,216.2800000000134
223,91,客,216.2800000000134
223,92,客,216.2800000000134
223,93,客,0
223,94,客,0
223,95,客,0
223,96,客,0
224,86,客,0
224,87,客,0
224,88,客,0
224,89,客,0
224,90,客,161.55999999999767
224,91,客,161.55999999999767
224,92,客,161.55999999999767
224,93,客,0
224,94,客,0
224,95,客,0
224,96,客,0
224,86,席,0
224,87,席,0
224,88,席,0
224,89,席,0
224,90,席,161.55999999999767
224,91,席,161.55999999999767
224,92,席,161.55999999999767
224,93,席,0
224,94,席,0
224,95,席,0
224,96,席,0
225,86,席,0
225,87,席,0
225,88,席,0
225,89,席,0
225,90,席,243.4699999999866
225,91,席,243.4699999999866
225,92,席,243.4699999999866
225,93,席,0
225,94,席,0
225,95,席,0
225,96,席,0
226,86,席,0
226,87,席,0
226,88,席,0
226,89,席,0
226,90,席,182.30999999998312
226,91,席,182.30999999998312
226,92,席,182.30999999998312
226,93,席,0
226,94,席,0
226,95,席,0
226,96,席,0
227,86,席,0
227,87,席,0
227,88,席,0
227,89,席,0
227,90,席,144.75999999999476
227,91,席,144.75999999999476
227,92,席,144.75999999999476
227,93,席,0
227,94,席,0
227,95,席,0
227,96,席,0
228,86,席,0
228,87,席,0
228,88,席,0
228,89,席,0
228,90,席,100.7100000000064
228,91,席,100.7100000000064
228,92,席,100.7100000000064
228,93,席,0
228,94,席,0
228,95,席,0
228,96,席,0
229,86,席,0
229,87,席,0
229,88,席,0
229,89,席,0
229,90,席,134.1200000000099
229,91,席,134.1200000000099
229,92,席,134.1200000000099
229,93,席,0
229,94,席,0
229,95,席,0
229,96,席,0
230,86,席,0
230,87,席,0
230,88,席,0
230,89,席,0
230,90,席,134.4600000000064
230,91,席,134.4600000000064
230,92,席,134.4600000000064
230,93,席,0
230,94,席,0
230,95,席,0
230,96,席,0
231,86,席,0
231,87,席,0
231,88,席,0
231,89,席,0
231,90,席,125.30999999999767
231,91,席,125.30999999999767
231,92,席,125.30999999999767
231,93,席,0
231,94,席,0
231,95,席,0
231,96,席,0
231,86,に,0
231,87,に,0
231,88,に,0
231,89,に,0
231,90,に,125.30999999999767
231,91,に,125.30999999999767
231,92,に,125.30999999999767
231,93,に,0
231,94,に,0
231,95,に,0
231,96,に,0
232,86,に,0
232,87,に,0
232,88,に,0
232,89,に,0
232,90,に,124.75999999999476
232,91,に,124.75999999999476
232,92,に,124.75999999999476
232,93,に,0
232,94,に,0
232,95,に,0
232,96,に,0
233,86,に,0
233,87,に,0
233,88,に,0
233,89,に,0
233,90,に,149.3000000000029
233,91,に,149.3000000000029
233,92,に,149.3000000000029
233,93,に,0
233,94,に,0
233,95,に,0
233,96,に,0
234,86,に,0
234,87,に,0
234,88,に,0
234,89,に,0
234,90,に,88.73000000001048
234,91,に,88.73000000001048
234,92,に,88.73000000001048
234,93,に,0
234,94,に,0
234,95,に,0
234,96,に,0
235,86,に,0
235,87,に,0
235,88,に,0
235,89,に,0
235,90,に,237.16999999999825
235,91,に,237.16999999999825
235,92,に,237.16999999999825
235,93,に,0
235,94,に,0
235,95,に,0
235,96,に,0
236,86,に,0
236,87,に,0
236,88,に,0
236,89,に,0
236,90,に,261.2299999999959
236,91,に,261.2299999999959
236,92,に,261.2299999999959
236,93,に,0
236,94,に,0
236,95,に,0
236,96,に,0
237,86,に,0
237,87,に,0
237,88,に,0
237,89,に,0
237,90,に,291.5899999999965
237,91,に,291.5899999999965
237,92,に,291.5899999999965
237,93,に,0
237,94,に,0
237,95,に,0
237,96,に,0
237,86,筒,0
237,87,筒,0
237,88,筒,0
237,89,筒,0
237,90,筒,291.5899999999965
237,91,筒,291.5899999999965
237,92,筒,291.5899999999965
237,93,筒,0
237,94,筒,0
237,95,筒,0
237,96,筒,0
238,86,筒,0
238,87,筒,0
238,88,筒,0
238,89,筒,0
238,90,筒,110.29000000000815
238,91,筒,110.29000000000815
238,92,筒,110.29000000000815
238,93,筒,0
238,94,筒,0
238,95,筒,0
238,96,筒,0
239,86,筒,0
239,87,筒,0
239,88,筒,0
239,89,筒,0
239,90,筒,96.66999999999825
239,91,筒,96.66999999999825
239,92,筒,96.66999999999825
239,93,筒,0
239,94,筒,0
239,95,筒,0
239,96,筒,0
240,86,筒,0
240,87,筒,0
240,88,筒,0
240,89,筒,0
240,90,筒,97.47000000000116
240,91,筒,97.47000000000116
240,92,筒,97.47000000000116
240,93,筒,0
240,94,筒,0
240,95,筒,0
240,96,筒,0
241,86,筒,0
241,87,筒,0
241,88,筒,0
241,89,筒,0
241,90,筒,196.49999999998545
241,91,筒,196.49999999998545
241,92,筒,196.49999999998545
241,93,筒,0
241,94,筒,0
241,95,筒,0
241,96,筒,0
242,86,筒,0
242,87,筒,0
242,88,筒,0
242,89,筒,0
242,90,筒,157.49999999998545
242,91,筒,157.49999999998545
242,92,筒,157.49999999998545
242,93,筒,0
242,94,筒,0
242,95,筒,0
242,96,筒,0
243,86,筒,0
243,87,筒,0
243,88,筒,0
243,89,筒,0
243,90,筒,126.33999999998196
243,91,筒,126.33999999998196
243,92,筒,126.33999999998196
243,93,筒,0
243,94,筒,0
243,95,筒,0
243,96,筒,0
244,86,筒,0
244,87,筒,0
244,88,筒,0
244,89,筒,0
244,90,筒,91.40000000000873
244,91,筒,91.40000000000873
244,92,筒,91.40000000000873
244,93,筒,0
244,94,筒,0
244,95,筒,0
244,96,筒,0
244,86,抜,0
244,87,抜,0
244,88,抜,0
244,89,抜,0
244,90,抜,91.40000000000873
244,91,抜,91.40000000000873
244,92,抜,91.40000000000873
244,93,抜,0
244,94,抜,0
244,95,抜,0
244,96,抜,0
245,86,抜,0
245,87,抜,0
245,88,抜,0
245,89,抜,0
245,90,抜,64.09000000001106
245,91,抜,64.09000000001106
245,92,抜,64.09000000001106
245,93,抜,0
245,94,抜,0
245,95,抜,0
245,96,抜,0
246,86,抜,0
246,87,抜,0
246,88,抜,0
246,89,抜,0
246,90,抜,95.16000000000349
246,91,抜,95.16000000000349
246,92,抜,95.16000000000349
246,93,抜,0
246,94,抜,0
246,95,抜,0
246,96,抜,0
247,86,抜,0
247,87,抜,0
247,88,抜,0
247,89,抜,0
247,90,抜,59.01999999998952
247,91,抜,59.01999999998952
247,92,抜,59.01999999998952
247,93,抜,0
247,94,抜,0
247,95,抜,0
247,96,抜,0
248,86,抜,0
248,87,抜,0
248,88,抜,0
248,89,抜,0
248,90,抜,59.01999999998952
248,91,抜,59.01999999998952
248,92,抜,59.01999999998952
248,93,抜,0
248,94,抜,0
248,95,抜,0
248,96,抜,0
249,86,抜,0
249,87,抜,0
249,88,抜,0
249,89,抜,0
249,90,抜,128.68000000000757
249,91,抜,128.68000000000757
249,92,抜,128.68000000000757
249,93,抜,0
249,94,抜,0
249,95,抜,0
249,96,抜,0
250,86,抜,0
250,87,抜,0
250,88,抜,0
250,89,抜,0
250,90,抜,180.07000000000698
250,91,抜,180.07000000000698
250,92,抜,180.07000000000698
250,93,抜,0
250,94,抜,0
250,95,抜,0
250,96,抜,0
251,86,抜,0
251,87,抜,0
251,88,抜,0
251,89,抜,0
251,90,抜,180.07000000000698
251,91,抜,180.07000000000698
251,92,抜,180.07000000000698
251,93,抜,0
251,94,抜,0
251,95,抜,0
251,96,抜,0
251,86,け,0
251,87,け,0
251,88,け,0
251,89,け,0
251,90,け,180.07000000000698
251,91,け,180.07000000000698
251,92,け,180.07000000000698
251,93,け,0
251,94,け,0
251,95,け,0
251,96,け,0
252,86,け,0
252,87,け,0
252,88,け,0
252,89,け,0
252,90,け,79.33999999999651
252,91,け,79.33999999999651
252,92,け,79.33999999999651
252,93,け,0
252,94,け,0
252,95,け,0
252,96,け,0
253,86,け,0
253,87,け,0
253,88,け,0
253,89,け,0
253,90,け,34.320000000006985
253,91,け,34.320000000006985
253,92,け,34.320000000006985
253,93,け,0
253,94,け,0
253,95,け,0
253,96,け,0
254,86,け,0
254,87,け,0
254,88,け,0
254,89,け,0
254,90,け,34.320000000006985
254,91,け,34.320000000006985
254,92,け,34.320000000006985
254,93,け,0
254,94,け,0
254,95,け,0
254,96,け,0
255,86,け,0
255,87,け,0
255,88,け,0
255,89,け,0
255,90,け,34.320000000006985
255,91,け,34.320000000006985
255,92,け,34.320000000006985
255,93,け,0
255,94,け,0
255,95,け,0
255,96,け,0
256,86,け,0
256,87,け,0
256,88,け,0
256,89,け,0
256,90,け,0
256,91,け,0
256,92,け,0
256,93,け,0
256,94,け,0
256,95,け,0
256,96,け,0
257,86,け,0
257,87,け,0
257,88,け,0
257,89,け,0
257,90,け,0
257,91,け,0
257,92,け,0
257,93,け,0
257,94,け,0
257,95,け,0
257,96,け,0
258,86,け,0
258,87,け,0
258,88,け,0
258,89,け,0
258,90,け,0
258,91,け,0
258,92,け,0
258,93,け,0
258,94,け,0
258,95,け,0
258,96,け,0
62,96,だ,0
62,97,だ,0
62,98,だ,0
62,99,だ,0
62,100,だ,0
62,101,だ,0
62,102,だ,0
62,103,だ,0
62,104,だ,0
62,105,だ,0
62,106,だ,0
63,96,だ,0
63,97,だ,0
63,98,だ,0
63,99,だ,0
63,100,だ,0
63,101,だ,0
63,102,だ,0
63,103,だ,0
63,104,だ,0
63,105,だ,0
63,106,だ,0
64,96,だ,0
64,97,だ,0
64,98,だ,0
64,99,だ,0
64,100,だ,33.529999999998836
64,101,だ,33.529999999998836
64,102,だ,33.529999999998836
64,103,だ,0
64,104,だ,0
64,105,だ,0
64,106,だ,0
65,96,だ,0
65,97,だ,0
65,98,だ,0
65,99,だ,0
65,100,だ,108.97999999999593
65,101,だ,108.97999999999593
65,102,だ,108.97999999999593
65,103,だ,0
65,104,だ,0
65,105,だ,0
65,106,だ,0
66,96,だ,0
66,97,だ,0
66,98,だ,0
66,99,だ,0
66,100,だ,144.80999999999767
66,101,だ,144.80999999999767
66,102,だ,144.80999999999767
66,103,だ,0
66,104,だ,0
66,105,だ,0
66,106,だ,0
67,96,だ,0
67,97,だ,0
67,98,だ,0
67,99,だ,0
67,100,だ,143.07000000000698
67,101,だ,143.07000000000698
67,102,だ,143.07000000000698
67,103,だ,0
67,104,だ,0
67,105,だ,0
67,106,だ,0
68,96,だ,0
68,97,だ,0
68,98,だ,0
68,99,だ,0
68,100,だ,131.47000000000116
68,101,だ,131.47000000000116
68,102,だ,131.47000000000116
68,103,だ,0
68,104,だ,0
68,105,だ,0
68,106,だ,0
69,96,だ,0
69,97,だ,0
69,98,だ,0
69,99,だ,0
69,100,だ,95.63999999999942
69,101,だ,95.63999999999942
69,102,だ,95.63999999999942
69,103,だ,0
69,104,だ,0
69,105,だ,0
69,106,だ,0
69,96,っ,0
69,97,っ,0
69,98,っ,0
69,99,っ,0
69,100,っ,95.63999999999942
69,101,っ,95.63999999999942
69,102,っ,95.63999999999942
69,103,っ,0
69,104,っ,0
69,105,っ,0
69,106,っ,0
70,96,っ,0
70,97,っ,0
70,98,っ,0
70,99,っ,0
70,100,っ,128.20999999999185
70,101,っ,128.20999999999185
70,102,っ,128.20999999999185
70,103,っ,0
70,104,っ,0
70,105,っ,0
70,106,っ,0
71,96,っ,0
71,97,っ,0
71,98,っ,0
71,99,っ,0
71,100,っ,131.3799999999901
71,101,っ,131.3799999999901
71,102,っ,131.3799999999901
71,103,っ,0
71,104,っ,0
71,105,っ,0
71,106,っ,0
72,96,っ,0
72,97,っ,0
72,98,っ,0
72,99,っ,0
72,100,っ,131.3799999999901
72,101,っ,131.3799999999901
72,102,っ,131.3799999999901
72,103,っ,0
72,104,っ,0
72,105,っ,0
72,106,っ,0
73,96,っ,0
73,97,っ,0
73,98,っ,0
73,99,っ,0
73,100,っ,125.83999999999651
73,101,っ,125.83999999999651
73,102,っ,125.83999999999651
73,103,っ,0
73,104,っ,0
73,105,っ,0
73,106,っ,0
74,96,っ,0
74,97,っ,0
74,98,っ,0
74,99,っ,0
74,100,っ,58.820000000006985
74,101,っ,58.820000000006985
74,102,っ,58.820000000006985
74,103,っ,0
74,104,っ,0
74,105,っ,0
74,106,っ,0
75,96,っ,0
75,97,っ,0
75,98,っ,0
75,99,っ,0
75,100,っ,58.820000000006985
75,101,っ,58.820000000006985
75,102,っ,58.820000000006985
75,103,っ,0
75,104,っ,0
75,105,っ,0
75,106,っ,0
75,96,た,0
75,97,た,0
75,98,た,0
75,99,た,0
75,100,た,58.820000000006985
75,101,た,58.820000000006985
75,102,た,58.820000000006985
75,103,た,0
75,104,た,0
75,105,た,0
75,106,た,0
76,96,た,0
76,97,た,0
76,98,た,0
76,99,た,0
76,100,た,29.84000000001106
76,101,た,29.84000000001106
76,102,た,29.84000000001106
76,103,た,0
76,104,た,0
76,105,た,0
76,106,た,0
77,96,た,0
77,97,た,0
77,98,た,0
77,99,た,0
77,100,た,29.84000000001106
77,101,た,29.84000000001106
77,102,た,29.84000000001106
77,103,た,0
77,104,た,0
77,105,た,0
77,106,た,0
78,96,た,0
78,97,た,0
78,98,た,0
78,99,た,0
78,100,た,29.84000000001106
78,101,た,29.84000000001106
78,102,た,29.84000000001106
78,103,た,0
78,104,た,0
78,105,た,0
78,106,た,0
79,96,た,0
79,97,た,0
79,98,た,0
79,99,た,0
79,100,た,0
79,101,た,0
79,102,た,0
79,103,た,0
79,104,た,0
79,105,た,0
79,106,た,0
80,96,た,0
80,97,た,0
80,98,た,0
80,99,た,0
80,100,た,0
80,101,た,0
80,102,た,0
80,103,た,0
80,104,た,0
80,105,た,0
80,106,た,0
81,96,た,0
81,97,た,0
81,98,た,0
81,99,た,0
81,100,た,0
81,101,た,0
81,102,た,0
81,103,た,0
81,104,た,0
81,105,た,0
81,106,た,0
82,96,た,0
82,97,た,0
82,98,た,0
82,99,た,0
82,100,た,70.60000000000582
82,101,た,70.60000000000582
82,102,た,70.60000000000582
82,103,た,0
82,104,た,0
82,105,た,0
82,106,た,0
82,96,が,0
82,97,が,0
82,98,が,0
82,99,が,0
82,100,が,70.60000000000582
82,101,が,70.60000000000582
82,102,が,70.60000000000582
82,103,が,0
82,104,が,0
82,105,が,0
82,106,が,0
83,96,が,0
83,97,が,0
83,98,が,0
83,99,が,0
83,100,が,70.60000000000582
83,101,が,70.60000000000582
83,102,が,70.60000000000582
83,103,が,0
83,104,が,0
83,105,が,0
83,106,が,0
84,96,が,0
84,97,が,0
84,98,が,0
84,99,が,0
84,100,が,70.60000000000582
84,101,が,70.60000000000582
84,102,が,70.60000000000582
84,103,が,0
84,104,が,0
84,105,が,0
84,106,が,0
85,96,が,0
85,97,が,0
85,98,が,0
85,99,が,0
85,100,が,0
85,101,が,0
85,102,が,0
85,103,が,0
85,104,が,0
85,105,が,0
85,106,が,0
86,96,が,0
86,97,が,0
86,98,が,0
86,99,が,0
86,100,が,0
86,101,が,0
86,102,が,0
86,103,が,0
86,104,が,0
86,105,が,0
86,106,が,0
87,96,が,0
87,97,が,0
87,98,が,0
87,99,が,0
87,100,が,0
87,101,が,0
87,102,が,0
87,103,が,0
87,104,が,0
87,105,が,0
87,106,が,0
88,96,が,0
88,97,が,0
88,98,が,0
88,99,が,0
88,100,が,36.2899999999936
88,101,が,36.2899999999936
88,102,が,36.2899999999936
88,103,が,0
88,104,が,0
88,105,が,0
88,106,が,0
89,96,が,0
89,97,が,0
89,98,が,0
89,99,が,0
89,100,が,36.2899999999936
89,101,が,36.2899999999936
89,102,が,36.2899999999936
89,103,が,0
89,104,が,0
89,105,が,0
89,106,が,0
89,96,、,0
89,97,、,0
89,98,、,0
89,99,、,0
89,100,、,36.2899999999936
89,101,、,36.2899999999936
89,102,、,36.2899999999936
89,103,、,0
89,104,、,0
89,105,、,0
89,106,、,0
90,96,、,0
90,97,、,0
90,98,、,0
90,99,、,0
90,100,、,36.2899999999936
90,101,、,36.2899999999936
90,102,、,36.2899999999936
90,103,、,0
90,104,、,0
90,105,、,0
90,106,、,0
91,96,、,0
91,97,、,0
91,98,、,0
91,99,、,0
91,100,、,0
91,101,、,0
91,102,、,0
91,103,、,0
91,104,、,0
91,105,、,0
91,106,、,0
92,96,、,0
92,97,、,0
92,98,、,0
92,99,、,0
92,100,、,0
92,101,、,0
92,102,、,0
92,103,、,0
92,104,、,0
92,105,、,0
92,106,、,0
93,96,、,0
93,97,、,0
93,98,、,0
93,99,、,0
93,100,、,31.05999999999767
93,101,、,31.05999999999767
93,102,、,31.05999999999767
93,103,、,0
93,104,、,0
93,105,、,0
93,106,、,0
94,96,、,0
94,97,、,0
94,98,、,0
94,99,、,0
94,100,、,31.05999999999767
94,101,、,31.05999999999767
94,102,、,31.05999999999767
94,103,、,0
94,104,、,0
94,105,、,0
94,106,、,0
95,96,、,0
95,97,、,0
95,98,、,0
95,99,、,0
95,100,、,31.05999999999767
95,101,、,31.05999999999767
95,102,、,31.05999999999767
95,103,、,0
95,104,、,0
95,105,、,0
95,106,、,0
96,96,、,0
96,97,、,0
96,98,、,0
96,99,、,0
96,100,、,0
96,101,、,0
96,102,、,0
96,103,、,0
96,104,、,0
96,105,、,0
96,106,、,0
96,96,特,0
96,97,特,0
96,98,特,0
96,99,特,0
96,100,特,0
96,101,特,0
96,102,特,0
96,103,特,0
96,104,特,0
96,105,特,0
96,106,特,0
97,96,特,0
97,97,特,0
97,98,特,0
97,99,特,0
97,100,特,48.620000000009895
97,101,特,48.620000000009895
97,102,特,48.620000000009895
97,103,特,0
97,104,特,0
97,105,特,0
97,106,特,0
98,96,特,0
98,97,特,0
98,98,特,0
98,99,特,0
98,100,特,48.620000000009895
98,101,特,48.620000000009895
98,102,特,48.620000000009895
98,103,特,0
98,104,特,0
98,105,特,0
98,106,特,0
99,96,特,0
99,97,特,0
99,98,特,0
99,99,特,0
99,100,特,48.620000000009895
99,101,特,48.620000000009895
99,102,特,48.620000000009895
99,103,特,0
99,104,特,0
99,105,特,0
99,106,特,0
100,96,特,0
100,97,特,0
100,98,特,0
100,99,特,0
100,100,特,34.169999999998254
100,101,特,34.169999999998254
100,102,特,34.169999999998254
100,103,特,0
100,104,特,0
100,105,特,0
100,106,特,0
101,96,特,0
101,97,特,0
101,98,特,0
101,99,特,0
101,100,特,60.40999999998894
101,101,特,60.40999999998894
101,102,特,60.40999999998894
101,103,特,0
101,104,特,0
101,105,特,0
101,106,特,0
102,96,特,0
102,97,特,0
102,98,特,0
102,99,特,0
102,100,特,60.40999999998894
102,101,特,60.40999999998894
102,102,特,60.40999999998894
102,103,特,0
102,104,特,0
102,105,特,0
102,106,特,0
102,96,待,0
102,97,待,0
102,98,待,0
102,99,待,0
102,100,待,60.40999999998894
102,101,待,60.40999999998894
102,102,待,60.40999999998894
102,103,待,0
102,104,待,0
102,105,待,0
102,106,待,0
103,96,待,0
103,97,待,0
103,98,待,0
103,99,待,0
103,100,待,53.04999999998836
103,101,待,53.04999999998836
103,102,待,53.04999999998836
103,103,待,0
103,104,待,0
103,105,待,0
103,106,待,0
104,96,待,0
104,97,待,0
104,98,待,0
104,99,待,0
104,100,待,26.80999999999767
104,101,待,26.80999999999767
104,102,待,26.80999999999767
104,103,待,0
104,104,待,0
104,105,待,0
104,106,待,0
105,96,待,0
105,97,待,0
105,98,待,0
105,99,待,0
105,100,待,26.80999999999767
105,101,待,26.80999999999767
105,102,待,26.80999999999767
105,103,待,0
105,104,待,0
105,105,待,0
105,106,待,0
106,96,待,0
106,97,待,0
106,98,待,0
106,99,待,0
106,100,待,29.020000000004075
106,101,待,29.020000000004075
106,102,待,29.020000000004075
106,103,待,0
106,104,待,0
106,105,待,0
106,106,待,0
107,96,待,0
107,97,待,0
107,98,待,0
107,99,待,0
107,100,待,29.020000000004075
107,101,待,29.020000000004075
107,102,待,29.020000000004075
107,103,待,0
107,104,待,0
107,105,待,0
107,106,待,0
108,96,待,0
108,97,待,0
108,98,待,0
108,99,待,0
108,100,待,60.80000000000291
108,101,待,60.80000000000291
108,102,待,60.80000000000291
108,103,待,0
108,104,待,0
108,105,待,0
108,106,待,0
109,96,待,0
109,97,待,0
109,98,待,0
109,99,待,0
109,100,待,296.25999999999476
109,101,待,296.25999999999476
109,102,待,296.25999999999476
109,103,待,0
109,104,待,0
109,105,待,0
109,106,待,0
109,96,の,0
109,97,の,0
109,98,の,0
109,99,の,0
109,100,の,296.25999999999476
109,101,の,296.25999999999476
109,102,の,296.25999999999476
109,103,の,0
109,104,の,0
109,105,の,0
109,106,の,0
110,96,の,0
110,97,の,0
110,98,の,0
110,99,の,0
110,100,の,567.8999999999942
110,101,の,567.8999999999942
110,102,の,567.8999999999942
110,103,の,0
110,104,の,0
110,105,の,0
110,106,の,0
111,96,の,0
111,97,の,0
111,98,の,0
111,99,の,0
111,100,の,566.8800000000047
111,101,の,566.8800000000047
111,102,の,566.8800000000047
111,103,の,0
111,104,の,0
111,105,の,0
111,106,の,0
112,96,の,0
112,97,の,0
112,98,の,0
112,99,の,0
112,100,の,364.36000000001513
112,101,の,364.36000000001513
112,102,の,364.36000000001513
112,103,の,0
112,104,の,0
112,105,の,0
112,106,の,0
113,96,の,0
113,97,の,0
113,98,の,0
113,99,の,0
113,100,の,147.56000000001222
113,101,の,147.56000000001222
113,102,の,147.56000000001222
113,103,の,0
113,104,の,0
113,105,の,0
113,106,の,0
114,96,の,0
114,97,の,0
114,98,の,0
114,99,の,0
114,100,の,190.67999999999302
114,101,の,190.67999999999302
114,102,の,190.67999999999302
114,103,の,0
114,104,の,0
114,105,の,0
114,106,の,0
115,96,の,0
115,97,の,0
115,98,の,0
115,99,の,0
115,100,の,166.13999999998487
115,101,の,166.13999999998487
115,102,の,166.13999999998487
115,103,の,0
115,104,の,0
115,105,の,0
115,106,の,0
116,96,の,0
116,97,の,0
116,98,の,0
116,99,の,0
116,100,の,176.81999999999243
116,101,の,176.81999999999243
116,102,の,176.81999999999243
116,103,の,0
116,104,の,0
116,105,の,0
116,106,の,0
116,96,マ,0
116,97,マ,0
116,98,マ,0
116,99,マ,0
116,100,マ,176.81999999999243
116,101,マ,176.81999999999243
116,102,マ,176.81999999999243
116,103,マ,0
116,104,マ,0
116,105,マ,0
116,106,マ,0
117,96,マ,0
117,97,マ,0
117,98,マ,0
117,99,マ,0
117,100,マ,142.91999999999825
117,101,マ,142.91999999999825
117,102,マ,142.91999999999825
117,103,マ,0
117,104,マ,0
117,105,マ,0
117,106,マ,0
118,96,マ,0
118,97,マ,0
118,98,マ,0
118,99,マ,0
118,100,マ,169.13999999999942
118,101,マ,169.13999999999942
118,102,マ,169.13999999999942
118,103,マ,0
118,104,マ,0
118,105,マ,0
118,106,マ,0
119,96,マ,0
119,97,マ,0
119,98,マ,0
119,99,マ,0
119,100,マ,182.15999999998894
119,101,マ,182.15999999998894
119,102,マ,182.15999999998894
119,103,マ,0
119,104,マ,0
119,105,マ,0
119,106,マ,0
120,96,マ,0
120,97,マ,0
120,98,マ,0
120,99,マ,0
120,100,マ,209.4499999999971
120,101,マ,209.4499999999971
120,102,マ,209.4499999999971
120,103,マ,0
120,104,マ,0
120,105,マ,0
120,106,マ,0
121,96,マ,0
121,97,マ,0
121,98,マ,0
121,99,マ,0
121,100,マ,145.80999999999767
121,101,マ,145.80999999999767
121,102,マ,145.80999999999767
121,103,マ,0
121,104,マ,0
121,105,マ,0
121,106,マ,0
122,96,マ,0
122,97,マ,0
122,98,マ,0
122,99,マ,0
122,100,マ,67.27000000000407
122,101,マ,67.27000000000407
122,102,マ,67.27000000000407
122,103,マ,0
122,104,マ,0
122,105,マ,0
122,106,マ,0
123,96,マ,0
123,97,マ,0
123,98,マ,0
123,99,マ,0
123,100,マ,0
123,101,マ,0
123,102,マ,0
123,103,マ,0
123,104,マ,0
123,105,マ,0
123,106,マ,0
123,96,ネ,0
123,97,ネ,0
123,98,ネ,0
123,99,ネ,0
123,100,ネ,0
123,101,ネ,0
123,102,ネ,0
123,103,ネ,0
123,104,ネ,0
123,105,ネ,0
123,106,ネ,0
124,96,ネ,0
124,97,ネ,0
124,98,ネ,0
124,99,ネ,0
124,100,ネ,29.020000000004075
124,101,ネ,29.020000000004075
124,102,ネ,29.020000000004075
124,103,ネ,0
124,104,ネ,0
124,105,ネ,0
124,106,ネ,0
125,96,ネ,0
125,97,ネ,0
125,98,ネ,0
125,99,ネ,0
125,100,ネ,29.020000000004075
125,101,ネ,29.020000000004075
125,102,ネ,29.020000000004075
125,103,ネ,0
125,104,ネ,0
125,105,ネ,0
125,106,ネ,0
126,96,ネ,0
126,97,ネ,0
126,98,ネ,0
126,99,ネ,0
126,100,ネ,29.020000000004075
126,101,ネ,29.020000000004075
126,102,ネ,29.020000000004075
126,103,ネ,0
126,104,ネ,0
126,105,ネ,0
126,106,ネ,0
127,96,ネ,0
127,97,ネ,0
127,98,ネ,0
127,99,ネ,0
127,100,ネ,0
127,101,ネ,0
127,102,ネ,0
127,103,ネ,0
127,104,ネ,0
127,105,ネ,0
127,106,ネ,0
128,96,ネ,0
128,97,ネ,0
128,98,ネ,0
128,99,ネ,0
128,100,ネ,29.789999999993597
128,101,ネ,29.789999999993597
128,102,ネ,29.789999999993597
128,103,ネ,0
128,104,ネ,0
128,105,ネ,0
128,106,ネ,0
129,96,ネ,0
129,97,ネ,0
129,98,ネ,0
129,99,ネ,0
129,100,ネ,29.789999999993597
129,101,ネ,29.789999999993597
129,102,ネ,29.789999999993597
129,103,ネ,0
129,104,ネ,0
129,105,ネ,0
129,106,ネ,0
129,96,ー,0
129,97,ー,0
129,98,ー,0
129,99,ー,0
129,100,ー,29.789999999993597
129,101,ー,29.789999999993597
129,102,ー,29.789999999993597
129,103,ー,0
129,104,ー,0
129,105,ー,0
129,106,ー,0
130,96,ー,0
130,97,ー,0
130,98,ー,0
130,99,ー,0
130,100,ー,68.22999999999593
130,101,ー,68.22999999999593
130,102,ー,68.22999999999593
130,103,ー,0
130,104,ー,0
130,105,ー,0
130,106,ー,0
131,96,ー,0
131,97,ー,0
131,98,ー,0
131,99,ー,0
131,100,ー,38.44000000000233
131,101,ー,38.44000000000233
131,102,ー,38.44000000000233
131,103,ー,0
131,104,ー,0
131,105,ー,0
131,106,ー,0
132,96,ー,0
132,97,ー,0
132,98,ー,0
132,99,ー,0
132,100,ー,98.27000000000407
132,101,ー,98.27000000000407
132,102,ー,98.27000000000407
132,103,ー,0
132,104,ー,0
132,105,ー,0
132,106,ー,0
133,96,ー,0
133,97,ー,0
133,98,ー,0
133,99,ー,0
133,100,ー,153.88000000000466
133,101,ー,153.88000000000466
133,102,ー,153.88000000000466
133,103,ー,0
133,104,ー,0
133,105,ー,0
133,106,ー,0
134,96,ー,0
134,97,ー,0
134,98,ー,0
134,99,ー,0
134,100,ー,153.88000000000466
134,101,ー,153.88000000000466
134,102,ー,153.88000000000466
134,103,ー,0
134,104,ー,0
134,105,ー,0
134,106,ー,0
135,96,ー,0
135,97,ー,0
135,98,ー,0
135,99,ー,0
135,100,ー,135.40000000000873
135,101,ー,135.40000000000873
135,102,ー,135.40000000000873
135,103,ー,0
135,104,ー,0
135,105,ー,0
135,106,ー,0
136,96,ー,0
136,97,ー,0
136,98,ー,0
136,99,ー,0
136,100,ー,41.35000000000582
136,101,ー,41.35000000000582
136,102,ー,41.35000000000582
136,103,ー,0
136,104,ー,0
136,105,ー,0
136,106,ー,0
136,96,ジ,0
136,97,ジ,0
136,98,ジ,0
136,99,ジ,0
136,100,ジ,41.35000000000582
136,101,ジ,41.35000000000582
136,102,ジ,41.35000000000582
136,103,ジ,0
136,104,ジ,0
136,105,ジ,0
136,106,ジ,0
137,96,ジ,0
137,97,ジ,0
137,98,ジ,0
137,99,ジ,0
137,100,ジ,67.33000000000175
137,101,ジ,67.33000000000175
137,102,ジ,67.33000000000175
137,103,ジ,0
137,104,ジ,0
137,105,ジ,0
137,106,ジ,0
138,96,ジ,0
138,97,ジ,0
138,98,ジ,0
138,99,ジ,0
138,100,ジ,25.979999999995925
138,101,ジ,25.979999999995925
138,102,ジ,25.979999999995925
138,103,ジ,0
138,104,ジ,0
138,105,ジ,0
138,106,ジ,0
139,96,ジ,0
139,97,ジ,0
139,98,ジ,0
139,99,ジ,0
139,100,ジ,25.979999999995925
139,101,ジ,25.979999999995925
139,102,ジ,25.979999999995925
139,103,ジ,0
139,104,ジ,0
139,105,ジ,0
139,106,ジ,0
140,96,ジ,0
140,97,ジ,0
140,98,ジ,0
140,99,ジ,0
140,100,ジ,27.980000000010477
140,101,ジ,27.980000000010477
140,102,ジ,27.980000000010477
140,103,ジ,0
140,104,ジ,0
140,105,ジ,0
140,106,ジ,0
141,96,ジ,0
141,97,ジ,0
141,98,ジ,0
141,99,ジ,0
141,100,ジ,27.980000000010477
141,101,ジ,27.980000000010477
141,102,ジ,27.980000000010477
141,103,ジ,0
141,104,ジ,0
141,105,ジ,0
141,106,ジ,0
142,96,ジ,0
142,97,ジ,0
142,98,ジ,0
142,99,ジ,0
142,100,ジ,79.38999999999942
142,101,ジ,79.38999999999942
142,102,ジ,79.38999999999942
142,103,ジ,0
142,104,ジ,0
142,105,ジ,0
142,106,ジ,0
143,96,ジ,0
143,97,ジ,0
143,98,ジ,0
143,99,ジ,0
143,100,ジ,82.43999999998778
143,101,ジ,82.43999999998778
143,102,ジ,82.43999999998778
143,103,ジ,0
143,104,ジ,0
143,105,ジ,0
143,106,ジ,0
143,96,ャ,0
143,97,ャ,0
143,98,ャ,0
143,99,ャ,0
143,100,ャ,82.43999999998778
143,101,ャ,82.43999999998778
143,102,ャ,82.43999999998778
143,103,ャ,0
143,104,ャ,0
143,105,ャ,0
143,106,ャ,0
144,96,ャ,0
144,97,ャ,0
144,98,ャ,0
144,99,ャ,0
144,100,ャ,116.0399999999936
144,101,ャ,116.0399999999936
144,102,ャ,116.0399999999936
144,103,ャ,0
144,104,ャ,0
144,105,ャ,0
144,106,ャ,0
145,96,ャ,0
145,97,ャ,0
145,98,ャ,0
145,99,ャ,0
145,100,ャ,64.63000000000466
145,101,ャ,64.63000000000466
145,102,ャ,64.63000000000466
145,103,ャ,0
145,104,ャ,0
145,105,ャ,0
145,106,ャ,0
146,96,ャ,0
146,97,ャ,0
146,98,ャ,0
146,99,ャ,0
146,100,ャ,33.60000000000582
146,101,ャ,33.60000000000582
146,102,ャ,33.60000000000582
146,103,ャ,0
146,104,ャ,0
146,105,ャ,0
146,106,ャ,0
147,96,ャ,0
147,97,ャ,0
147,98,ャ,0
147,99,ャ,0
147,100,ャ,0
147,101,ャ,0
147,102,ャ,0
147,103,ャ,0
147,104,ャ,0
147,105,ャ,0
147,106,ャ,0
148,96,ャ,0
148,97,ャ,0
148,98,ャ,0
148,99,ャ,0
148,100,ャ,31.360000000000582
148,101,ャ,31.360000000000582
148,102,ャ,31.360000000000582
148,103,ャ,0
148,104,ャ,0
148,105,ャ,0
148,106,ャ,0
149,96,ャ,0
149,97,ャ,0
149,98,ャ,0
149,99,ャ,0
149,100,ャ,31.360000000000582
149,101,ャ,31.360000000000582
149,102,ャ,31.360000000000582
149,103,ャ,0
149,104,ャ,0
149,105,ャ,0
149,106,ャ,0
150,96,ャ,0
150,97,ャ,0
150,98,ャ,0
150,99,ャ,0
150,100,ャ,31.360000000000582
150,101,ャ,31.360000000000582
150,102,ャ,31.360000000000582
150,103,ャ,0
150,104,ャ,0
150,105,ャ,0
150,106,ャ,0
150,96,ー,0
150,97,ー,0
150,98,ー,0
150,99,ー,0
150,100,ー,31.360000000000582
150,101,ー,31.360000000000582
150,102,ー,31.360000000000582
150,103,ー,0
150,104,ー,0
150,105,ー,0
150,106,ー,0
151,96,ー,0
151,97,ー,0
151,98,ー,0
151,99,ー,0
151,100,ー,0
151,101,ー,0
151,102,ー,0
151,103,ー,0
151,104,ー,0
151,105,ー,0
151,106,ー,0
152,96,ー,0
152,97,ー,0
152,98,ー,0
152,99,ー,0
152,100,ー,29.94000000000233
152,101,ー,29.94000000000233
152,102,ー,29.94000000000233
152,103,ー,0
152,104,ー,0
152,105,ー,0
152,106,ー,0
153,96,ー,0
153,97,ー,0
153,98,ー,0
153,99,ー,0
153,100,ー,29.94000000000233
153,101,ー,29.94000000000233
153,102,ー,29.94000000000233
153,103,ー,0
153,104,ー,0
153,105,ー,0
153,106,ー,0
154,96,ー,0
154,97,ー,0
154,98,ー,0
154,99,ー,0
154,100,ー,29.94000000000233
154,101,ー,29.94000000000233
154,102,ー,29.94000000000233
154,103,ー,0
154,104,ー,0
154,105,ー,0
154,106,ー,0
155,96,ー,0
155,97,ー,0
155,98,ー,0
155,99,ー,0
155,100,ー,0
155,101,ー,0
155,102,ー,0
155,103,ー,0
155,104,ー,0
155,105,ー,0
155,106,ー,0
156,96,ー,0
156,97,ー,0
156,98,ー,0
156,99,ー,0
156,100,ー,0
156,101,ー,0
156,102,ー,0
156,103,ー,0
156,104,ー,0
156,105,ー,0
156,106,ー,0
156,96,は,0
156,97,は,0
156,98,は,0
156,99,は,0
156,100,は,0
156,101,は,0
156,102,は,0
156,103,は,0
156,104,は,0
156,105,は,0
156,106,は,0
157,96,は,0
157,97,は,0
157,98,は,0
157,99,は,0
157,100,は,0
157,101,は,0
157,102,は,0
157,103,は,0
157,104,は,0
157,105,は,0
157,106,は,0
158,96,は,0
158,97,は,0
158,98,は,0
158,99,は,0
158,100,は,0
158,101,は,0
158,102,は,0
158,103,は,0
158,104,は,0
158,105,は,0
158,106,は,0
159,96,は,0
159,97,は,0
159,98,は,0
159,99,は,0
159,100,は,30.910000000003492
159,101,は,30.910000000003492
159,102,は,30.910000000003492
159,103,は,0
159,104,は,0
159,105,は,0
159,106,は,0
160,96,は,0
160,97,は,0
160,98,は,0
160,99,は,0
160,100,は,30.910000000003492
160,101,は,30.910000000003492
160,102,は,30.910000000003492
160,103,は,0
160,104,は,0
160,105,は,0
160,106,は,0
161,96,は,0
161,97,は,0
161,98,は,0
161,99,は,0
161,100,は,30.910000000003492
161,101,は,30.910000000003492
161,102,は,30.910000000003492
161,103,は,0
161,104,は,0
161,105,は,0
161,106,は,0
162,96,は,0
162,97,は,0
162,98,は,0
162,99,は,0
162,100,は,0
162,101,は,0
162,102,は,0
162,103,は,0
162,104,は,0
162,105,は,0
162,106,は,0
163,96,は,0
163,97,は,0
163,98,は,0
163,99,は,0
163,100,は,0
163,101,は,0
163,102,は,0
163,103,は,0
163,104,は,0
163,105,は,0
163,106,は,0
163,96,憐,0
163,97,憐,0
163,98,憐,0
163,99,憐,0
163,100,憐,0
163,101,憐,0
163,102,憐,0
163,103,憐,0
163,104,憐,0
163,105,憐,0
163,106,憐,0
164,96,憐,0
164,97,憐,0
164,98,憐,0
164,99,憐,0
164,100,憐,0
164,101,憐,0
164,102,憐,0
164,103,憐,0
164,104,憐,0
164,105,憐,0
164,106,憐,0
165,96,憐,0
165,97,憐,0
165,98,憐,0
165,99,憐,0
165,100,憐,36.80999999999767
165,101,憐,36.80999999999767
165,102,憐,36.80999999999767
165,103,憐,0
165,104,憐,0
165,105,憐,0
165,106,憐,0
166,96,憐,0
166,97,憐,0
166,98,憐,0
166,99,憐,0
166,100,憐,36.80999999999767
166,101,憐,36.80999999999767
166,102,憐,36.80999999999767
166,103,憐,0
166,104,憐,0
166,105,憐,0
166,106,憐,0
167,96,憐,0
167,97,憐,0
167,98,憐,0
167,99,憐,0
167,100,憐,36.80999999999767
167,101,憐,36.80999999999767
167,102,憐,36.80999999999767
167,103,憐,0
167,104,憐,0
167,105,憐,0
167,106,憐,0
168,96,憐,0
168,97,憐,0
168,98,憐,0
168,99,憐,0
168,100,憐,0
168,101,憐,0
168,102,憐,0
168,103,憐,0
168,104,憐,0
168,105,憐,0
168,106,憐,0
169,96,憐,0
169,97,憐,0
169,98,憐,0
169,99,憐,0
169,100,憐,0
169,101,憐,0
169,102,憐,0
169,103,憐,0
169,104,憐,0
169,105,憐,0
169,106,憐,0
170,96,憐,0
170,97,憐,0
170,98,憐,0
170,99,憐,0
170,100,憐,34.06999999999243
170,101,憐,34.06999999999243
170,102,憐,34.06999999999243
170,103,憐,0
170,104,憐,0
170,105,憐,0
170,106,憐,0
170,96,憫,0
170,97,憫,0
170,98,憫,0
170,99,憫,0
170,100,憫,34.06999999999243
170,101,憫,34.06999999999243
170,102,憫,34.06999999999243
170,103,憫,0
170,104,憫,0
170,105,憫,0
170,106,憫,0
171,96,憫,0
171,97,憫,0
171,98,憫,0
171,99,憫,0
171,100,憫,67.1299999999901
171,101,憫,67.1299999999901
171,102,憫,67.1299999999901
171,103,憫,0
171,104,憫,0
171,105,憫,0
171,106,憫,0
172,96,憫,0
172,97,憫,0
172,98,憫,0
172,99,憫,0
172,100,憫,67.1299999999901
172,101,憫,67.1299999999901
172,102,憫,67.1299999999901
172,103,憫,0
172,104,憫,0
172,105,憫,0
172,106,憫,0
173,96,憫,0
173,97,憫,0
173,98,憫,0
173,99,憫,0
173,100,憫,66.77999999999884
173,101,憫,66.77999999999884
173,102,憫,66.77999999999884
173,103,憫,0
173,104,憫,0
173,105,憫,0
173,106,憫,0
174,96,憫,0
174,97,憫,0
174,98,憫,0
174,99,憫,0
174,100,憫,138.4600000000064
174,101,憫,138.4600000000064
174,102,憫,138.4600000000064
174,103,憫,0
174,104,憫,0
174,105,憫,0
174,106,憫,0
175,96,憫,0
175,97,憫,0
175,98,憫,0
175,99,憫,0
175,100,憫,174.9600000000064
175,101,憫,174.9600000000064
175,102,憫,174.9600000000064
175,103,憫,0
175,104,憫,0
175,105,憫,0
175,106,憫,0
176,96,憫,0
176,97,憫,0
176,98,憫,0
176,99,憫,0
176,100,憫,141.24000000000524
176,101,憫,141.24000000000524
176,102,憫,141.24000000000524
176,103,憫,0
176,104,憫,0
176,105,憫,0
176,106,憫,0
177,96,憫,0
177,97,憫,0
177,98,憫,0
177,99,憫,0
177,100,憫,65.61999999999534
177,101,憫,65.61999999999534
177,102,憫,65.61999999999534
177,103,憫,0
177,104,憫,0
177,105,憫,0
177,106,憫,0
177,96,の,0
177,97,の,0
177,98,の,0
177,99,の,0
177,100,の,65.61999999999534
177,101,の,65.61999999999534
177,102,の,65.61999999999534
177,103,の,0
177,104,の,0
177,105,の,0
177,106,の,0
178,96,の,0
178,97,の,0
178,98,の,0
178,99,の,0
178,100,の,29.119999999995343
178,101,の,29.119999999995343
178,102,の,29.119999999995343
178,103,の,0
178,104,の,0
178,105,の,0
178,106,の,0
179,96,の,0
179,97,の,0
179,98,の,0
179,99,の,0
179,100,の,29.119999999995343
179,101,の,29.119999999995343
179,102,の,29.119999999995343
179,103,の,0
179,104,の,0
179,105,の,0
179,106,の,0
180,96,の,0
180,97,の,0
180,98,の,0
180,99,の,0
180,100,の,34.979999999995925
180,101,の,34.979999999995925
180,102,の,34.979999999995925
180,103,の,0
180,104,の,0
180,105,の,0
180,106,の,0
181,96,の,0
181,97,の,0
181,98,の,0
181,99,の,0
181,100,の,34.979999999995925
181,101,の,34.979999999995925
181,102,の,34.979999999995925
181,103,の,0
181,104,の,0
181,105,の,0
181,106,の,0
182,96,の,0
182,97,の,0
182,98,の,0
182,99,の,0
182,100,の,34.979999999995925
182,101,の,34.979999999995925
182,102,の,34.979999999995925
182,103,の,0
182,104,の,0
182,105,の,0
182,106,の,0
183,96,の,0
183,97,の,0
183,98,の,0
183,99,の,0
183,100,の,0
183,101,の,0
183,102,の,0
183,103,の,0
183,104,の,0
183,105,の,0
183,106,の,0
183,96,笑,0
183,97,笑,0
183,98,笑,0
183,99,笑,0
183,100,笑,0
183,101,笑,0
183,102,笑,0
183,103,笑,0
183,104,笑,0
183,105,笑,0
183,106,笑,0
184,96,笑,0
184,97,笑,0
184,98,笑,0
184,99,笑,0
184,100,笑,30.00999999999476
184,101,笑,30.00999999999476
184,102,笑,30.00999999999476
184,103,笑,0
184,104,笑,0
184,105,笑,0
184,106,笑,0
185,96,笑,0
185,97,笑,0
185,98,笑,0
185,99,笑,0
185,100,笑,30.00999999999476
185,101,笑,30.00999999999476
185,102,笑,30.00999999999476
185,103,笑,0
185,104,笑,0
185,105,笑,0
185,106,笑,0
186,96,笑,0
186,97,笑,0
186,98,笑,0
186,99,笑,0
186,100,笑,30.00999999999476
186,101,笑,30.00999999999476
186,102,笑,30.00999999999476
186,103,笑,0
186,104,笑,0
186,105,笑,0
186,106,笑,0
187,96,笑,0
187,97,笑,0
187,98,笑,0
187,99,笑,0
187,100,笑,0
187,101,笑,0
187,102,笑,0
187,103,笑,0
187,104,笑,0
187,105,笑,0
187,106,笑,0
188,96,笑,0
188,97,笑,0
188,98,笑,0
188,99,笑,0
188,100,笑,30.760000000009313
188,101,笑,30.760000000009313
188,102,笑,30.760000000009313
188,103,笑,0
188,104,笑,0
188,105,笑,0
188,106,笑,0
189,96,笑,0
189,97,笑,0
189,98,笑,0
189,99,笑,0
189,100,笑,30.760000000009313
189,101,笑,30.760000000009313
189,102,笑,30.760000000009313
189,103,笑,0
189,104,笑,0
189,105,笑,0
189,106,笑,0
190,96,笑,0
190,97,笑,0
190,98,笑,0
190,99,笑,0
190,100,笑,30.760000000009313
190,101,笑,30.760000000009313
190,102,笑,30.760000000009313
190,103,笑,0
190,104,笑,0
190,105,笑,0
190,106,笑,0
190,96,み,0
190,97,み,0
190,98,み,0
190,99,み,0
190,100,み,30.760000000009313
190,101,み,30.760000000009313
190,102,み,30.760000000009313
190,103,み,0
190,104,み,0
190,105,み,0
190,106,み,0
191,96,み,0
191,97,み,0
191,98,み,0
191,99,み,0
191,100,み,35.13000000000466
191,101,み,35.13000000000466
191,102,み,35.13000000000466
191,103,み,0
191,104,み,0
191,105,み,0
191,106,み,0
192,96,み,0
192,97,み,0
192,98,み,0
192,99,み,0
192,100,み,35.13000000000466
192,101,み,35.13000000000466
192,102,み,35.13000000000466
192,103,み,0
192,104,み,0
192,105,み,0
192,106,み,0
193,96,み,0
193,97,み,0
193,98,み,0
193,99,み,0
193,100,み,67.42999999999302
193,101,み,67.42999999999302
193,102,み,67.42999999999302
193,103,み,0
193,104,み,0
193,105,み,0
193,106,み,0
194,96,み,0
194,97,み,0
194,98,み,0
194,99,み,0
194,100,み,32.29999999998836
194,101,み,32.29999999998836
194,102,み,32.29999999998836
194,103,み,0
194,104,み,0
194,105,み,0
194,106,み,0
195,96,み,0
195,97,み,0
195,98,み,0
195,99,み,0
195,100,み,32.29999999998836
195,101,み,32.29999999998836
195,102,み,32.29999999998836
195,103,み,0
195,104,み,0
195,105,み,0
195,106,み,0
196,96,み,0
196,97,み,0
196,98,み,0
196,99,み,0
196,100,み,30.60000000000582
196,101,み,30.60000000000582
196,102,み,30.60000000000582
196,103,み,0
196,104,み,0
196,105,み,0
196,106,み,0
197,96,み,0
197,97,み,0
197,98,み,0
197,99,み,0
197,100,み,30.60000000000582
197,101,み,30.60000000000582
197,102,み,30.60000000000582
197,103,み,0
197,104,み,0
197,105,み,0
197,106,み,0
197,96,を,0
197,97,を,0
197,98,を,0
197,99,を,0
197,100,を,30.60000000000582
197,101,を,30.60000000000582
197,102,を,30.60000000000582
197,103,を,0
197,104,を,0
197,105,を,0
197,106,を,0
198,96,を,0
198,97,を,0
198,98,を,0
198,99,を,0
198,100,を,61.870000000009895
198,101,を,61.870000000009895
198,102,を,61.870000000009895
198,103,を,0
198,104,を,0
198,105,を,0
198,106,を,0
199,96,を,0
199,97,を,0
199,98,を,0
199,99,を,0
199,100,を,31.270000000004075
199,101,を,31.270000000004075
199,102,を,31.270000000004075
199,103,を,0
199,104,を,0
199,105,を,0
199,106,を,0
200,96,を,0
200,97,を,0
200,98,を,0
200,99,を,0
200,100,を,31.270000000004075
200,101,を,31.270000000004075
200,102,を,31.270000000004075
200,103,を,0
200,104,を,0
200,105,を,0
200,106,を,0
201,96,を,0
201,97,を,0
201,98,を,0
201,99,を,0
201,100,を,31.970000000001164
201,101,を,31.970000000001164
201,102,を,31.970000000001164
201,103,を,0
201,104,を,0
201,105,を,0
201,106,を,0
202,96,を,0
202,97,を,0
202,98,を,0
202,99,を,0
202,100,を,31.970000000001164
202,101,を,31.970000000001164
202,102,を,31.970000000001164
202,103,を,0
202,104,を,0
202,105,を,0
202,106,を,0
203,96,を,0
203,97,を,0
203,98,を,0
203,99,を,0
203,100,を,67.36000000000058
203,101,を,67.36000000000058
203,102,を,67.36000000000058
203,103,を,0
203,104,を,0
203,105,を,0
203,106,を,0
204,96,を,0
204,97,を,0
204,98,を,0
204,99,を,0
204,100,を,35.38999999999942
204,101,を,35.38999999999942
204,102,を,35.38999999999942
204,103,を,0
204,104,を,0
204,105,を,0
204,106,を,0
204,96,浮,0
204,97,浮,0
204,98,浮,0
204,99,浮,0
204,100,浮,35.38999999999942
204,101,浮,35.38999999999942
204,102,浮,35.38999999999942
204,103,浮,0
204,104,浮,0
204,105,浮,0
204,106,浮,0
205,96,浮,0
205,97,浮,0
205,98,浮,0
205,99,浮,0
205,100,浮,95.31999999999243
205,101,浮,95.31999999999243
205,102,浮,95.31999999999243
205,103,浮,0
205,104,浮,0
205,105,浮,0
205,106,浮,0
206,96,浮,0
206,97,浮,0
206,98,浮,0
206,99,浮,0
206,100,浮,113.08000000000175
206,101,浮,113.08000000000175
206,102,浮,113.08000000000175
206,103,浮,0
206,104,浮,0
206,105,浮,0
206,106,浮,0
207,96,浮,0
207,97,浮,0
207,98,浮,0
207,99,浮,0
207,100,浮,113.08000000000175
207,101,浮,113.08000000000175
207,102,浮,113.08000000000175
207,103,浮,0
207,104,浮,0
207,105,浮,0
207,106,浮,0
208,96,浮,0
208,97,浮,0
208,98,浮,0
208,99,浮,0
208,100,浮,113.09000000001106
208,101,浮,113.09000000001106
208,102,浮,113.09000000001106
208,103,浮,0
208,104,浮,0
208,105,浮,0
208,106,浮,0
209,96,浮,0
209,97,浮,0
209,98,浮,0
209,99,浮,0
209,100,浮,94.36999999999534
209,101,浮,94.36999999999534
209,102,浮,94.36999999999534
209,103,浮,0
209,104,浮,0
209,105,浮,0
209,106,浮,0
210,96,浮,0
210,97,浮,0
210,98,浮,0
210,99,浮,0
210,100,浮,126.5399999999936
210,101,浮,126.5399999999936
210,102,浮,126.5399999999936
210,103,浮,0
210,104,浮,0
210,105,浮,0
210,106,浮,0
210,96,か,0
210,97,か,0
210,98,か,0
210,99,か,0
210,100,か,126.5399999999936
210,101,か,126.5399999999936
210,102,か,126.5399999999936
210,103,か,0
210,104,か,0
210,105,か,0
210,106,か,0
211,96,か,0
211,97,か,0
211,98,か,0
211,99,か,0
211,100,か,66.59999999999127
211,101,か,66.59999999999127
211,102,か,66.59999999999127
211,103,か,0
211,104,か,0
211,105,か,0
211,106,か,0
212,96,か,0
212,97,か,0
212,98,か,0
212,99,か,0
212,100,か,155.63000000000466
212,101,か,155.63000000000466
212,102,か,155.63000000000466
212,103,か,0
212,104,か,0
212,105,か,0
212,106,か,0
213,96,か,0
213,97,か,0
213,98,か,0
213,99,か,0
213,100,か,192.7899999999936
213,101,か,192.7899999999936
213,102,か,192.7899999999936
213,103,か,0
213,104,か,0
213,105,か,0
213,106,か,0
214,96,か,0
214,97,か,0
214,98,か,0
214,99,か,0
214,100,か,429.9199999999837
214,101,か,429.9199999999837
214,102,か,429.9199999999837
214,103,か,0
214,104,か,0
214,105,か,0
214,106,か,0
215,96,か,0
215,97,か,0
215,98,か,0
215,99,か,0
215,100,か,505.9799999999959
215,101,か,505.9799999999959
215,102,か,505.9799999999959
215,103,か,0
215,104,か,0
215,105,か,0
215,106,か,0
216,96,か,0
216,97,か,0
216,98,か,0
216,99,か,0
216,100,か,508.76000000002387
216,101,か,508.76000000002387
216,102,か,508.76000000002387
216,103,か,0
216,104,か,0
216,105,か,0
216,106,か,0
217,96,か,0
217,97,か,0
217,98,か,0
217,99,か,0
217,100,か,303.0600000000268
217,101,か,303.0600000000268
217,102,か,303.0600000000268
217,103,か,0
217,104,か,0
217,105,か,0
217,106,か,0
217,96,べ,0
217,97,べ,0
217,98,べ,0
217,99,べ,0
217,100,べ,303.0600000000268
217,101,べ,303.0600000000268
217,102,べ,303.0600000000268
217,103,べ,0
217,104,べ,0
217,105,べ,0
217,106,べ,0
218,96,べ,0
218,97,べ,0
218,98,べ,0
218,99,べ,0
218,100,べ,309.36999999999534
218,101,べ,309.36999999999534
218,102,べ,309.36999999999534
218,103,べ,0
218,104,べ,0
218,105,べ,0
218,106,べ,0
219,96,べ,0
219,97,べ,0
219,98,べ,0
219,99,べ,0
219,100,べ,366.1499999999796
219,101,べ,366.1499999999796
219,102,べ,366.1499999999796
219,103,べ,0
219,104,べ,0
219,105,べ,0
219,106,べ,0
220,96,べ,0
220,97,べ,0
220,98,べ,0
220,99,べ,0
220,100,べ,464.3299999999872
220,101,べ,464.3299999999872
220,102,べ,464.3299999999872
220,103,べ,0
220,104,べ,0
220,105,べ,0
220,106,べ,0
221,96,べ,0
221,97,べ,0
221,98,べ,0
221,99,べ,0
221,100,べ,293.65000000000873
221,101,べ,293.65000000000873
221,102,べ,293.65000000000873
221,103,べ,0
221,104,べ,0
221,105,べ,0
221,106,べ,0
222,96,べ,0
222,97,べ,0
222,98,べ,0
222,99,べ,0
222,100,べ,164.7600000000093
222,101,べ,164.7600000000093
222,102,べ,164.7600000000093
222,103,べ,0
222,104,べ,0
222,105,べ,0
222,106,べ,0
223,96,べ,0
223,97,べ,0
223,98,べ,0
223,99,べ,0
223,100,べ,63.470000000001164
223,101,べ,63.470000000001164
223,102,べ,63.470000000001164
223,103,べ,0
223,104,べ,0
223,105,べ,0
223,106,べ,0
224,96,べ,0
224,97,べ,0
224,98,べ,0
224,99,べ,0
224,100,べ,28.319999999992433
224,101,べ,28.319999999992433
224,102,べ,28.319999999992433
224,103,べ,0
224,104,べ,0
224,105,べ,0
224,106,べ,0
224,96,、,0
224,97,、,0
224,98,、,0
224,99,、,0
224,100,、,28.319999999992433
224,101,、,28.319999999992433
224,102,、,28.319999999992433
224,103,、,0
224,104,、,0
224,105,、,0
224,106,、,0
225,96,、,0
225,97,、,0
225,98,、,0
225,99,、,0
225,100,、,68.11000000000058
225,101,、,68.11000000000058
225,102,、,68.11000000000058
225,103,、,0
225,104,、,0
225,105,、,0
225,106,、,0
226,96,、,0
226,97,、,0
226,98,、,0
226,99,、,0
226,100,、,65.10000000000582
226,101,、,65.10000000000582
226,102,、,65.10000000000582
226,103,、,0
226,104,、,0
226,105,、,0
226,106,、,0
227,96,、,0
227,97,、,0
227,98,、,0
227,99,、,0
227,100,、,96.83000000000175
227,101,、,96.83000000000175
227,102,、,96.83000000000175
227,103,、,0
227,104,、,0
227,105,、,0
227,106,、,0
228,96,、,0
228,97,、,0
228,98,、,0
228,99,、,0
228,100,、,57.0399999999936
228,101,、,57.0399999999936
228,102,、,57.0399999999936
228,103,、,0
228,104,、,0
228,105,、,0
228,106,、,0
229,96,、,0
229,97,、,0
229,98,、,0
229,99,、,0
229,100,、,97.05000000000291
229,101,、,97.05000000000291
229,102,、,97.05000000000291
229,103,、,0
229,104,、,0
229,105,、,0
229,106,、,0
230,96,、,0
230,97,、,0
230,98,、,0
230,99,、,0
230,100,、,65.32000000000698
230,101,、,65.32000000000698
230,102,、,65.32000000000698
230,103,、,0
230,104,、,0
230,105,、,0
230,106,、,0
231,96,、,0
231,97,、,0
231,98,、,0
231,99,、,0
231,100,、,94.30000000000291
231,101,、,94.30000000000291
231,102,、,94.30000000000291
231,103,、,0
231,104,、,0
231,105,、,0
231,106,、,0
231,96,落,0
231,97,落,0
231,98,落,0
231,99,落,0
231,100,落,94.30000000000291
231,101,落,94.30000000000291
231,102,落,94.30000000000291
231,103,落,0
231,104,落,0
231,105,落,0
231,106,落,0
232,96,落,0
232,97,落,0
232,98,落,0
232,99,落,0
232,100,落,28.979999999995925
232,101,落,28.979999999995925
232,102,落,28.979999999995925
232,103,落,0
232,104,落,0
232,105,落,0
232,106,落,0
233,96,落,0
233,97,落,0
233,98,落,0
233,99,落,0
233,100,落,78.86999999999534
233,101,落,78.86999999999534
233,102,落,78.86999999999534
233,103,落,0
233,104,落,0
233,105,落,0
233,106,落,0
234,96,落,0
234,97,落,0
234,98,落,0
234,99,落,0
234,100,落,49.88999999999942
234,101,落,49.88999999999942
234,102,落,49.88999999999942
234,103,落,0
234,104,落,0
234,105,落,0
234,106,落,0
235,96,落,0
235,97,落,0
235,98,落,0
235,99,落,0
235,100,落,239.38999999999942
235,101,落,239.38999999999942
235,102,落,239.38999999999942
235,103,落,0
235,104,落,0
235,105,落,0
235,106,落,0
236,96,落,0
236,97,落,0
236,98,落,0
236,99,落,0
236,100,落,219.25999999999476
236,101,落,219.25999999999476
236,102,落,219.25999999999476
236,103,落,0
236,104,落,0
236,105,落,0
236,106,落,0
237,96,落,0
237,97,落,0
237,98,落,0
237,99,落,0
237,100,落,360.6399999999994
237,101,落,360.6399999999994
237,102,落,360.6399999999994
237,103,落,0
237,104,落,0
237,105,落,0
237,106,落,0
237,96,ち,0
237,97,ち,0
237,98,ち,0
237,99,ち,0
237,100,ち,360.6399999999994
237,101,ち,360.6399999999994
237,102,ち,360.6399999999994
237,103,ち,0
237,104,ち,0
237,105,ち,0
237,106,ち,0
238,96,ち,0
238,97,ち,0
238,98,ち,0
238,99,ち,0
238,100,ち,201.22000000000116
238,101,ち,201.22000000000116
238,102,ち,201.22000000000116
238,103,ち,0
238,104,ち,0
238,105,ち,0
238,106,ち,0
239,96,ち,0
239,97,ち,0
239,98,ち,0
239,99,ち,0
239,100,ち,203.58000000000175
239,101,ち,203.58000000000175
239,102,ち,203.58000000000175
239,103,ち,0
239,104,ち,0
239,105,ち,0
239,106,ち,0
240,96,ち,0
240,97,ち,0
240,98,ち,0
240,99,ち,0
240,100,ち,137.00999999999476
240,101,ち,137.00999999999476
240,102,ち,137.00999999999476
240,103,ち,0
240,104,ち,0
240,105,ち,0
240,106,ち,0
241,96,ち,0
241,97,ち,0
241,98,ち,0
241,99,ち,0
241,100,ち,144.5399999999936
241,101,ち,144.5399999999936
241,102,ち,144.5399999999936
241,103,ち,0
241,104,ち,0
241,105,ち,0
241,106,ち,0
242,96,ち,0
242,97,ち,0
242,98,ち,0
242,99,ち,0
242,100,ち,371.08000000000175
242,101,ち,371.08000000000175
242,102,ち,371.08000000000175
242,103,ち,0
242,104,ち,0
242,105,ち,0
242,106,ち,0
243,96,ち,0
243,97,ち,0
243,98,ち,0
243,99,ち,0
243,100,ち,564.9800000000105
243,101,ち,564.9800000000105
243,102,ち,564.9800000000105
243,103,ち,0
243,104,ち,0
243,105,ち,0
243,106,ち,0
244,96,ち,0
244,97,ち,0
244,98,ち,0
244,99,ち,0
244,100,ち,654.0300000000134
244,101,ち,654.0300000000134
244,102,ち,654.0300000000134
244,103,ち,0
244,104,ち,0
244,105,ち,0
244,106,ち,0
244,96,着,0
244,97,着,0
244,98,着,0
244,99,着,0
244,100,着,654.0300000000134
244,101,着,654.0300000000134
244,102,着,654.0300000000134
244,103,着,0
244,104,着,0
244,105,着,0
244,106,着,0
245,96,着,0
245,97,着,0
245,98,着,0
245,99,着,0
245,100,着,462.4400000000169
245,101,着,462.4400000000169
245,102,着,462.4400000000169
245,103,着,0
245,104,着,0
245,105,着,0
245,106,着,0
246,96,着,0
246,97,着,0
246,98,着,0
246,99,着,0
246,100,着,430.4899999999907
246,101,着,430.4899999999907
246,102,着,430.4899999999907
246,103,着,0
246,104,着,0
246,105,着,0
246,106,着,0
247,96,着,0
247,97,着,0
247,98,着,0
247,99,着,0
247,100,着,370.4699999999866
247,101,着,370.4699999999866
247,102,着,370.4699999999866
247,103,着,0
247,104,着,0
247,105,着,0
247,106,着,0
248,96,着,0
248,97,着,0
248,98,着,0
248,99,着,0
248,100,着,446.1600000000035
248,101,着,446.1600000000035
248,102,着,446.1600000000035
248,103,着,0
248,104,着,0
248,105,着,0
248,106,着,0
249,96,着,0
249,97,着,0
249,98,着,0
249,99,着,0
249,100,着,261.65000000000873
249,101,着,261.65000000000873
249,102,着,261.65000000000873
249,103,着,0
249,104,着,0
249,105,着,0
249,106,着,0
250,96,着,0
250,97,着,0
250,98,着,0
250,99,着,0
250,100,着,195.0100000000093
250,101,着,195.0100000000093
250,102,着,195.0100000000093
250,103,着,0
250,104,着,0
250,105,着,0
250,106,着,0
251,96,着,0
251,97,着,0
251,98,着,0
251,99,着,0
251,100,着,83.72999999998137
251,101,着,83.72999999998137
251,102,着,83.72999999998137
251,103,着,0
251,104,着,0
251,105,着,0
251,106,着,0
251,96,い,0
251,97,い,0
251,98,い,0
251,99,い,0
251,100,い,83.72999999998137
251,101,い,83.72999999998137
251,102,い,83.72999999998137
251,103,い,0
251,104,い,0
251,105,い,0
251,106,い,0
252,96,い,0
252,97,い,0
252,98,い,0
252,99,い,0
252,100,い,31.479999999995925
252,101,い,31.479999999995925
252,102,い,31.479999999995925
252,103,い,0
252,104,い,0
252,105,い,0
252,106,い,0
253,96,い,0
253,97,い,0
253,98,い,0
253,99,い,0
253,100,い,128.50999999999476
253,101,い,128.50999999999476
253,102,い,128.50999999999476
253,103,い,0
253,104,い,0
253,105,い,0
253,106,い,0
254,96,い,0
254,97,い,0
254,98,い,0
254,99,い,0
254,100,い,97.02999999999884
254,101,い,97.02999999999884
254,102,い,97.02999999999884
254,103,い,0
254,104,い,0
254,105,い,0
254,106,い,0
255,96,い,0
255,97,い,0
255,98,い,0
255,99,い,0
255,100,い,97.02999999999884
255,101,い,97.02999999999884
255,102,い,97.02999999999884
255,103,い,0
255,104,い,0
255,105,い,0
255,106,い,0
256,96,い,0
256,97,い,0
256,98,い,0
256,99,い,0
256,100,い,0
256,101,い,0
256,102,い,0
256,103,い,0
256,104,い,0
256,105,い,0
256,106,い,0
257,96,い,0
257,97,い,0
257,98,い,0
257,99,い,0
257,100,い,0
257,101,い,0
257,102,い,0
257,103,い,0
257,104,い,0
257,105,い,0
257,106,い,0
258,96,い,0
258,97,い,0
258,98,い,0
258,99,い,0
258,100,い,0
258,101,い,0
258,102,い,0
258,103,い,0
258,104,い,0
258,105,い,0
258,106,い,0
62,106,た,0
62,107,た,0
62,108,た,0
62,109,た,0
62,110,た,0
62,111,た,0
62,112,た,0
62,113,た,0
62,114,た,0
62,115,た,0
62,116,た,0
63,106,た,0
63,107,た,0
63,108,た,0
63,109,た,0
63,110,た,0
63,111,た,0
63,112,た,0
63,113,た,0
63,114,た,0
63,115,た,0
63,116,た,0
64,106,た,0
64,107,た,0
64,108,た,0
64,109,た,0
64,110,た,28.889999999999418
64,111,た,28.889999999999418
64,112,た,28.889999999999418
64,113,た,0
64,114,た,0
64,115,た,0
64,116,た,0
65,106,た,0
65,107,た,0
65,108,た,0
65,109,た,0
65,110,た,123.98999999999069
65,111,た,123.98999999999069
65,112,た,123.98999999999069
65,113,た,0
65,114,た,0
65,115,た,0
65,116,た,0
66,106,た,0
66,107,た,0
66,108,た,0
66,109,た,0
66,110,た,188.47999999998137
66,111,た,188.47999999998137
66,112,た,188.47999999998137
66,113,た,0
66,114,た,0
66,115,た,0
66,116,た,0
67,106,た,0
67,107,た,0
67,108,た,0
67,109,た,0
67,110,た,267.16999999999825
67,111,た,267.16999999999825
67,112,た,267.16999999999825
67,113,た,0
67,114,た,0
67,115,た,0
67,116,た,0
68,106,た,0
68,107,た,0
68,108,た,0
68,109,た,0
68,110,た,201.52000000000407
68,111,た,201.52000000000407
68,112,た,201.52000000000407
68,113,た,0
68,114,た,0
68,115,た,0
68,116,た,0
69,106,た,0
69,107,た,0
69,108,た,0
69,109,た,0
69,110,た,173.34000000001106
69,111,た,173.34000000001106
69,112,た,173.34000000001106
69,113,た,0
69,114,た,0
69,115,た,0
69,116,た,0
69,106,口,0
69,107,口,0
69,108,口,0
69,109,口,0
69,110,口,173.34000000001106
69,111,口,173.34000000001106
69,112,口,173.34000000001106
69,113,口,0
69,114,口,0
69,115,口,0
69,116,口,0
70,106,口,0
70,107,口,0
70,108,口,0
70,109,口,0
70,110,口,102.20999999999185
70,111,口,102.20999999999185
70,112,口,102.20999999999185
70,113,口,0
70,114,口,0
70,115,口,0
70,116,口,0
71,106,口,0
71,107,口,0
71,108,口,0
71,109,口,0
71,110,口,72.75999999999476
71,111,口,72.75999999999476
71,112,口,72.75999999999476
71,113,口,0
71,114,口,0
71,115,口,0
71,116,口,0
72,106,口,0
72,107,口,0
72,108,口,0
72,109,口,0
72,110,口,36.44999999999709
72,111,口,36.44999999999709
72,112,口,36.44999999999709
72,113,口,0
72,114,口,0
72,115,口,0
72,116,口,0
73,106,口,0
73,107,口,0
73,108,口,0
73,109,口,0
73,110,口,0
73,111,口,0
73,112,口,0
73,113,口,0
73,114,口,0
73,115,口,0
73,116,口,0
74,106,口,0
74,107,口,0
74,108,口,0
74,109,口,0
74,110,口,31.020000000004075
74,111,口,31.020000000004075
74,112,口,31.020000000004075
74,113,口,0
74,114,口,0
74,115,口,0
74,116,口,0
75,106,口,0
75,107,口,0
75,108,口,0
75,109,口,0
75,110,口,68.50000000001455
75,111,口,68.50000000001455
75,112,口,68.50000000001455
75,113,口,0
75,114,口,0
75,115,口,0
75,116,口,0
75,106,調,0
75,107,調,0
75,108,調,0
75,109,調,0
75,110,調,68.50000000001455
75,111,調,68.50000000001455
75,112,調,68.50000000001455
75,113,調,0
75,114,調,0
75,115,調,0
75,116,調,0
76,106,調,0
76,107,調,0
76,108,調,0
76,109,調,0
76,110,調,68.50000000001455
76,111,調,68.50000000001455
76,112,調,68.50000000001455
76,113,調,0
76,114,調,0
76,115,調,0
76,116,調,0
77,106,調,0
77,107,調,0
77,108,調,0
77,109,調,0
77,110,調,66.11000000001513
77,111,調,66.11000000001513
77,112,調,66.11000000001513
77,113,調,0
77,114,調,0
77,115,調,0
77,116,調,0
78,106,調,0
78,107,調,0
78,108,調,0
78,109,調,0
78,110,調,28.630000000004657
78,111,調,28.630000000004657
78,112,調,28.630000000004657
78,113,調,0
78,114,調,0
78,115,調,0
78,116,調,0
79,106,調,0
79,107,調,0
79,108,調,0
79,109,調,0
79,110,調,28.630000000004657
79,111,調,28.630000000004657
79,112,調,28.630000000004657
79,113,調,0
79,114,調,0
79,115,調,0
79,116,調,0
80,106,調,0
80,107,調,0
80,108,調,0
80,109,調,0
80,110,調,31.039999999993597
80,111,調,31.039999999993597
80,112,調,31.039999999993597
80,113,調,0
80,114,調,0
80,115,調,0
80,116,調,0
81,106,調,0
81,107,調,0
81,108,調,0
81,109,調,0
81,110,調,67.52999999999884
81,111,調,67.52999999999884
81,112,調,67.52999999999884
81,113,調,0
81,114,調,0
81,115,調,0
81,116,調,0
82,106,調,0
82,107,調,0
82,108,調,0
82,109,調,0
82,110,調,67.52999999999884
82,111,調,67.52999999999884
82,112,調,67.52999999999884
82,113,調,0
82,114,調,0
82,115,調,0
82,116,調,0
82,106,で,0
82,107,で,0
82,108,で,0
82,109,で,0
82,110,で,67.52999999999884
82,111,で,67.52999999999884
82,112,で,67.52999999999884
82,113,で,0
82,114,で,0
82,115,で,0
82,116,で,0
83,106,で,0
83,107,で,0
83,108,で,0
83,109,で,0
83,110,で,64.74000000000524
83,111,で,64.74000000000524
83,112,で,64.74000000000524
83,113,で,0
83,114,で,0
83,115,で,0
83,116,で,0
84,106,で,0
84,107,で,0
84,108,で,0
84,109,で,0
84,110,で,95.61000000000058
84,111,で,95.61000000000058
84,112,で,95.61000000000058
84,113,で,0
84,114,で,0
84,115,で,0
84,116,で,0
85,106,で,0
85,107,で,0
85,108,で,0
85,109,で,0
85,110,で,125.20999999999185
85,111,で,125.20999999999185
85,112,で,125.20999999999185
85,113,で,0
85,114,で,0
85,115,で,0
85,116,で,0
86,106,で,0
86,107,で,0
86,108,で,0
86,109,で,0
86,110,で,96.95999999999185
86,111,で,96.95999999999185
86,112,で,96.95999999999185
86,113,で,0
86,114,で,0
86,115,で,0
86,116,で,0
87,106,で,0
87,107,で,0
87,108,で,0
87,109,で,0
87,110,で,61.479999999995925
87,111,で,61.479999999995925
87,112,で,61.479999999995925
87,113,で,0
87,114,で,0
87,115,で,0
87,116,で,0
88,106,で,0
88,107,で,0
88,108,で,0
88,109,で,0
88,110,で,31.880000000004657
88,111,で,31.880000000004657
88,112,で,31.880000000004657
88,113,で,0
88,114,で,0
88,115,で,0
88,116,で,0
89,106,で,0
89,107,で,0
89,108,で,0
89,109,で,0
89,110,で,67.40000000000873
89,111,で,67.40000000000873
89,112,で,67.40000000000873
89,113,で,0
89,114,で,0
89,115,で,0
89,116,で,0
89,106,状,0
89,107,状,0
89,108,状,0
89,109,状,0
89,110,状,67.40000000000873
89,111,状,67.40000000000873
89,112,状,67.40000000000873
89,113,状,0
89,114,状,0
89,115,状,0
89,116,状,0
90,106,状,0
90,107,状,0
90,108,状,0
90,109,状,0
90,110,状,35.520000000004075
90,111,状,35.520000000004075
90,112,状,35.520000000004075
90,113,状,0
90,114,状,0
90,115,状,0
90,116,状,0
91,106,状,0
91,107,状,0
91,108,状,0
91,109,状,0
91,110,状,35.520000000004075
91,111,状,35.520000000004075
91,112,状,35.520000000004075
91,113,状,0
91,114,状,0
91,115,状,0
91,116,状,0
92,106,状,0
92,107,状,0
92,108,状,0
92,109,状,0
92,110,状,0
92,111,状,0
92,112,状,0
92,113,状,0
92,114,状,0
92,115,状,0
92,116,状,0
93,106,状,0
93,107,状,0
93,108,状,0
93,109,状,0
93,110,状,47.5399999999936
93,111,状,47.5399999999936
93,112,状,47.5399999999936
93,113,状,0
93,114,状,0
93,115,状,0
93,116,状,0
94,106,状,0
94,107,状,0
94,108,状,0
94,109,状,0
94,110,状,47.5399999999936
94,111,状,47.5399999999936
94,112,状,47.5399999999936
94,113,状,0
94,114,状,0
94,115,状,0
94,116,状,0
95,106,状,0
95,107,状,0
95,108,状,0
95,109,状,0
95,110,状,47.5399999999936
95,111,状,47.5399999999936
95,112,状,47.5399999999936
95,113,状,0
95,114,状,0
95,115,状,0
95,116,状,0
96,106,状,0
96,107,状,0
96,108,状,0
96,109,状,0
96,110,状,42.5399999999936
96,111,状,42.5399999999936
96,112,状,42.5399999999936
96,113,状,0
96,114,状,0
96,115,状,0
96,116,状,0
96,106,況,0
96,107,況,0
96,108,況,0
96,109,況,0
96,110,況,42.5399999999936
96,111,況,42.5399999999936
96,112,況,42.5399999999936
96,113,況,0
96,114,況,0
96,115,況,0
96,116,況,0
97,106,況,0
97,107,況,0
97,108,況,0
97,109,況,0
97,110,況,42.5399999999936
97,111,況,42.5399999999936
97,112,況,42.5399999999936
97,113,況,0
97,114,況,0
97,115,況,0
97,116,況,0
98,106,況,0
98,107,況,0
98,108,況,0
98,109,況,0
98,110,況,42.5399999999936
98,111,況,42.5399999999936
98,112,況,42.5399999999936
98,113,況,0
98,114,況,0
98,115,況,0
98,116,況,0
99,106,況,0
99,107,況,0
99,108,況,0
99,109,況,0
99,110,況,26.919999999998254
99,111,況,26.919999999998254
99,112,況,26.919999999998254
99,113,況,0
99,114,況,0
99,115,況,0
99,116,況,0
100,106,況,0
100,107,況,0
100,108,況,0
100,109,況,0
100,110,況,26.919999999998254
100,111,況,26.919999999998254
100,112,況,26.919999999998254
100,113,況,0
100,114,況,0
100,115,況,0
100,116,況,0
101,106,況,0
101,107,況,0
101,108,況,0
101,109,況,0
101,110,況,26.919999999998254
101,111,況,26.919999999998254
101,112,況,26.919999999998254
101,113,況,0
101,114,況,0
101,115,況,0
101,116,況,0
102,106,況,0
102,107,況,0
102,108,況,0
102,109,況,0
102,110,況,0
102,111,況,0
102,112,況,0
102,113,況,0
102,114,況,0
102,115,況,0
102,116,況,0
102,106,を,0
102,107,を,0
102,108,を,0
102,109,を,0
102,110,を,0
102,111,を,0
102,112,を,0
102,113,を,0
102,114,を,0
102,115,を,0
102,116,を,0
103,106,を,0
103,107,を,0
103,108,を,0
103,109,を,0
103,110,を,0
103,111,を,0
103,112,を,0
103,113,を,0
103,114,を,0
103,115,を,0
103,116,を,0
104,106,を,0
104,107,を,0
104,108,を,0
104,109,を,0
104,110,を,36.29000000000815
104,111,を,36.29000000000815
104,112,を,36.29000000000815
104,113,を,0
104,114,を,0
104,115,を,0
104,116,を,0
105,106,を,0
105,107,を,0
105,108,を,0
105,109,を,0
105,110,を,36.29000000000815
105,111,を,36.29000000000815
105,112,を,36.29000000000815
105,113,を,0
105,114,を,0
105,115,を,0
105,116,を,0
106,106,を,0
106,107,を,0
106,108,を,0
106,109,を,0
106,110,を,107.54000000000815
106,111,を,107.54000000000815
106,112,を,107.54000000000815
106,113,を,0
106,114,を,0
106,115,を,0
106,116,を,0
107,106,を,0
107,107,を,0
107,108,を,0
107,109,を,0
107,110,を,182.22000000000116
107,111,を,182.22000000000116
107,112,を,182.22000000000116
107,113,を,0
107,114,を,0
107,115,を,0
107,116,を,0
108,106,を,0
108,107,を,0
108,108,を,0
108,109,を,0
108,110,を,304.570000000007
108,111,を,304.570000000007
108,112,を,304.570000000007
108,113,を,0
108,114,を,0
108,115,を,0
108,116,を,0
109,106,を,0
109,107,を,0
109,108,を,0
109,109,を,0
109,110,を,265.77999999999884
109,111,を,265.77999999999884
109,112,を,265.77999999999884
109,113,を,0
109,114,を,0
109,115,を,0
109,116,を,0
109,106,収,0
109,107,収,0
109,108,収,0
109,109,収,0
109,110,収,265.77999999999884
109,111,収,265.77999999999884
109,112,収,265.77999999999884
109,113,収,0
109,114,収,0
109,115,収,0
109,116,収,0
110,106,収,0
110,107,収,0
110,108,収,0
110,109,収,0
110,110,収,249.4699999999866
110,111,収,249.4699999999866
110,112,収,249.4699999999866
110,113,収,0
110,114,収,0
110,115,収,0
110,116,収,0
111,106,収,0
111,107,収,0
111,108,収,0
111,109,収,0
111,110,収,154.45999999999185
111,111,収,154.45999999999185
111,112,収,154.45999999999185
111,113,収,0
111,114,収,0
111,115,収,0
111,116,収,0
112,106,収,0
112,107,収,0
112,108,収,0
112,109,収,0
112,110,収,219.97000000000116
112,111,収,219.97000000000116
112,112,収,219.97000000000116
112,113,収,0
112,114,収,0
112,115,収,0
112,116,収,0
113,106,収,0
113,107,収,0
113,108,収,0
113,109,収,0
113,110,収,193.9600000000064
113,111,収,193.9600000000064
113,112,収,193.9600000000064
113,113,収,0
113,114,収,0
113,115,収,0
113,116,収,0
114,106,収,0
114,107,収,0
114,108,収,0
114,109,収,0
114,110,収,276.8500000000058
114,111,収,276.8500000000058
114,112,収,276.8500000000058
114,113,収,0
114,114,収,0
114,115,収,0
114,116,収,0
115,106,収,0
115,107,収,0
115,108,収,0
115,109,収,0
115,110,収,210.4100000000035
115,111,収,210.4100000000035
115,112,収,210.4100000000035
115,113,収,0
115,114,収,0
115,115,収,0
115,116,収,0
116,106,収,0
116,107,収,0
116,108,収,0
116,109,収,0
116,110,収,174.6600000000035
116,111,収,174.6600000000035
116,112,収,174.6600000000035
116,113,収,0
116,114,収,0
116,115,収,0
116,116,収,0
116,106,め,0
116,107,め,0
116,108,め,0
116,109,め,0
116,110,め,174.6600000000035
116,111,め,174.6600000000035
116,112,め,174.6600000000035
116,113,め,0
116,114,め,0
116,115,め,0
116,116,め,0
117,106,め,0
117,107,め,0
117,108,め,0
117,109,め,0
117,110,め,64.42999999999302
117,111,め,64.42999999999302
117,112,め,64.42999999999302
117,113,め,0
117,114,め,0
117,115,め,0
117,116,め,0
118,106,め,0
118,107,め,0
118,108,め,0
118,109,め,0
118,110,め,59.44999999999709
118,111,め,59.44999999999709
118,112,め,59.44999999999709
118,113,め,0
118,114,め,0
118,115,め,0
118,116,め,0
119,106,め,0
119,107,め,0
119,108,め,0
119,109,め,0
119,110,め,112.86000000001513
119,111,め,112.86000000001513
119,112,め,112.86000000001513
119,113,め,0
119,114,め,0
119,115,め,0
119,116,め,0
120,106,め,0
120,107,め,0
120,108,め,0
120,109,め,0
120,110,め,272.75000000001455
120,111,め,272.75000000001455
120,112,め,272.75000000001455
120,113,め,0
120,114,め,0
120,115,め,0
120,116,め,0
121,106,め,0
121,107,め,0
121,108,め,0
121,109,め,0
121,110,め,341.3099999999977
121,111,め,341.3099999999977
121,112,め,341.3099999999977
121,113,め,0
121,114,め,0
121,115,め,0
121,116,め,0
122,106,め,0
122,107,め,0
122,108,め,0
122,109,め,0
122,110,め,286.94999999998254
122,111,め,286.94999999998254
122,112,め,286.94999999998254
122,113,め,0
122,114,め,0
122,115,め,0
122,116,め,0
123,106,め,0
123,107,め,0
123,108,め,0
123,109,め,0
123,110,め,251.08999999998196
123,111,め,251.08999999998196
123,112,め,251.08999999998196
123,113,め,0
123,114,め,0
123,115,め,0
123,116,め,0
123,106,た,0
123,107,た,0
123,108,た,0
123,109,た,0
123,110,た,251.08999999998196
123,111,た,251.08999999998196
123,112,た,251.08999999998196
123,113,た,0
123,114,た,0
123,115,た,0
123,116,た,0
124,106,た,0
124,107,た,0
124,108,た,0
124,109,た,0
124,110,た,189.11999999999534
124,111,た,189.11999999999534
124,112,た,189.11999999999534
124,113,た,0
124,114,た,0
124,115,た,0
124,116,た,0
125,106,た,0
125,107,た,0
125,108,た,0
125,109,た,0
125,110,た,157.16999999999825
125,111,た,157.16999999999825
125,112,た,157.16999999999825
125,113,た,0
125,114,た,0
125,115,た,0
125,116,た,0
126,106,た,0
126,107,た,0
126,108,た,0
126,109,た,0
126,110,た,67.32000000000698
126,111,た,67.32000000000698
126,112,た,67.32000000000698
126,113,た,0
126,114,た,0
126,115,た,0
126,116,た,0
127,106,た,0
127,107,た,0
127,108,た,0
127,109,た,0
127,110,た,34.18000000000757
127,111,た,34.18000000000757
127,112,た,34.18000000000757
127,113,た,0
127,114,た,0
127,115,た,0
127,116,た,0
128,106,た,0
128,107,た,0
128,108,た,0
128,109,た,0
128,110,た,67.05000000000291
128,111,た,67.05000000000291
128,112,た,67.05000000000291
128,113,た,0
128,114,た,0
128,115,た,0
128,116,た,0
129,106,た,0
129,107,た,0
129,108,た,0
129,109,た,0
129,110,た,32.86999999999534
129,111,た,32.86999999999534
129,112,た,32.86999999999534
129,113,た,0
129,114,た,0
129,115,た,0
129,116,た,0
129,106,。,0
129,107,。,0
129,108,。,0
129,109,。,0
129,110,。,32.86999999999534
129,111,。,32.86999999999534
129,112,。,32.86999999999534
129,113,。,0
129,114,。,0
129,115,。,0
129,116,。,0
130,106,。,0
130,107,。,0
130,108,。,0
130,109,。,0
130,110,。,63.25
130,111,。,63.25
130,112,。,63.25
130,113,。,0
130,114,。,0
130,115,。,0
130,116,。,0
131,106,。,0
131,107,。,0
131,108,。,0
131,109,。,0
131,110,。,63.38999999999942
131,111,。,63.38999999999942
131,112,。,63.38999999999942
131,113,。,0
131,114,。,0
131,115,。,0
131,116,。,0
132,106,。,0
132,107,。,0
132,108,。,0
132,109,。,0
132,110,。,63.38999999999942
132,111,。,63.38999999999942
132,112,。,63.38999999999942
132,113,。,0
132,114,。,0
132,115,。,0
132,116,。,0
133,106,。,0
133,107,。,0
133,108,。,0
133,109,。,0
133,110,。,33.00999999999476
133,111,。,33.00999999999476
133,112,。,33.00999999999476
133,113,。,0
133,114,。,0
133,115,。,0
133,116,。,0
134,106,。,0
134,107,。,0
134,108,。,0
134,109,。,0
134,110,。,33.39999999999418
134,111,。,33.39999999999418
134,112,。,33.39999999999418
134,113,。,0
134,114,。,0
134,115,。,0
134,116,。,0
135,106,。,0
135,107,。,0
135,108,。,0
135,109,。,0
135,110,。,33.39999999999418
135,111,。,33.39999999999418
135,112,。,33.39999999999418
135,113,。,0
135,114,。,0
135,115,。,0
135,116,。,0
136,106,。,0
136,107,。,0
136,108,。,0
136,109,。,0
136,110,。,33.39999999999418
136,111,。,33.39999999999418
136,112,。,33.39999999999418
136,113,。,0
136,114,。,0
136,115,。,0
136,116,。,0
136,106,入,0
136,107,入,0
136,108,入,0
136,109,入,0
136,110,入,33.39999999999418
136,111,入,33.39999999999418
136,112,入,33.39999999999418
136,113,入,0
136,114,入,0
136,115,入,0
136,116,入,0
137,106,入,0
137,107,入,0
137,108,入,0
137,109,入,0
137,110,入,0
137,111,入,0
137,112,入,0
137,113,入,0
137,114,入,0
137,115,入,0
137,116,入,0
138,106,入,0
138,107,入,0
138,108,入,0
138,109,入,0
138,110,入,0
138,111,入,0
138,112,入,0
138,113,入,0
138,114,入,0
138,115,入,0
138,116,入,0
139,106,入,0
139,107,入,0
139,108,入,0
139,109,入,0
139,110,入,0
139,111,入,0
139,112,入,0
139,113,入,0
139,114,入,0
139,115,入,0
139,116,入,0
140,106,入,0
140,107,入,0
140,108,入,0
140,109,入,0
140,110,入,44.90000000000873
140,111,入,44.90000000000873
140,112,入,44.90000000000873
140,113,入,0
140,114,入,0
140,115,入,0
140,116,入,0
141,106,入,0
141,107,入,0
141,108,入,0
141,109,入,0
141,110,入,44.90000000000873
141,111,入,44.90000000000873
141,112,入,44.90000000000873
141,113,入,0
141,114,入,0
141,115,入,0
141,116,入,0
142,106,入,0
142,107,入,0
142,108,入,0
142,109,入,0
142,110,入,44.90000000000873
142,111,入,44.90000000000873
142,112,入,44.90000000000873
142,113,入,0
142,114,入,0
142,115,入,0
142,116,入,0
143,106,入,0
143,107,入,0
143,108,入,0
143,109,入,0
143,110,入,0
143,111,入,0
143,112,入,0
143,113,入,0
143,114,入,0
143,115,入,0
143,116,入,0
143,106,り,0
143,107,り,0
143,108,り,0
143,109,り,0
143,110,り,0
143,111,り,0
143,112,り,0
143,113,り,0
143,114,り,0
143,115,り,0
143,116,り,0
144,106,り,0
144,107,り,0
144,108,り,0
144,109,り,0
144,110,り,0
144,111,り,0
144,112,り,0
144,113,り,0
144,114,り,0
144,115,り,0
144,116,り,0
145,106,り,0
145,107,り,0
145,108,り,0
145,109,り,0
145,110,り,0
145,111,り,0
145,112,り,0
145,113,り,0
145,114,り,0
145,115,り,0
145,116,り,0
146,106,り,0
146,107,り,0
146,108,り,0
146,109,り,0
146,110,り,0
146,111,り,0
146,112,り,0
146,113,り,0
146,114,り,0
146,115,り,0
146,116,り,0
147,106,り,0
147,107,り,0
147,108,り,0
147,109,り,0
147,110,り,0
147,111,り,0
147,112,り,0
147,113,り,0
147,114,り,0
147,115,り,0
147,116,り,0
148,106,り,0
148,107,り,0
148,108,り,0
148,109,り,0
148,110,り,35.90999999998894
148,111,り,35.90999999998894
148,112,り,35.90999999998894
148,113,り,0
148,114,り,0
148,115,り,0
148,116,り,0
149,106,り,0
149,107,り,0
149,108,り,0
149,109,り,0
149,110,り,35.90999999998894
149,111,り,35.90999999998894
149,112,り,35.90999999998894
149,113,り,0
149,114,り,0
149,115,り,0
149,116,り,0
150,106,り,0
150,107,り,0
150,108,り,0
150,109,り,0
150,110,り,35.90999999998894
150,111,り,35.90999999998894
150,112,り,35.90999999998894
150,113,り,0
150,114,り,0
150,115,り,0
150,116,り,0
150,106,口,0
150,107,口,0
150,108,口,0
150,109,口,0
150,110,口,35.90999999998894
150,111,口,35.90999999998894
150,112,口,35.90999999998894
150,113,口,0
150,114,口,0
150,115,口,0
150,116,口,0
151,106,口,0
151,107,口,0
151,108,口,0
151,109,口,0
151,110,口,0
151,111,口,0
151,112,口,0
151,113,口,0
151,114,口,0
151,115,口,0
151,116,口,0
152,106,口,0
152,107,口,0
152,108,口,0
152,109,口,0
152,110,口,0
152,111,口,0
152,112,口,0
152,113,口,0
152,114,口,0
152,115,口,0
152,116,口,0
153,106,口,0
153,107,口,0
153,108,口,0
153,109,口,0
153,110,口,0
153,111,口,0
153,112,口,0
153,113,口,0
153,114,口,0
153,115,口,0
153,116,口,0
154,106,口,0
154,107,口,0
154,108,口,0
154,109,口,0
154,110,口,0
154,111,口,0
154,112,口,0
154,113,口,0
154,114,口,0
154,115,口,0
154,116,口,0
155,106,口,0
155,107,口,0
155,108,口,0
155,109,口,0
155,110,口,0
155,111,口,0
155,112,口,0
155,113,口,0
155,114,口,0
155,115,口,0
155,116,口,0
156,106,口,0
156,107,口,0
156,108,口,0
156,109,口,0
156,110,口,31.45000000001164
156,111,口,31.45000000001164
156,112,口,31.45000000001164
156,113,口,0
156,114,口,0
156,115,口,0
156,116,口,0
156,106,の,0
156,107,の,0
156,108,の,0
156,109,の,0
156,110,の,31.45000000001164
156,111,の,31.45000000001164
156,112,の,31.45000000001164
156,113,の,0
156,114,の,0
156,115,の,0
156,116,の,0
157,106,の,0
157,107,の,0
157,108,の,0
157,109,の,0
157,110,の,31.45000000001164
157,111,の,31.45000000001164
157,112,の,31.45000000001164
157,113,の,0
157,114,の,0
157,115,の,0
157,116,の,0
158,106,の,0
158,107,の,0
158,108,の,0
158,109,の,0
158,110,の,31.45000000001164
158,111,の,31.45000000001164
158,112,の,31.45000000001164
158,113,の,0
158,114,の,0
158,115,の,0
158,116,の,0
159,106,の,0
159,107,の,0
159,108,の,0
159,109,の,0
159,110,の,0
159,111,の,0
159,112,の,0
159,113,の,0
159,114,の,0
159,115,の,0
159,116,の,0
160,106,の,0
160,107,の,0
160,108,の,0
160,109,の,0
160,110,の,0
160,111,の,0
160,112,の,0
160,113,の,0
160,114,の,0
160,115,の,0
160,116,の,0
161,106,の,0
161,107,の,0
161,108,の,0
161,109,の,0
161,110,の,0
161,111,の,0
161,112,の,0
161,113,の,0
161,114,の,0
161,115,の,0
161,116,の,0
162,106,の,0
162,107,の,0
162,108,の,0
162,109,の,0
162,110,の,27.989999999990687
162,111,の,27.989999999990687
162,112,の,27.989999999990687
162,113,の,0
162,114,の,0
162,115,の,0
162,116,の,0
163,106,の,0
163,107,の,0
163,108,の,0
163,109,の,0
163,110,の,27.989999999990687
163,111,の,27.989999999990687
163,112,の,27.989999999990687
163,113,の,0
163,114,の,0
163,115,の,0
163,116,の,0
163,106,七,0
163,107,七,0
163,108,七,0
163,109,七,0
163,110,七,27.989999999990687
163,111,七,27.989999999990687
163,112,七,27.989999999990687
163,113,七,0
163,114,七,0
163,115,七,0
163,116,七,0
164,106,七,0
164,107,七,0
164,108,七,0
164,109,七,0
164,110,七,27.989999999990687
164,111,七,27.989999999990687
164,112,七,27.989999999990687
164,113,七,0
164,114,七,0
164,115,七,0
164,116,七,0
165,106,七,0
165,107,七,0
165,108,七,0
165,109,七,0
165,110,七,0
165,111,七,0
165,112,七,0
165,113,七,0
165,114,七,0
165,115,七,0
165,116,七,0
166,106,七,0
166,107,七,0
166,108,七,0
166,109,七,0
166,110,七,0
166,111,七,0
166,112,七,0
166,113,七,0
166,114,七,0
166,115,七,0
166,116,七,0
167,106,七,0
167,107,七,0
167,108,七,0
167,109,七,0
167,110,七,37.279999999998836
167,111,七,37.279999999998836
167,112,七,37.279999999998836
167,113,七,0
167,114,七,0
167,115,七,0
167,116,七,0
168,106,七,0
168,107,七,0
168,108,七,0
168,109,七,0
168,110,七,65.72999999999593
168,111,七,65.72999999999593
168,112,七,65.72999999999593
168,113,七,0
168,114,七,0
168,115,七,0
168,116,七,0
169,106,七,0
169,107,七,0
169,108,七,0
169,109,七,0
169,110,七,65.72999999999593
169,111,七,65.72999999999593
169,112,七,65.72999999999593
169,113,七,0
169,114,七,0
169,115,七,0
169,116,七,0
170,106,七,0
170,107,七,0
170,108,七,0
170,109,七,0
170,110,七,60.13000000000466
170,111,七,60.13000000000466
170,112,七,60.13000000000466
170,113,七,0
170,114,七,0
170,115,七,0
170,116,七,0
170,106,竈,0
170,107,竈,0
170,108,竈,0
170,109,竈,0
170,110,竈,60.13000000000466
170,111,竈,60.13000000000466
170,112,竈,60.13000000000466
170,113,竈,0
170,114,竈,0
170,115,竈,0
170,116,竈,0
171,106,竈,0
171,107,竈,0
171,108,竈,0
171,109,竈,0
171,110,竈,106.47000000001572
171,111,竈,106.47000000001572
171,112,竈,106.47000000001572
171,113,竈,0
171,114,竈,0
171,115,竈,0
171,116,竈,0
172,106,竈,0
172,107,竈,0
172,108,竈,0
172,109,竈,0
172,110,竈,106.47000000001572
172,111,竈,106.47000000001572
172,112,竈,106.47000000001572
172,113,竈,0
172,114,竈,0
172,115,竈,0
172,116,竈,0
173,106,竈,0
173,107,竈,0
173,108,竈,0
173,109,竈,0
173,110,竈,74.79000000000815
173,111,竈,74.79000000000815
173,112,竈,74.79000000000815
173,113,竈,0
173,114,竈,0
173,115,竈,0
173,116,竈,0
174,106,竈,0
174,107,竈,0
174,108,竈,0
174,109,竈,0
174,110,竈,25.189999999987776
174,111,竈,25.189999999987776
174,112,竈,25.189999999987776
174,113,竈,0
174,114,竈,0
174,115,竈,0
174,116,竈,0
175,106,竈,0
175,107,竈,0
175,108,竈,0
175,109,竈,0
175,110,竈,25.189999999987776
175,111,竈,25.189999999987776
175,112,竈,25.189999999987776
175,113,竈,0
175,114,竈,0
175,115,竈,0
175,116,竈,0
176,106,竈,0
176,107,竈,0
176,108,竈,0
176,109,竈,0
176,110,竈,57.01999999998952
176,111,竈,57.01999999998952
176,112,竈,57.01999999998952
176,113,竈,0
176,114,竈,0
176,115,竈,0
176,116,竈,0
177,106,竈,0
177,107,竈,0
177,108,竈,0
177,109,竈,0
177,110,竈,31.830000000001746
177,111,竈,31.830000000001746
177,112,竈,31.830000000001746
177,113,竈,0
177,114,竈,0
177,115,竈,0
177,116,竈,0
177,106,は,0
177,107,は,0
177,108,は,0
177,109,は,0
177,110,は,31.830000000001746
177,111,は,31.830000000001746
177,112,は,31.830000000001746
177,113,は,0
177,114,は,0
177,115,は,0
177,116,は,0
178,106,は,0
178,107,は,0
178,108,は,0
178,109,は,0
178,110,は,31.830000000001746
178,111,は,31.830000000001746
178,112,は,31.830000000001746
178,113,は,0
178,114,は,0
178,115,は,0
178,116,は,0
179,106,は,0
179,107,は,0
179,108,は,0
179,109,は,0
179,110,は,0
179,111,は,0
179,112,は,0
179,113,は,0
179,114,は,0
179,115,は,0
179,116,は,0
180,106,は,0
180,107,は,0
180,108,は,0
180,109,は,0
180,110,は,37.580000000001746
180,111,は,37.580000000001746
180,112,は,37.580000000001746
180,113,は,0
180,114,は,0
180,115,は,0
180,116,は,0
181,106,は,0
181,107,は,0
181,108,は,0
181,109,は,0
181,110,は,67.02000000000407
181,111,は,67.02000000000407
181,112,は,67.02000000000407
181,113,は,0
181,114,は,0
181,115,は,0
181,116,は,0
182,106,は,0
182,107,は,0
182,108,は,0
182,109,は,0
182,110,は,115.75
182,111,は,115.75
182,112,は,115.75
182,113,は,0
182,114,は,0
182,115,は,0
182,116,は,0
183,106,は,0
183,107,は,0
183,108,は,0
183,109,は,0
183,110,は,109.44999999999709
183,111,は,109.44999999999709
183,112,は,109.44999999999709
183,113,は,0
183,114,は,0
183,115,は,0
183,116,は,0
183,106,、,0
183,107,、,0
183,108,、,0
183,109,、,0
183,110,、,109.44999999999709
183,111,、,109.44999999999709
183,112,、,109.44999999999709
183,113,、,0
183,114,、,0
183,115,、,0
183,116,、,0
184,106,、,0
184,107,、,0
184,108,、,0
184,109,、,0
184,110,、,110.36000000000058
184,111,、,110.36000000000058
184,112,、,110.36000000000058
184,113,、,0
184,114,、,0
184,115,、,0
184,116,、,0
185,106,、,0
185,107,、,0
185,108,、,0
185,109,、,0
185,110,、,61.63000000000466
185,111,、,61.63000000000466
185,112,、,61.63000000000466
185,113,、,0
185,114,、,0
185,115,、,0
185,116,、,0
186,106,、,0
186,107,、,0
186,108,、,0
186,109,、,0
186,110,、,155.40000000000873
186,111,、,155.40000000000873
186,112,、,155.40000000000873
186,113,、,0
186,114,、,0
186,115,、,0
186,116,、,0
187,106,、,0
187,107,、,0
187,108,、,0
187,109,、,0
187,110,、,254.84000000001106
187,111,、,254.84000000001106
187,112,、,254.84000000001106
187,113,、,0
187,114,、,0
187,115,、,0
187,116,、,0
188,106,、,0
188,107,、,0
188,108,、,0
188,109,、,0
188,110,、,435.7799999999843
188,111,、,435.7799999999843
188,112,、,435.7799999999843
188,113,、,0
188,114,、,0
188,115,、,0
188,116,、,0
189,106,、,0
189,107,、,0
189,108,、,0
189,109,、,0
189,110,、,344.3799999999901
189,111,、,344.3799999999901
189,112,、,344.3799999999901
189,113,、,0
189,114,、,0
189,115,、,0
189,116,、,0
190,106,、,0
190,107,、,0
190,108,、,0
190,109,、,0
190,110,、,338.1900000000023
190,111,、,338.1900000000023
190,112,、,338.1900000000023
190,113,、,0
190,114,、,0
190,115,、,0
190,116,、,0
190,106,店,0
190,107,店,0
190,108,店,0
190,109,店,0
190,110,店,338.1900000000023
190,111,店,338.1900000000023
190,112,店,338.1900000000023
190,113,店,0
190,114,店,0
190,115,店,0
190,116,店,0
191,106,店,0
191,107,店,0
191,108,店,0
191,109,店,0
191,110,店,257.44000000003143
191,111,店,257.44000000003143
191,112,店,257.44000000003143
191,113,店,0
191,114,店,0
191,115,店,0
191,116,店,0
192,106,店,0
192,107,店,0
192,108,店,0
192,109,店,0
192,110,店,558.2700000000041
192,111,店,558.2700000000041
192,112,店,558.2700000000041
192,113,店,0
192,114,店,0
192,115,店,0
192,116,店,0
193,106,店,0
193,107,店,0
193,108,店,0
193,109,店,0
193,110,店,495.90999999998894
193,111,店,495.90999999998894
193,112,店,495.90999999998894
193,113,店,0
193,114,店,0
193,115,店,0
193,116,店,0
194,106,店,0
194,107,店,0
194,108,店,0
194,109,店,0
194,110,店,490.8600000000006
194,111,店,490.8600000000006
194,112,店,490.8600000000006
194,113,店,0
194,114,店,0
194,115,店,0
194,116,店,0
195,106,店,0
195,107,店,0
195,108,店,0
195,109,店,0
195,110,店,272.75000000001455
195,111,店,272.75000000001455
195,112,店,272.75000000001455
195,113,店,0
195,114,店,0
195,115,店,0
195,116,店,0
196,106,店,0
196,107,店,0
196,108,店,0
196,109,店,0
196,110,店,332.7700000000041
196,111,店,332.7700000000041
196,112,店,332.7700000000041
196,113,店,0
196,114,店,0
196,115,店,0
196,116,店,0
197,106,店,0
197,107,店,0
197,108,店,0
197,109,店,0
197,110,店,481.41999999996915
197,111,店,481.41999999996915
197,112,店,481.41999999996915
197,113,店,0
197,114,店,0
197,115,店,0
197,116,店,0
197,106,主,0
197,107,主,0
197,108,主,0
197,109,主,0
197,110,主,481.41999999996915
197,111,主,481.41999999996915
197,112,主,481.41999999996915
197,113,主,0
197,114,主,0
197,115,主,0
197,116,主,0
198,106,主,0
198,107,主,0
198,108,主,0
198,109,主,0
198,110,主,476.92999999997846
198,111,主,476.92999999997846
198,112,主,476.92999999997846
198,113,主,0
198,114,主,0
198,115,主,0
198,116,主,0
199,106,主,0
199,107,主,0
199,108,主,0
199,109,主,0
199,110,主,391.95999999999185
199,111,主,391.95999999999185
199,112,主,391.95999999999185
199,113,主,0
199,114,主,0
199,115,主,0
199,116,主,0
200,106,主,0
200,107,主,0
200,108,主,0
200,109,主,0
200,110,主,214.25000000001455
200,111,主,214.25000000001455
200,112,主,214.25000000001455
200,113,主,0
200,114,主,0
200,115,主,0
200,116,主,0
201,106,主,0
201,107,主,0
201,108,主,0
201,109,主,0
201,110,主,254.0800000000163
201,111,主,254.0800000000163
201,112,主,254.0800000000163
201,113,主,0
201,114,主,0
201,115,主,0
201,116,主,0
202,106,主,0
202,107,主,0
202,108,主,0
202,109,主,0
202,110,主,217.79000000000815
202,111,主,217.79000000000815
202,112,主,217.79000000000815
202,113,主,0
202,114,主,0
202,115,主,0
202,116,主,0
203,106,主,0
203,107,主,0
203,108,主,0
203,109,主,0
203,110,主,184.55999999999767
203,111,主,184.55999999999767
203,112,主,184.55999999999767
203,113,主,0
203,114,主,0
203,115,主,0
203,116,主,0
204,106,主,0
204,107,主,0
204,108,主,0
204,109,主,0
204,110,主,65.19999999999709
204,111,主,65.19999999999709
204,112,主,65.19999999999709
204,113,主,0
204,114,主,0
204,115,主,0
204,116,主,0
204,106,の,0
204,107,の,0
204,108,の,0
204,109,の,0
204,110,の,65.19999999999709
204,111,の,65.19999999999709
204,112,の,65.19999999999709
204,113,の,0
204,114,の,0
204,115,の,0
204,116,の,0
205,106,の,0
205,107,の,0
205,108,の,0
205,109,の,0
205,110,の,65.19999999999709
205,111,の,65.19999999999709
205,112,の,65.19999999999709
205,113,の,0
205,114,の,0
205,115,の,0
205,116,の,0
206,106,の,0
206,107,の,0
206,108,の,0
206,109,の,0
206,110,の,99.75999999999476
206,111,の,99.75999999999476
206,112,の,99.75999999999476
206,113,の,0
206,114,の,0
206,115,の,0
206,116,の,0
207,106,の,0
207,107,の,0
207,108,の,0
207,109,の,0
207,110,の,67.40999999998894
207,111,の,67.40999999998894
207,112,の,67.40999999998894
207,113,の,0
207,114,の,0
207,115,の,0
207,116,の,0
208,106,の,0
208,107,の,0
208,108,の,0
208,109,の,0
208,110,の,96.2899999999936
208,111,の,96.2899999999936
208,112,の,96.2899999999936
208,113,の,0
208,114,の,0
208,115,の,0
208,116,の,0
209,106,の,0
209,107,の,0
209,108,の,0
209,109,の,0
209,110,の,28.880000000004657
209,111,の,28.880000000004657
209,112,の,28.880000000004657
209,113,の,0
209,114,の,0
209,115,の,0
209,116,の,0
210,106,の,0
210,107,の,0
210,108,の,0
210,109,の,0
210,110,の,28.880000000004657
210,111,の,28.880000000004657
210,112,の,28.880000000004657
210,113,の,0
210,114,の,0
210,115,の,0
210,116,の,0
210,106,故,0
210,107,故,0
210,108,故,0
210,109,故,0
210,110,故,28.880000000004657
210,111,故,28.880000000004657
210,112,故,28.880000000004657
210,113,故,0
210,114,故,0
210,115,故,0
210,116,故,0
211,106,故,0
211,107,故,0
211,108,故,0
211,109,故,0
211,110,故,0
211,111,故,0
211,112,故,0
211,113,故,0
211,114,故,0
211,115,故,0
211,116,故,0
212,106,故,0
212,107,故,0
212,108,故,0
212,109,故,0
212,110,故,31.889999999999418
212,111,故,31.889999999999418
212,112,故,31.889999999999418
212,113,故,0
212,114,故,0
212,115,故,0
212,116,故,0
213,106,故,0
213,107,故,0
213,108,故,0
213,109,故,0
213,110,故,31.889999999999418
213,111,故,31.889999999999418
213,112,故,31.889999999999418
213,113,故,0
213,114,故,0
213,115,故,0
213,116,故,0
214,106,故,0
214,107,故,0
214,108,故,0
214,109,故,0
214,110,故,64.72999999999593
214,111,故,64.72999999999593
214,112,故,64.72999999999593
214,113,故,0
214,114,故,0
214,115,故,0
214,116,故,0
215,106,故,0
215,107,故,0
215,108,故,0
215,109,故,0
215,110,故,32.83999999999651
215,111,故,32.83999999999651
215,112,故,32.83999999999651
215,113,故,0
215,114,故,0
215,115,故,0
215,116,故,0
216,106,故,0
216,107,故,0
216,108,故,0
216,109,故,0
216,110,故,32.83999999999651
216,111,故,32.83999999999651
216,112,故,32.83999999999651
216,113,故,0
216,114,故,0
216,115,故,0
216,116,故,0
217,106,故,0
217,107,故,0
217,108,故,0
217,109,故,0
217,110,故,36.919999999998254
217,111,故,36.919999999998254
217,112,故,36.919999999998254
217,113,故,0
217,114,故,0
217,115,故,0
217,116,故,0
217,106,地,0
217,107,地,0
217,108,地,0
217,109,地,0
217,110,地,36.919999999998254
217,111,地,36.919999999998254
217,112,地,36.919999999998254
217,113,地,0
217,114,地,0
217,115,地,0
217,116,地,0
218,106,地,0
218,107,地,0
218,108,地,0
218,109,地,0
218,110,地,36.919999999998254
218,111,地,36.919999999998254
218,112,地,36.919999999998254
218,113,地,0
218,114,地,0
218,115,地,0
218,116,地,0
219,106,地,0
219,107,地,0
219,108,地,0
219,109,地,0
219,110,地,62.870000000009895
219,111,地,62.870000000009895
219,112,地,62.870000000009895
219,113,地,0
219,114,地,0
219,115,地,0
219,116,地,0
220,106,地,0
220,107,地,0
220,108,地,0
220,109,地,0
220,110,地,25.95000000001164
220,111,地,25.95000000001164
220,112,地,25.95000000001164
220,113,地,0
220,114,地,0
220,115,地,0
220,116,地,0
221,106,地,0
221,107,地,0
221,108,地,0
221,109,地,0
221,110,地,74.25
221,111,地,74.25
221,112,地,74.25
221,113,地,0
221,114,地,0
221,115,地,0
221,116,地,0
222,106,地,0
222,107,地,0
222,108,地,0
222,109,地,0
222,110,地,149.4899999999907
222,111,地,149.4899999999907
222,112,地,149.4899999999907
222,113,地,0
222,114,地,0
222,115,地,0
222,116,地,0
223,106,地,0
223,107,地,0
223,108,地,0
223,109,地,0
223,110,地,211.05999999999767
223,111,地,211.05999999999767
223,112,地,211.05999999999767
223,113,地,0
223,114,地,0
223,115,地,0
223,116,地,0
224,106,地,0
224,107,地,0
224,108,地,0
224,109,地,0
224,110,地,162.7600000000093
224,111,地,162.7600000000093
224,112,地,162.7600000000093
224,113,地,0
224,114,地,0
224,115,地,0
224,116,地,0
224,106,か,0
224,107,か,0
224,108,か,0
224,109,か,0
224,110,か,162.7600000000093
224,111,か,162.7600000000093
224,112,か,162.7600000000093
224,113,か,0
224,114,か,0
224,115,か,0
224,116,か,0
225,106,か,0
225,107,か,0
225,108,か,0
225,109,か,0
225,110,か,90.98000000001048
225,111,か,90.98000000001048
225,112,か,90.98000000001048
225,113,か,0
225,114,か,0
225,115,か,0
225,116,か,0
226,106,か,0
226,107,か,0
226,108,か,0
226,109,か,0
226,110,か,29.410000000003492
226,111,か,29.410000000003492
226,112,か,29.410000000003492
226,113,か,0
226,114,か,0
226,115,か,0
226,116,か,0
227,106,か,0
227,107,か,0
227,108,か,0
227,109,か,0
227,110,か,58.70999999999185
227,111,か,58.70999999999185
227,112,か,58.70999999999185
227,113,か,0
227,114,か,0
227,115,か,0
227,116,か,0
228,106,か,0
228,107,か,0
228,108,か,0
228,109,か,0
228,110,か,29.29999999998836
228,111,か,29.29999999998836
228,112,か,29.29999999998836
228,113,か,0
228,114,か,0
228,115,か,0
228,116,か,0
229,106,か,0
229,107,か,0
229,108,か,0
229,109,か,0
229,110,か,69.54999999998836
229,111,か,69.54999999998836
229,112,か,69.54999999998836
229,113,か,0
229,114,か,0
229,115,か,0
229,116,か,0
230,106,か,0
230,107,か,0
230,108,か,0
230,109,か,0
230,110,か,40.25
230,111,か,40.25
230,112,か,40.25
230,113,か,0
230,114,か,0
230,115,か,0
230,116,か,0
231,106,か,0
231,107,か,0
231,108,か,0
231,109,か,0
231,110,か,68.58000000000175
231,111,か,68.58000000000175
231,112,か,68.58000000000175
231,113,か,0
231,114,か,0
231,115,か,0
231,116,か,0
231,106,ら,0
231,107,ら,0
231,108,ら,0
231,109,ら,0
231,110,ら,68.58000000000175
231,111,ら,68.58000000000175
231,112,ら,68.58000000000175
231,113,ら,0
231,114,ら,0
231,115,ら,0
231,116,ら,0
232,106,ら,0
232,107,ら,0
232,108,ら,0
232,109,ら,0
232,110,ら,28.330000000001746
232,111,ら,28.330000000001746
232,112,ら,28.330000000001746
232,113,ら,0
232,114,ら,0
232,115,ら,0
232,116,ら,0
233,106,ら,0
233,107,ら,0
233,108,ら,0
233,109,ら,0
233,110,ら,28.330000000001746
233,111,ら,28.330000000001746
233,112,ら,28.330000000001746
233,113,ら,0
233,114,ら,0
233,115,ら,0
233,116,ら,0
234,106,ら,0
234,107,ら,0
234,108,ら,0
234,109,ら,0
234,110,ら,29.639999999999418
234,111,ら,29.639999999999418
234,112,ら,29.639999999999418
234,113,ら,0
234,114,ら,0
234,115,ら,0
234,116,ら,0
235,106,ら,0
235,107,ら,0
235,108,ら,0
235,109,ら,0
235,110,ら,29.639999999999418
235,111,ら,29.639999999999418
235,112,ら,29.639999999999418
235,113,ら,0
235,114,ら,0
235,115,ら,0
235,116,ら,0
236,106,ら,0
236,107,ら,0
236,108,ら,0
236,109,ら,0
236,110,ら,61.49000000000524
236,111,ら,61.49000000000524
236,112,ら,61.49000000000524
236,113,ら,0
236,114,ら,0
236,115,ら,0
236,116,ら,0
237,106,ら,0
237,107,ら,0
237,108,ら,0
237,109,ら,0
237,110,ら,31.85000000000582
237,111,ら,31.85000000000582
237,112,ら,31.85000000000582
237,113,ら,0
237,114,ら,0
237,115,ら,0
237,116,ら,0
237,106,届,0
237,107,届,0
237,108,届,0
237,109,届,0
237,110,届,31.85000000000582
237,111,届,31.85000000000582
237,112,届,31.85000000000582
237,113,届,0
237,114,届,0
237,115,届,0
237,116,届,0
238,106,届,0
238,107,届,0
238,108,届,0
238,109,届,0
238,110,届,31.85000000000582
238,111,届,31.85000000000582
238,112,届,31.85000000000582
238,113,届,0
238,114,届,0
238,115,届,0
238,116,届,0
239,106,届,0
239,107,届,0
239,108,届,0
239,109,届,0
239,110,届,0
239,111,届,0
239,112,届,0
239,113,届,0
239,114,届,0
239,115,届,0
239,116,届,0
240,106,届,0
240,107,届,0
240,108,届,0
240,109,届,0
240,110,届,49.86999999999534
240,111,届,49.86999999999534
240,112,届,49.86999999999534
240,113,届,0
240,114,届,0
240,115,届,0
240,116,届,0
241,106,届,0
241,107,届,0
241,108,届,0
241,109,届,0
241,110,届,49.86999999999534
241,111,届,49.86999999999534
241,112,届,49.86999999999534
241,113,届,0
241,114,届,0
241,115,届,0
241,116,届,0
242,106,届,0
242,107,届,0
242,108,届,0
242,109,届,0
242,110,届,49.86999999999534
242,111,届,49.86999999999534
242,112,届,49.86999999999534
242,113,届,0
242,114,届,0
242,115,届,0
242,116,届,0
243,106,届,0
243,107,届,0
243,108,届,0
243,109,届,0
243,110,届,0
243,111,届,0
243,112,届,0
243,113,届,0
243,114,届,0
243,115,届,0
243,116,届,0
244,106,届,0
244,107,届,0
244,108,届,0
244,109,届,0
244,110,届,32.830000000001746
244,111,届,32.830000000001746
244,112,届,32.830000000001746
244,113,届,0
244,114,届,0
244,115,届,0
244,116,届,0
244,106,い,0
244,107,い,0
244,108,い,0
244,109,い,0
244,110,い,32.830000000001746
244,111,い,32.830000000001746
244,112,い,32.830000000001746
244,113,い,0
244,114,い,0
244,115,い,0
244,116,い,0
245,106,い,0
245,107,い,0
245,108,い,0
245,109,い,0
245,110,い,32.830000000001746
245,111,い,32.830000000001746
245,112,い,32.830000000001746
245,113,い,0
245,114,い,0
245,115,い,0
245,116,い,0
246,106,い,0
246,107,い,0
246,108,い,0
246,109,い,0
246,110,い,32.830000000001746
246,111,い,32.830000000001746
246,112,い,32.830000000001746
246,113,い,0
246,114,い,0
246,115,い,0
246,116,い,0
247,106,い,0
247,107,い,0
247,108,い,0
247,109,い,0
247,110,い,31.619999999995343
247,111,い,31.619999999995343
247,112,い,31.619999999995343
247,113,い,0
247,114,い,0
247,115,い,0
247,116,い,0
248,106,い,0
248,107,い,0
248,108,い,0
248,109,い,0
248,110,い,31.619999999995343
248,111,い,31.619999999995343
248,112,い,31.619999999995343
248,113,い,0
248,114,い,0
248,115,い,0
248,116,い,0
249,106,い,0
249,107,い,0
249,108,い,0
249,109,い,0
249,110,い,61.44000000000233
249,111,い,61.44000000000233
249,112,い,61.44000000000233
249,113,い,0
249,114,い,0
249,115,い,0
249,116,い,0
250,106,い,0
250,107,い,0
250,108,い,0
250,109,い,0
250,110,い,99.36999999999534
250,111,い,99.36999999999534
250,112,い,99.36999999999534
250,113,い,0
250,114,い,0
250,115,い,0
250,116,い,0
251,106,い,0
251,107,い,0
251,108,い,0
251,109,い,0
251,110,い,131.92999999999302
251,111,い,131.92999999999302
251,112,い,131.92999999999302
251,113,い,0
251,114,い,0
251,115,い,0
251,116,い,0
251,106,た,0
251,107,た,0
251,108,た,0
251,109,た,0
251,110,た,131.92999999999302
251,111,た,131.92999999999302
251,112,た,131.92999999999302
251,113,た,0
251,114,た,0
251,115,た,0
251,116,た,0
252,106,た,0
252,107,た,0
252,108,た,0
252,109,た,0
252,110,た,132.36999999999534
252,111,た,132.36999999999534
252,112,た,132.36999999999534
252,113,た,0
252,114,た,0
252,115,た,0
252,116,た,0
253,106,た,0
253,107,た,0
253,108,た,0
253,109,た,0
253,110,た,93.40000000000873
253,111,た,93.40000000000873
253,112,た,93.40000000000873
253,113,た,0
253,114,た,0
253,115,た,0
253,116,た,0
254,106,た,0
254,107,た,0
254,108,た,0
254,109,た,0
254,110,た,60.84000000001106
254,111,た,60.84000000001106
254,112,た,60.84000000001106
254,113,た,0
254,114,た,0
254,115,た,0
254,116,た,0
255,106,た,0
255,107,た,0
255,108,た,0
255,109,た,0
255,110,た,30.580000000001746
255,111,た,30.580000000001746
255,112,た,30.580000000001746
255,113,た,0
255,114,た,0
255,115,た,0
255,116,た,0
256,106,た,0
256,107,た,0
256,108,た,0
256,109,た,0
256,110,た,0
256,111,た,0
256,112,た,0
256,113,た,0
256,114,た,0
256,115,た,0
256,116,た,0
257,106,た,0
257,107,た,0
257,108,た,0
257,109,た,0
257,110,た,0
257,111,た,0
257,112,た,0
257,113,た,0
257,114,た,0
257,115,た,0
257,116,た,0
258,106,た,0
258,107,た,0
258,108,た,0
258,109,た,0
258,110,た,0
258,111,た,0
258,112,た,0
258,113,た,0
258,114,た,0
258,115,た,0
258,116,た,0
62,116,も,0
62,117,も,0
62,118,も,0
62,119,も,0
62,120,も,0
62,121,も,0
62,122,も,0
62,123,も,0
62,124,も,0
62,125,も,0
62,126,も,0
63,116,も,0
63,117,も,0
63,118,も,0
63,119,も,0
63,120,も,0
63,121,も,0
63,122,も,0
63,123,も,0
63,124,も,0
63,125,も,0
63,126,も,0
64,116,も,0
64,117,も,0
64,118,も,0
64,119,も,0
64,120,も,34.080000000001746
64,121,も,34.080000000001746
64,122,も,34.080000000001746
64,123,も,0
64,124,も,0
64,125,も,0
64,126,も,0
65,116,も,0
65,117,も,0
65,118,も,0
65,119,も,0
65,120,も,64.11999999999534
65,121,も,64.11999999999534
65,122,も,64.11999999999534
65,123,も,0
65,124,も,0
65,125,も,0
65,126,も,0
66,116,も,0
66,117,も,0
66,118,も,0
66,119,も,0
66,120,も,64.11999999999534
66,121,も,64.11999999999534
66,122,も,64.11999999999534
66,123,も,0
66,124,も,0
66,125,も,0
66,126,も,0
67,116,も,0
67,117,も,0
67,118,も,0
67,119,も,0
67,120,も,30.039999999993597
67,121,も,30.039999999993597
67,122,も,30.039999999993597
67,123,も,0
67,124,も,0
67,125,も,0
67,126,も,0
68,116,も,0
68,117,も,0
68,118,も,0
68,119,も,0
68,120,も,0
68,121,も,0
68,122,も,0
68,123,も,0
68,124,も,0
68,125,も,0
68,126,も,0
69,116,も,0
69,117,も,0
69,118,も,0
69,119,も,0
69,120,も,0
69,121,も,0
69,122,も,0
69,123,も,0
69,124,も,0
69,125,も,0
69,126,も,0
69,116,の,0
69,117,の,0
69,118,の,0
69,119,の,0
69,120,の,0
69,121,の,0
69,122,の,0
69,123,の,0
69,124,の,0
69,125,の,0
69,126,の,0
70,116,の,0
70,117,の,0
70,118,の,0
70,119,の,0
70,120,の,65.36000000001513
70,121,の,65.36000000001513
70,122,の,65.36000000001513
70,123,の,0
70,124,の,0
70,125,の,0
70,126,の,0
71,116,の,0
71,117,の,0
71,118,の,0
71,119,の,0
71,120,の,65.36000000001513
71,121,の,65.36000000001513
71,122,の,65.36000000001513
71,123,の,0
71,124,の,0
71,125,の,0
71,126,の,0
72,116,の,0
72,117,の,0
72,118,の,0
72,119,の,0
72,120,の,65.36000000001513
72,121,の,65.36000000001513
72,122,の,65.36000000001513
72,123,の,0
72,124,の,0
72,125,の,0
72,126,の,0
73,116,の,0
73,117,の,0
73,118,の,0
73,119,の,0
73,120,の,0
73,121,の,0
73,122,の,0
73,123,の,0
73,124,の,0
73,125,の,0
73,126,の,0
74,116,の,0
74,117,の,0
74,118,の,0
74,119,の,0
74,120,の,0
74,121,の,0
74,122,の,0
74,123,の,0
74,124,の,0
74,125,の,0
74,126,の,0
75,116,の,0
75,117,の,0
75,118,の,0
75,119,の,0
75,120,の,32.14999999999418
75,121,の,32.14999999999418
75,122,の,32.14999999999418
75,123,の,0
75,124,の,0
75,125,の,0
75,126,の,0
75,116,だ,0
75,117,だ,0
75,118,だ,0
75,119,だ,0
75,120,だ,32.14999999999418
75,121,だ,32.14999999999418
75,122,だ,32.14999999999418
75,123,だ,0
75,124,だ,0
75,125,だ,0
75,126,だ,0
76,116,だ,0
76,117,だ,0
76,118,だ,0
76,119,だ,0
76,120,だ,32.14999999999418
76,121,だ,32.14999999999418
76,122,だ,32.14999999999418
76,123,だ,0
76,124,だ,0
76,125,だ,0
76,126,だ,0
77,116,だ,0
77,117,だ,0
77,118,だ,0
77,119,だ,0
77,120,だ,32.14999999999418
77,121,だ,32.14999999999418
77,122,だ,32.14999999999418
77,123,だ,0
77,124,だ,0
77,125,だ,0
77,126,だ,0
78,116,だ,0
78,117,だ,0
78,118,だ,0
78,119,だ,0
78,120,だ,32.61999999999534
78,121,だ,32.61999999999534
78,122,だ,32.61999999999534
78,123,だ,0
78,124,だ,0
78,125,だ,0
78,126,だ,0
79,116,だ,0
79,117,だ,0
79,118,だ,0
79,119,だ,0
79,120,だ,32.61999999999534
79,121,だ,32.61999999999534
79,122,だ,32.61999999999534
79,123,だ,0
79,124,だ,0
79,125,だ,0
79,126,だ,0
80,116,だ,0
80,117,だ,0
80,118,だ,0
80,119,だ,0
80,120,だ,32.61999999999534
80,121,だ,32.61999999999534
80,122,だ,32.61999999999534
80,123,だ,0
80,124,だ,0
80,125,だ,0
80,126,だ,0
81,116,だ,0
81,117,だ,0
81,118,だ,0
81,119,だ,0
81,120,だ,0
81,121,だ,0
81,122,だ,0
81,123,だ,0
81,124,だ,0
81,125,だ,0
81,126,だ,0
82,116,だ,0
82,117,だ,0
82,118,だ,0
82,119,だ,0
82,120,だ,30.0
82,121,だ,30.0
82,122,だ,30.0
82,123,だ,0
82,124,だ,0
82,125,だ,0
82,126,だ,0
82,116,っ,0
82,117,っ,0
82,118,っ,0
82,119,っ,0
82,120,っ,30.0
82,121,っ,30.0
82,122,っ,30.0
82,123,っ,0
82,124,っ,0
82,125,っ,0
82,126,っ,0
83,116,っ,0
83,117,っ,0
83,118,っ,0
83,119,っ,0
83,120,っ,30.0
83,121,っ,30.0
83,122,っ,30.0
83,123,っ,0
83,124,っ,0
83,125,っ,0
83,126,っ,0
84,116,っ,0
84,117,っ,0
84,118,っ,0
84,119,っ,0
84,120,っ,30.0
84,121,っ,30.0
84,122,っ,30.0
84,123,っ,0
84,124,っ,0
84,125,っ,0
84,126,っ,0
85,116,っ,0
85,117,っ,0
85,118,っ,0
85,119,っ,0
85,120,っ,38.91000000000349
85,121,っ,38.91000000000349
85,122,っ,38.91000000000349
85,123,っ,0
85,124,っ,0
85,125,っ,0
85,126,っ,0
86,116,っ,0
86,117,っ,0
86,118,っ,0
86,119,っ,0
86,120,っ,38.91000000000349
86,121,っ,38.91000000000349
86,122,っ,38.91000000000349
86,123,っ,0
86,124,っ,0
86,125,っ,0
86,126,っ,0
87,116,っ,0
87,117,っ,0
87,118,っ,0
87,119,っ,0
87,120,っ,38.91000000000349
87,121,っ,38.91000000000349
87,122,っ,38.91000000000349
87,123,っ,0
87,124,っ,0
87,125,っ,0
87,126,っ,0
88,116,っ,0
88,117,っ,0
88,118,っ,0
88,119,っ,0
88,120,っ,26.0
88,121,っ,26.0
88,122,っ,26.0
88,123,っ,0
88,124,っ,0
88,125,っ,0
88,126,っ,0
89,116,っ,0
89,117,っ,0
89,118,っ,0
89,119,っ,0
89,120,っ,26.0
89,121,っ,26.0
89,122,っ,26.0
89,123,っ,0
89,124,っ,0
89,125,っ,0
89,126,っ,0
89,116,た,0
89,117,た,0
89,118,た,0
89,119,た,0
89,120,た,26.0
89,121,た,26.0
89,122,た,26.0
89,123,た,0
89,124,た,0
89,125,た,0
89,126,た,0
90,116,た,0
90,117,た,0
90,118,た,0
90,119,た,0
90,120,た,26.0
90,121,た,26.0
90,122,た,26.0
90,123,た,0
90,124,た,0
90,125,た,0
90,126,た,0
91,116,た,0
91,117,た,0
91,118,た,0
91,119,た,0
91,120,た,28.89999999999418
91,121,た,28.89999999999418
91,122,た,28.89999999999418
91,123,た,0
91,124,た,0
91,125,た,0
91,126,た,0
92,116,た,0
92,117,た,0
92,118,た,0
92,119,た,0
92,120,た,59.2899999999936
92,121,た,59.2899999999936
92,122,た,59.2899999999936
92,123,た,0
92,124,た,0
92,125,た,0
92,126,た,0
93,116,た,0
93,117,た,0
93,118,た,0
93,119,た,0
93,120,た,59.2899999999936
93,121,た,59.2899999999936
93,122,た,59.2899999999936
93,123,た,0
93,124,た,0
93,125,た,0
93,126,た,0
94,116,た,0
94,117,た,0
94,118,た,0
94,119,た,0
94,120,た,30.389999999999418
94,121,た,30.389999999999418
94,122,た,30.389999999999418
94,123,た,0
94,124,た,0
94,125,た,0
94,126,た,0
95,116,た,0
95,117,た,0
95,118,た,0
95,119,た,0
95,120,た,0
95,121,た,0
95,122,た,0
95,123,た,0
95,124,た,0
95,125,た,0
95,126,た,0
96,116,た,0
96,117,た,0
96,118,た,0
96,119,た,0
96,120,た,0
96,121,た,0
96,122,た,0
96,123,た,0
96,124,た,0
96,125,た,0
96,126,た,0
96,116,。,0
96,117,。,0
96,118,。,0
96,119,。,0
96,120,。,0
96,121,。,0
96,122,。,0
96,123,。,0
96,124,。,0
96,125,。,0
96,126,。,0
97,116,。,0
97,117,。,0
97,118,。,0
97,119,。,0
97,120,。,0
97,121,。,0
97,122,。,0
97,123,。,0
97,124,。,0
97,125,。,0
97,126,。,0
98,116,。,0
98,117,。,0
98,118,。,0
98,119,。,0
98,120,。,52.979999999995925
98,121,。,52.979999999995925
98,122,。,52.979999999995925
98,123,。,0
98,124,。,0
98,125,。,0
98,126,。,0
99,116,。,0
99,117,。,0
99,118,。,0
99,119,。,0
99,120,。,52.979999999995925
99,121,。,52.979999999995925
99,122,。,52.979999999995925
99,123,。,0
99,124,。,0
99,125,。,0
99,126,。,0
100,116,。,0
100,117,。,0
100,118,。,0
100,119,。,0
100,120,。,52.979999999995925
100,121,。,52.979999999995925
100,122,。,52.979999999995925
100,123,。,0
100,124,。,0
100,125,。,0
100,126,。,0
101,116,。,0
101,117,。,0
101,118,。,0
101,119,。,0
101,120,。,0
101,121,。,0
101,122,。,0
101,123,。,0
101,124,。,0
101,125,。,0
101,126,。,0
102,116,。,0
102,117,。,0
102,118,。,0
102,119,。,0
102,120,。,26.820000000006985
102,121,。,26.820000000006985
102,122,。,26.820000000006985
102,123,。,0
102,124,。,0
102,125,。,0
102,126,。,0
102,116,思,0
102,117,思,0
102,118,思,0
102,119,思,0
102,120,思,26.820000000006985
102,121,思,26.820000000006985
102,122,思,26.820000000006985
102,123,思,0
102,124,思,0
102,125,思,0
102,126,思,0
103,116,思,0
103,117,思,0
103,118,思,0
103,119,思,0
103,120,思,26.820000000006985
103,121,思,26.820000000006985
103,122,思,26.820000000006985
103,123,思,0
103,124,思,0
103,125,思,0
103,126,思,0
104,116,思,0
104,117,思,0
104,118,思,0
104,119,思,0
104,120,思,26.820000000006985
104,121,思,26.820000000006985
104,122,思,26.820000000006985
104,123,思,0
104,124,思,0
104,125,思,0
104,126,思,0
105,116,思,0
105,117,思,0
105,118,思,0
105,119,思,0
105,120,思,0
105,121,思,0
105,122,思,0
105,123,思,0
105,124,思,0
105,125,思,0
105,126,思,0
106,116,思,0
106,117,思,0
106,118,思,0
106,119,思,0
106,120,思,0
106,121,思,0
106,122,思,0
106,123,思,0
106,124,思,0
106,125,思,0
106,126,思,0
107,116,思,0
107,117,思,0
107,118,思,0
107,119,思,0
107,120,思,0
107,121,思,0
107,122,思,0
107,123,思,0
107,124,思,0
107,125,思,0
107,126,思,0
108,116,思,0
108,117,思,0
108,118,思,0
108,119,思,0
108,120,思,0
108,121,思,0
108,122,思,0
108,123,思,0
108,124,思,0
108,125,思,0
108,126,思,0
109,116,思,0
109,117,思,0
109,118,思,0
109,119,思,0
109,120,思,36.5399999999936
109,121,思,36.5399999999936
109,122,思,36.5399999999936
109,123,思,0
109,124,思,0
109,125,思,0
109,126,思,0
109,116,い,0
109,117,い,0
109,118,い,0
109,119,い,0
109,120,い,36.5399999999936
109,121,い,36.5399999999936
109,122,い,36.5399999999936
109,123,い,0
109,124,い,0
109,125,い,0
109,126,い,0
110,116,い,0
110,117,い,0
110,118,い,0
110,119,い,0
110,120,い,36.5399999999936
110,121,い,36.5399999999936
110,122,い,36.5399999999936
110,123,い,0
110,124,い,0
110,125,い,0
110,126,い,0
111,116,い,0
111,117,い,0
111,118,い,0
111,119,い,0
111,120,い,36.5399999999936
111,121,い,36.5399999999936
111,122,い,36.5399999999936
111,123,い,0
111,124,い,0
111,125,い,0
111,126,い,0
112,116,い,0
112,117,い,0
112,118,い,0
112,119,い,0
112,120,い,0
112,121,い,0
112,122,い,0
112,123,い,0
112,124,い,0
112,125,い,0
112,126,い,0
113,116,い,0
113,117,い,0
113,118,い,0
113,119,い,0
113,120,い,0
113,121,い,0
113,122,い,0
113,123,い,0
113,124,い,0
113,125,い,0
113,126,い,0
114,116,い,0
114,117,い,0
114,118,い,0
114,119,い,0
114,120,い,32.120000000009895
114,121,い,32.120000000009895
114,122,い,32.120000000009895
114,123,い,0
114,124,い,0
114,125,い,0
114,126,い,0
115,116,い,0
115,117,い,0
115,118,い,0
115,119,い,0
115,120,い,32.120000000009895
115,121,い,32.120000000009895
115,122,い,32.120000000009895
115,123,い,0
115,124,い,0
115,125,い,0
115,126,い,0
116,116,い,0
116,117,い,0
116,118,い,0
116,119,い,0
116,120,い,59.75000000001455
116,121,い,59.75000000001455
116,122,い,59.75000000001455
116,123,い,0
116,124,い,0
116,125,い,0
116,126,い,0
116,116,出,0
116,117,出,0
116,118,出,0
116,119,出,0
116,120,出,59.75000000001455
116,121,出,59.75000000001455
116,122,出,59.75000000001455
116,123,出,0
116,124,出,0
116,125,出,0
116,126,出,0
117,116,出,0
117,117,出,0
117,118,出,0
117,119,出,0
117,120,出,98.25999999999476
117,121,出,98.25999999999476
117,122,出,98.25999999999476
117,123,出,0
117,124,出,0
117,125,出,0
117,126,出,0
118,116,出,0
118,117,出,0
118,118,出,0
118,119,出,0
118,120,出,157.56999999999243
118,121,出,157.56999999999243
118,122,出,157.56999999999243
118,123,出,0
118,124,出,0
118,125,出,0
118,126,出,0
119,116,出,0
119,117,出,0
119,118,出,0
119,119,出,0
119,120,出,198.8299999999872
119,121,出,198.8299999999872
119,122,出,198.8299999999872
119,123,出,0
119,124,出,0
119,125,出,0
119,126,出,0
120,116,出,0
120,117,出,0
120,118,出,0
120,119,出,0
120,120,出,155.22999999999593
120,121,出,155.22999999999593
120,122,出,155.22999999999593
120,123,出,0
120,124,出,0
120,125,出,0
120,126,出,0
121,116,出,0
121,117,出,0
121,118,出,0
121,119,出,0
121,120,出,95.91999999999825
121,121,出,95.91999999999825
121,122,出,95.91999999999825
121,123,出,0
121,124,出,0
121,125,出,0
121,126,出,0
122,116,出,0
122,117,出,0
122,118,出,0
122,119,出,0
122,120,出,27.029999999998836
122,121,出,27.029999999998836
122,122,出,27.029999999998836
122,123,出,0
122,124,出,0
122,125,出,0
122,126,出,0
123,116,出,0
123,117,出,0
123,118,出,0
123,119,出,0
123,120,出,52.80999999999767
123,121,出,52.80999999999767
123,122,出,52.80999999999767
123,123,出,0
123,124,出,0
123,125,出,0
123,126,出,0
123,116,に,0
123,117,に,0
123,118,に,0
123,119,に,0
123,120,に,52.80999999999767
123,121,に,52.80999999999767
123,122,に,52.80999999999767
123,123,に,0
123,124,に,0
123,125,に,0
123,126,に,0
124,116,に,0
124,117,に,0
124,118,に,0
124,119,に,0
124,120,に,52.80999999999767
124,121,に,52.80999999999767
124,122,に,52.80999999999767
124,123,に,0
124,124,に,0
124,125,に,0
124,126,に,0
125,116,に,0
125,117,に,0
125,118,に,0
125,119,に,0
125,120,に,52.80999999999767
125,121,に,52.80999999999767
125,122,に,52.80999999999767
125,123,に,0
125,124,に,0
125,125,に,0
125,126,に,0
126,116,に,0
126,117,に,0
126,118,に,0
126,119,に,0
126,120,に,0
126,121,に,0
126,122,に,0
126,123,に,0
126,124,に,0
126,125,に,0
126,126,に,0
127,116,に,0
127,117,に,0
127,118,に,0
127,119,に,0
127,120,に,42.60000000000582
127,121,に,42.60000000000582
127,122,に,42.60000000000582
127,123,に,0
127,124,に,0
127,125,に,0
127,126,に,0
128,116,に,0
128,117,に,0
128,118,に,0
128,119,に,0
128,120,に,42.60000000000582
128,121,に,42.60000000000582
128,122,に,42.60000000000582
128,123,に,0
128,124,に,0
128,125,に,0
128,126,に,0
129,116,に,0
129,117,に,0
129,118,に,0
129,119,に,0
129,120,に,42.60000000000582
129,121,に,42.60000000000582
129,122,に,42.60000000000582
129,123,に,0
129,124,に,0
129,125,に,0
129,126,に,0
129,116,守,0
129,117,守,0
129,118,守,0
129,119,守,0
129,120,守,42.60000000000582
129,121,守,42.60000000000582
129,122,守,42.60000000000582
129,123,守,0
129,124,守,0
129,125,守,0
129,126,守,0
130,116,守,0
130,117,守,0
130,118,守,0
130,119,守,0
130,120,守,27.130000000004657
130,121,守,27.130000000004657
130,122,守,27.130000000004657
130,123,守,0
130,124,守,0
130,125,守,0
130,126,守,0
131,116,守,0
131,117,守,0
131,118,守,0
131,119,守,0
131,120,守,27.130000000004657
131,121,守,27.130000000004657
131,122,守,27.130000000004657
131,123,守,0
131,124,守,0
131,125,守,0
131,126,守,0
132,116,守,0
132,117,守,0
132,118,守,0
132,119,守,0
132,120,守,27.130000000004657
132,121,守,27.130000000004657
132,122,守,27.130000000004657
132,123,守,0
132,124,守,0
132,125,守,0
132,126,守,0
133,116,守,0
133,117,守,0
133,118,守,0
133,119,守,0
133,120,守,0
133,121,守,0
133,122,守,0
133,123,守,0
133,124,守,0
133,125,守,0
133,126,守,0
134,116,守,0
134,117,守,0
134,118,守,0
134,119,守,0
134,120,守,0
134,121,守,0
134,122,守,0
134,123,守,0
134,124,守,0
134,125,守,0
134,126,守,0
135,116,守,0
135,117,守,0
135,118,守,0
135,119,守,0
135,120,守,0
135,121,守,0
135,122,守,0
135,123,守,0
135,124,守,0
135,125,守,0
135,126,守,0
136,116,守,0
136,117,守,0
136,118,守,0
136,119,守,0
136,120,守,0
136,121,守,0
136,122,守,0
136,123,守,0
136,124,守,0
136,125,守,0
136,126,守,0
136,116,ら,0
136,117,ら,0
136,118,ら,0
136,119,ら,0
136,120,ら,0
136,121,ら,0
136,122,ら,0
136,123,ら,0
136,124,ら,0
136,125,ら,0
136,126,ら,0
137,116,ら,0
137,117,ら,0
137,118,ら,0
137,119,ら,0
137,120,ら,0
137,121,ら,0
137,122,ら,0
137,123,ら,0
137,124,ら,0
137,125,ら,0
137,126,ら,0
138,116,ら,0
138,117,ら,0
138,118,ら,0
138,119,ら,0
138,120,ら,0
138,121,ら,0
138,122,ら,0
138,123,ら,0
138,124,ら,0
138,125,ら,0
138,126,ら,0
139,116,ら,0
139,117,ら,0
139,118,ら,0
139,119,ら,0
139,120,ら,30.25999999999476
139,121,ら,30.25999999999476
139,122,ら,30.25999999999476
139,123,ら,0
139,124,ら,0
139,125,ら,0
139,126,ら,0
140,116,ら,0
140,117,ら,0
140,118,ら,0
140,119,ら,0
140,120,ら,30.25999999999476
140,121,ら,30.25999999999476
140,122,ら,30.25999999999476
140,123,ら,0
140,124,ら,0
140,125,ら,0
140,126,ら,0
141,116,ら,0
141,117,ら,0
141,118,ら,0
141,119,ら,0
141,120,ら,30.25999999999476
141,121,ら,30.25999999999476
141,122,ら,30.25999999999476
141,123,ら,0
141,124,ら,0
141,125,ら,0
141,126,ら,0
142,116,ら,0
142,117,ら,0
142,118,ら,0
142,119,ら,0
142,120,ら,0
142,121,ら,0
142,122,ら,0
142,123,ら,0
142,124,ら,0
142,125,ら,0
142,126,ら,0
143,116,ら,0
143,117,ら,0
143,118,ら,0
143,119,ら,0
143,120,ら,0
143,121,ら,0
143,122,ら,0
143,123,ら,0
143,124,ら,0
143,125,ら,0
143,126,ら,0
143,116,れ,0
143,117,れ,0
143,118,れ,0
143,119,れ,0
143,120,れ,0
143,121,れ,0
143,122,れ,0
143,123,れ,0
143,124,れ,0
143,125,れ,0
143,126,れ,0
144,116,れ,0
144,117,れ,0
144,118,れ,0
144,119,れ,0
144,120,れ,0
144,121,れ,0
144,122,れ,0
144,123,れ,0
144,124,れ,0
144,125,れ,0
144,126,れ,0
145,116,れ,0
145,117,れ,0
145,118,れ,0
145,119,れ,0
145,120,れ,0
145,121,れ,0
145,122,れ,0
145,123,れ,0
145,124,れ,0
145,125,れ,0
145,126,れ,0
146,116,れ,0
146,117,れ,0
146,118,れ,0
146,119,れ,0
146,120,れ,0
146,121,れ,0
146,122,れ,0
146,123,れ,0
146,124,れ,0
146,125,れ,0
146,126,れ,0
147,116,れ,0
147,117,れ,0
147,118,れ,0
147,119,れ,0
147,120,れ,0
147,121,れ,0
147,122,れ,0
147,123,れ,0
147,124,れ,0
147,125,れ,0
147,126,れ,0
148,116,れ,0
148,117,れ,0
148,118,れ,0
148,119,れ,0
148,120,れ,31.980000000010477
148,121,れ,31.980000000010477
148,122,れ,31.980000000010477
148,123,れ,0
148,124,れ,0
148,125,れ,0
148,126,れ,0
149,116,れ,0
149,117,れ,0
149,118,れ,0
149,119,れ,0
149,120,れ,31.980000000010477
149,121,れ,31.980000000010477
149,122,れ,31.980000000010477
149,123,れ,0
149,124,れ,0
149,125,れ,0
149,126,れ,0
150,116,れ,0
150,117,れ,0
150,118,れ,0
150,119,れ,0
150,120,れ,31.980000000010477
150,121,れ,31.980000000010477
150,122,れ,31.980000000010477
150,123,れ,0
150,124,れ,0
150,125,れ,0
150,126,れ,0
150,116,る,0
150,117,る,0
150,118,る,0
150,119,る,0
150,120,る,31.980000000010477
150,121,る,31.980000000010477
150,122,る,31.980000000010477
150,123,る,0
150,124,る,0
150,125,る,0
150,126,る,0
151,116,る,0
151,117,る,0
151,118,る,0
151,119,る,0
151,120,る,0
151,121,る,0
151,122,る,0
151,123,る,0
151,124,る,0
151,125,る,0
151,126,る,0
152,116,る,0
152,117,る,0
152,118,る,0
152,119,る,0
152,120,る,0
152,121,る,0
152,122,る,0
152,123,る,0
152,124,る,0
152,125,る,0
152,126,る,0
153,116,る,0
153,117,る,0
153,118,る,0
153,119,る,0
153,120,る,0
153,121,る,0
153,122,る,0
153,123,る,0
153,124,る,0
153,125,る,0
153,126,る,0
154,116,る,0
154,117,る,0
154,118,る,0
154,119,る,0
154,120,る,0
154,121,る,0
154,122,る,0
154,123,る,0
154,124,る,0
154,125,る,0
154,126,る,0
155,116,る,0
155,117,る,0
155,118,る,0
155,119,る,0
155,120,る,38.01999999998952
155,121,る,38.01999999998952
155,122,る,38.01999999998952
155,123,る,0
155,124,る,0
155,125,る,0
155,126,る,0
156,116,る,0
156,117,る,0
156,118,る,0
156,119,る,0
156,120,る,38.01999999998952
156,121,る,38.01999999998952
156,122,る,38.01999999998952
156,123,る,0
156,124,る,0
156,125,る,0
156,126,る,0
156,116,よ,0
156,117,よ,0
156,118,よ,0
156,119,よ,0
156,120,よ,38.01999999998952
156,121,よ,38.01999999998952
156,122,よ,38.01999999998952
156,123,よ,0
156,124,よ,0
156,125,よ,0
156,126,よ,0
157,116,よ,0
157,117,よ,0
157,118,よ,0
157,119,よ,0
157,120,よ,69.06999999999243
157,121,よ,69.06999999999243
157,122,よ,69.06999999999243
157,123,よ,0
157,124,よ,0
157,125,よ,0
157,126,よ,0
158,116,よ,0
158,117,よ,0
158,118,よ,0
158,119,よ,0
158,120,よ,60.070000000006985
158,121,よ,60.070000000006985
158,122,よ,60.070000000006985
158,123,よ,0
158,124,よ,0
158,125,よ,0
158,126,よ,0
159,116,よ,0
159,117,よ,0
159,118,よ,0
159,119,よ,0
159,120,よ,95.20000000001164
159,121,よ,95.20000000001164
159,122,よ,95.20000000001164
159,123,よ,0
159,124,よ,0
159,125,よ,0
159,126,よ,0
160,116,よ,0
160,117,よ,0
160,118,よ,0
160,119,よ,0
160,120,よ,64.15000000000873
160,121,よ,64.15000000000873
160,122,よ,64.15000000000873
160,123,よ,0
160,124,よ,0
160,125,よ,0
160,126,よ,0
161,116,よ,0
161,117,よ,0
161,118,よ,0
161,119,よ,0
161,120,よ,35.13000000000466
161,121,よ,35.13000000000466
161,122,よ,35.13000000000466
161,123,よ,0
161,124,よ,0
161,125,よ,0
161,126,よ,0
162,116,よ,0
162,117,よ,0
162,118,よ,0
162,119,よ,0
162,120,よ,28.860000000000582
162,121,よ,28.860000000000582
162,122,よ,28.860000000000582
162,123,よ,0
162,124,よ,0
162,125,よ,0
162,126,よ,0
163,116,よ,0
163,117,よ,0
163,118,よ,0
163,119,よ,0
163,120,よ,28.860000000000582
163,121,よ,28.860000000000582
163,122,よ,28.860000000000582
163,123,よ,0
163,124,よ,0
163,125,よ,0
163,126,よ,0
163,116,う,0
163,117,う,0
163,118,う,0
163,119,う,0
163,120,う,28.860000000000582
163,121,う,28.860000000000582
163,122,う,28.860000000000582
163,123,う,0
163,124,う,0
163,125,う,0
163,126,う,0
164,116,う,0
164,117,う,0
164,118,う,0
164,119,う,0
164,120,う,28.860000000000582
164,121,う,28.860000000000582
164,122,う,28.860000000000582
164,123,う,0
164,124,う,0
164,125,う,0
164,126,う,0
165,116,う,0
165,117,う,0
165,118,う,0
165,119,う,0
165,120,う,32.11000000000058
165,121,う,32.11000000000058
165,122,う,32.11000000000058
165,123,う,0
165,124,う,0
165,125,う,0
165,126,う,0
166,116,う,0
166,117,う,0
166,118,う,0
166,119,う,0
166,120,う,70.66000000000349
166,121,う,70.66000000000349
166,122,う,70.66000000000349
166,123,う,0
166,124,う,0
166,125,う,0
166,126,う,0
167,116,う,0
167,117,う,0
167,118,う,0
167,119,う,0
167,120,う,70.66000000000349
167,121,う,70.66000000000349
167,122,う,70.66000000000349
167,123,う,0
167,124,う,0
167,125,う,0
167,126,う,0
168,116,う,0
168,117,う,0
168,118,う,0
168,119,う,0
168,120,う,214.5
168,121,う,214.5
168,122,う,214.5
168,123,う,0
168,124,う,0
168,125,う,0
168,126,う,0
169,116,う,0
169,117,う,0
169,118,う,0
169,119,う,0
169,120,う,342.6399999999994
169,121,う,342.6399999999994
169,122,う,342.6399999999994
169,123,う,0
169,124,う,0
169,125,う,0
169,126,う,0
170,116,う,0
170,117,う,0
170,118,う,0
170,119,う,0
170,120,う,657.6600000000035
170,121,う,657.6600000000035
170,122,う,657.6600000000035
170,123,う,0
170,124,う,0
170,125,う,0
170,126,う,0
170,116,に,0
170,117,に,0
170,118,に,0
170,119,に,0
170,120,に,657.6600000000035
170,121,に,657.6600000000035
170,122,に,657.6600000000035
170,123,に,0
170,124,に,0
170,125,に,0
170,126,に,0
171,116,に,0
171,117,に,0
171,118,に,0
171,119,に,0
171,120,に,799.9400000000023
171,121,に,799.9400000000023
171,122,に,799.9400000000023
171,123,に,0
171,124,に,0
171,125,に,0
171,126,に,0
172,116,に,0
172,117,に,0
172,118,に,0
172,119,に,0
172,120,に,713.2200000000012
172,121,に,713.2200000000012
172,122,に,713.2200000000012
172,123,に,0
172,124,に,0
172,125,に,0
172,126,に,0
173,116,に,0
173,117,に,0
173,118,に,0
173,119,に,0
173,120,に,544.4499999999825
173,121,に,544.4499999999825
173,122,に,544.4499999999825
173,123,に,0
173,124,に,0
173,125,に,0
173,126,に,0
174,116,に,0
174,117,に,0
174,118,に,0
174,119,に,0
174,120,に,285.99999999998545
174,121,に,285.99999999998545
174,122,に,285.99999999998545
174,123,に,0
174,124,に,0
174,125,に,0
174,126,に,0
175,116,に,0
175,117,に,0
175,118,に,0
175,119,に,0
175,120,に,275.35999999998603
175,121,に,275.35999999998603
175,122,に,275.35999999998603
175,123,に,0
175,124,に,0
175,125,に,0
175,126,に,0
176,116,に,0
176,117,に,0
176,118,に,0
176,119,に,0
176,120,に,129.11000000000058
176,121,に,129.11000000000058
176,122,に,129.11000000000058
176,123,に,0
176,124,に,0
176,125,に,0
176,126,に,0
177,116,に,0
177,117,に,0
177,118,に,0
177,119,に,0
177,120,に,127.31000000001222
177,121,に,127.31000000001222
177,122,に,127.31000000001222
177,123,に,0
177,124,に,0
177,125,に,0
177,126,に,0
177,116,、,0
177,117,、,0
177,118,、,0
177,119,、,0
177,120,、,127.31000000001222
177,121,、,127.31000000001222
177,122,、,127.31000000001222
177,123,、,0
177,124,、,0
177,125,、,0
177,126,、,0
178,116,、,0
178,117,、,0
178,118,、,0
178,119,、,0
178,120,、,141.1200000000099
178,121,、,141.1200000000099
178,122,、,141.1200000000099
178,123,、,0
178,124,、,0
178,125,、,0
178,126,、,0
179,116,、,0
179,117,、,0
179,118,、,0
179,119,、,0
179,120,、,141.1200000000099
179,121,、,141.1200000000099
179,122,、,141.1200000000099
179,123,、,0
179,124,、,0
179,125,、,0
179,126,、,0
180,116,、,0
180,117,、,0
180,118,、,0
180,119,、,0
180,120,、,146.4100000000035
180,121,、,146.4100000000035
180,122,、,146.4100000000035
180,123,、,0
180,124,、,0
180,125,、,0
180,126,、,0
181,116,、,0
181,117,、,0
181,118,、,0
181,119,、,0
181,120,、,177.47999999999593
181,121,、,177.47999999999593
181,122,、,177.47999999999593
181,123,、,0
181,124,、,0
181,125,、,0
181,126,、,0
182,116,、,0
182,117,、,0
182,118,、,0
182,119,、,0
182,120,、,208.10999999998603
182,121,、,208.10999999998603
182,122,、,208.10999999998603
182,123,、,0
182,124,、,0
182,125,、,0
182,126,、,0
183,116,、,0
183,117,、,0
183,118,、,0
183,119,、,0
183,120,、,241.2899999999936
183,121,、,241.2899999999936
183,122,、,241.2899999999936
183,123,、,0
183,124,、,0
183,125,、,0
183,126,、,0
183,116,カ,0
183,117,カ,0
183,118,カ,0
183,119,カ,0
183,120,カ,241.2899999999936
183,121,カ,241.2899999999936
183,122,カ,241.2899999999936
183,123,カ,0
183,124,カ,0
183,125,カ,0
183,126,カ,0
184,116,カ,0
184,117,カ,0
184,118,カ,0
184,119,カ,0
184,120,カ,289.79000000000815
184,121,カ,289.79000000000815
184,122,カ,289.79000000000815
184,123,カ,0
184,124,カ,0
184,125,カ,0
184,126,カ,0
185,116,カ,0
185,117,カ,0
185,118,カ,0
185,119,カ,0
185,120,カ,431.90000000000873
185,121,カ,431.90000000000873
185,122,カ,431.90000000000873
185,123,カ,0
185,124,カ,0
185,125,カ,0
185,126,カ,0
186,116,カ,0
186,117,カ,0
186,118,カ,0
186,119,カ,0
186,120,カ,430.2899999999936
186,121,カ,430.2899999999936
186,122,カ,430.2899999999936
186,123,カ,0
186,124,カ,0
186,125,カ,0
186,126,カ,0
187,116,カ,0
187,117,カ,0
187,118,カ,0
187,119,カ,0
187,120,カ,432.8899999999994
187,121,カ,432.8899999999994
187,122,カ,432.8899999999994
187,123,カ,0
187,124,カ,0
187,125,カ,0
187,126,カ,0
188,116,カ,0
188,117,カ,0
188,118,カ,0
188,119,カ,0
188,120,カ,320.5200000000186
188,121,カ,320.5200000000186
188,122,カ,320.5200000000186
188,123,カ,0
188,124,カ,0
188,125,カ,0
188,126,カ,0
189,116,カ,0
189,117,カ,0
189,118,カ,0
189,119,カ,0
189,120,カ,352.36000000001513
189,121,カ,352.36000000001513
189,122,カ,352.36000000001513
189,123,カ,0
189,124,カ,0
189,125,カ,0
189,126,カ,0
190,116,カ,0
190,117,カ,0
190,118,カ,0
190,119,カ,0
190,120,カ,253.22000000000116
190,121,カ,253.22000000000116
190,122,カ,253.22000000000116
190,123,カ,0
190,124,カ,0
190,125,カ,0
190,126,カ,0
190,116,フ,0
190,117,フ,0
190,118,フ,0
190,119,フ,0
190,120,フ,253.22000000000116
190,121,フ,253.22000000000116
190,122,フ,253.22000000000116
190,123,フ,0
190,124,フ,0
190,125,フ,0
190,126,フ,0
191,116,フ,0
191,117,フ,0
191,118,フ,0
191,119,フ,0
191,120,フ,434.08000000000175
191,121,フ,434.08000000000175
191,122,フ,434.08000000000175
191,123,フ,0
191,124,フ,0
191,125,フ,0
191,126,フ,0
192,116,フ,0
192,117,フ,0
192,118,フ,0
192,119,フ,0
192,120,フ,337.0899999999965
192,121,フ,337.0899999999965
192,122,フ,337.0899999999965
192,123,フ,0
192,124,フ,0
192,125,フ,0
192,126,フ,0
193,116,フ,0
193,117,フ,0
193,118,フ,0
193,119,フ,0
193,120,フ,323.06999999999243
193,121,フ,323.06999999999243
193,122,フ,323.06999999999243
193,123,フ,0
193,124,フ,0
193,125,フ,0
193,126,フ,0
194,116,フ,0
194,117,フ,0
194,118,フ,0
194,119,フ,0
194,120,フ,140.6699999999837
194,121,フ,140.6699999999837
194,122,フ,140.6699999999837
194,123,フ,0
194,124,フ,0
194,125,フ,0
194,126,フ,0
195,116,フ,0
195,117,フ,0
195,118,フ,0
195,119,フ,0
195,120,フ,145.18999999998778
195,121,フ,145.18999999998778
195,122,フ,145.18999999998778
195,123,フ,0
195,124,フ,0
195,125,フ,0
195,126,フ,0
196,116,フ,0
196,117,フ,0
196,118,フ,0
196,119,フ,0
196,120,フ,93.0399999999936
196,121,フ,93.0399999999936
196,122,フ,93.0399999999936
196,123,フ,0
196,124,フ,0
196,125,フ,0
196,126,フ,0
197,116,フ,0
197,117,フ,0
197,118,フ,0
197,119,フ,0
197,120,フ,34.20999999999185
197,121,フ,34.20999999999185
197,122,フ,34.20999999999185
197,123,フ,0
197,124,フ,0
197,125,フ,0
197,126,フ,0
197,116,ェ,0
197,117,ェ,0
197,118,ェ,0
197,119,ェ,0
197,120,ェ,34.20999999999185
197,121,ェ,34.20999999999185
197,122,ェ,34.20999999999185
197,123,ェ,0
197,124,ェ,0
197,125,ェ,0
197,126,ェ,0
198,116,ェ,0
198,117,ェ,0
198,118,ェ,0
198,119,ェ,0
198,120,ェ,33.520000000004075
198,121,ェ,33.520000000004075
198,122,ェ,33.520000000004075
198,123,ェ,0
198,124,ェ,0
198,125,ェ,0
198,126,ェ,0
199,116,ェ,0
199,117,ェ,0
199,118,ェ,0
199,119,ェ,0
199,120,ェ,33.520000000004075
199,121,ェ,33.520000000004075
199,122,ェ,33.520000000004075
199,123,ェ,0
199,124,ェ,0
199,125,ェ,0
199,126,ェ,0
200,116,ェ,0
200,117,ェ,0
200,118,ェ,0
200,119,ェ,0
200,120,ェ,33.520000000004075
200,121,ェ,33.520000000004075
200,122,ェ,33.520000000004075
200,123,ェ,0
200,124,ェ,0
200,125,ェ,0
200,126,ェ,0
201,116,ェ,0
201,117,ェ,0
201,118,ェ,0
201,119,ェ,0
201,120,ェ,27.94999999999709
201,121,ェ,27.94999999999709
201,122,ェ,27.94999999999709
201,123,ェ,0
201,124,ェ,0
201,125,ェ,0
201,126,ェ,0
202,116,ェ,0
202,117,ェ,0
202,118,ェ,0
202,119,ェ,0
202,120,ェ,27.94999999999709
202,121,ェ,27.94999999999709
202,122,ェ,27.94999999999709
202,123,ェ,0
202,124,ェ,0
202,125,ェ,0
202,126,ェ,0
203,116,ェ,0
203,117,ェ,0
203,118,ェ,0
203,119,ェ,0
203,120,ェ,63.21999999998661
203,121,ェ,63.21999999998661
203,122,ェ,63.21999999998661
203,123,ェ,0
203,124,ェ,0
203,125,ェ,0
203,126,ェ,0
204,116,ェ,0
204,117,ェ,0
204,118,ェ,0
204,119,ェ,0
204,120,ェ,35.26999999998952
204,121,ェ,35.26999999998952
204,122,ェ,35.26999999998952
204,123,ェ,0
204,124,ェ,0
204,125,ェ,0
204,126,ェ,0
204,116,は,0
204,117,は,0
204,118,は,0
204,119,は,0
204,120,は,35.26999999998952
204,121,は,35.26999999998952
204,122,は,35.26999999998952
204,123,は,0
204,124,は,0
204,125,は,0
204,126,は,0
205,116,は,0
205,117,は,0
205,118,は,0
205,119,は,0
205,120,は,35.26999999998952
205,121,は,35.26999999998952
205,122,は,35.26999999998952
205,123,は,0
205,124,は,0
205,125,は,0
205,126,は,0
206,116,は,0
206,117,は,0
206,118,は,0
206,119,は,0
206,120,は,31.65000000000873
206,121,は,31.65000000000873
206,122,は,31.65000000000873
206,123,は,0
206,124,は,0
206,125,は,0
206,126,は,0
207,116,は,0
207,117,は,0
207,118,は,0
207,119,は,0
207,120,は,31.65000000000873
207,121,は,31.65000000000873
207,122,は,31.65000000000873
207,123,は,0
207,124,は,0
207,125,は,0
207,126,は,0
208,116,は,0
208,117,は,0
208,118,は,0
208,119,は,0
208,120,は,31.65000000000873
208,121,は,31.65000000000873
208,122,は,31.65000000000873
208,123,は,0
208,124,は,0
208,125,は,0
208,126,は,0
209,116,は,0
209,117,は,0
209,118,は,0
209,119,は,0
209,120,は,34.629999999990105
209,121,は,34.629999999990105
209,122,は,34.629999999990105
209,123,は,0
209,124,は,0
209,125,は,0
209,126,は,0
210,116,は,0
210,117,は,0
210,118,は,0
210,119,は,0
210,120,は,67.54999999998836
210,121,は,67.54999999998836
210,122,は,67.54999999998836
210,123,は,0
210,124,は,0
210,125,は,0
210,126,は,0
210,116,再,0
210,117,再,0
210,118,再,0
210,119,再,0
210,120,再,67.54999999998836
210,121,再,67.54999999998836
210,122,再,67.54999999998836
210,123,再,0
210,124,再,0
210,125,再,0
210,126,再,0
211,116,再,0
211,117,再,0
211,118,再,0
211,119,再,0
211,120,再,97.67999999999302
211,121,再,97.67999999999302
211,122,再,97.67999999999302
211,123,再,0
211,124,再,0
211,125,再,0
211,126,再,0
212,116,再,0
212,117,再,0
212,118,再,0
212,119,再,0
212,120,再,93.9600000000064
212,121,再,93.9600000000064
212,122,再,93.9600000000064
212,123,再,0
212,124,再,0
212,125,再,0
212,126,再,0
213,116,再,0
213,117,再,0
213,118,再,0
213,119,再,0
213,120,再,61.04000000000815
213,121,再,61.04000000000815
213,122,再,61.04000000000815
213,123,再,0
213,124,再,0
213,125,再,0
213,126,再,0
214,116,再,0
214,117,再,0
214,118,再,0
214,119,再,0
214,120,再,62.23000000001048
214,121,再,62.23000000001048
214,122,再,62.23000000001048
214,123,再,0
214,124,再,0
214,125,再,0
214,126,再,0
215,116,再,0
215,117,再,0
215,118,再,0
215,119,再,0
215,120,再,31.320000000006985
215,121,再,31.320000000006985
215,122,再,31.320000000006985
215,123,再,0
215,124,再,0
215,125,再,0
215,126,再,0
216,116,再,0
216,117,再,0
216,118,再,0
216,119,再,0
216,120,再,31.320000000006985
216,121,再,31.320000000006985
216,122,再,31.320000000006985
216,123,再,0
216,124,再,0
216,125,再,0
216,126,再,0
217,116,再,0
217,117,再,0
217,118,再,0
217,119,再,0
217,120,再,0
217,121,再,0
217,122,再,0
217,123,再,0
217,124,再,0
217,125,再,0
217,126,再,0
217,116,び,0
217,117,び,0
217,118,び,0
217,119,び,0
217,120,び,0
217,121,び,0
217,122,び,0
217,123,び,0
217,124,び,0
217,125,び,0
217,126,び,0
218,116,び,0
218,117,び,0
218,118,び,0
218,119,び,0
218,120,び,51.44999999999709
218,121,び,51.44999999999709
218,122,び,51.44999999999709
218,123,び,0
218,124,び,0
218,125,び,0
218,126,び,0
219,116,び,0
219,117,び,0
219,118,び,0
219,119,び,0
219,120,び,51.44999999999709
219,121,び,51.44999999999709
219,122,び,51.44999999999709
219,123,び,0
219,124,び,0
219,125,び,0
219,126,び,0
220,116,び,0
220,117,び,0
220,118,び,0
220,119,び,0
220,120,び,51.44999999999709
220,121,び,51.44999999999709
220,122,び,51.44999999999709
220,123,び,0
220,124,び,0
220,125,び,0
220,126,び,0
221,116,び,0
221,117,び,0
221,118,び,0
221,119,び,0
221,120,び,0
221,121,び,0
221,122,び,0
221,123,び,0
221,124,び,0
221,125,び,0
221,126,び,0
222,116,び,0
222,117,び,0
222,118,び,0
222,119,び,0
222,120,び,29.080000000001746
222,121,び,29.080000000001746
222,122,び,29.080000000001746
222,123,び,0
222,124,び,0
222,125,び,0
222,126,び,0
223,116,び,0
223,117,び,0
223,118,び,0
223,119,び,0
223,120,び,29.080000000001746
223,121,び,29.080000000001746
223,122,び,29.080000000001746
223,123,び,0
223,124,び,0
223,125,び,0
223,126,び,0
224,116,び,0
224,117,び,0
224,118,び,0
224,119,び,0
224,120,び,129.42999999999302
224,121,び,129.42999999999302
224,122,び,129.42999999999302
224,123,び,0
224,124,び,0
224,125,び,0
224,126,び,0
224,116,静,0
224,117,静,0
224,118,静,0
224,119,静,0
224,120,静,129.42999999999302
224,121,静,129.42999999999302
224,122,静,129.42999999999302
224,123,静,0
224,124,静,0
224,125,静,0
224,126,静,0
225,116,静,0
225,117,静,0
225,118,静,0
225,119,静,0
225,120,静,196.5399999999936
225,121,静,196.5399999999936
225,122,静,196.5399999999936
225,123,静,0
225,124,静,0
225,125,静,0
225,126,静,0
226,116,静,0
226,117,静,0
226,118,静,0
226,119,静,0
226,120,静,288.4499999999971
226,121,静,288.4499999999971
226,122,静,288.4499999999971
226,123,静,0
226,124,静,0
226,125,静,0
226,126,静,0
227,116,静,0
227,117,静,0
227,118,静,0
227,119,静,0
227,120,静,222.5899999999965
227,121,静,222.5899999999965
227,122,静,222.5899999999965
227,123,静,0
227,124,静,0
227,125,静,0
227,126,静,0
228,116,静,0
228,117,静,0
228,118,静,0
228,119,静,0
228,120,静,126.39999999999418
228,121,静,126.39999999999418
228,122,静,126.39999999999418
228,123,静,0
228,124,静,0
228,125,静,0
228,126,静,0
229,116,静,0
229,117,静,0
229,118,静,0
229,119,静,0
229,120,静,81.95999999999185
229,121,静,81.95999999999185
229,122,静,81.95999999999185
229,123,静,0
229,124,静,0
229,125,静,0
229,126,静,0
230,116,静,0
230,117,静,0
230,118,静,0
230,119,静,0
230,120,静,47.470000000001164
230,121,静,47.470000000001164
230,122,静,47.470000000001164
230,123,静,0
230,124,静,0
230,125,静,0
230,126,静,0
231,116,静,0
231,117,静,0
231,118,静,0
231,119,静,0
231,120,静,47.470000000001164
231,121,静,47.470000000001164
231,122,静,47.470000000001164
231,123,静,0
231,124,静,0
231,125,静,0
231,126,静,0
231,116,け,0
231,117,け,0
231,118,け,0
231,119,け,0
231,120,け,47.470000000001164
231,121,け,47.470000000001164
231,122,け,47.470000000001164
231,123,け,0
231,124,け,0
231,125,け,0
231,126,け,0
232,116,け,0
232,117,け,0
232,118,け,0
232,119,け,0
232,120,け,0
232,121,け,0
232,122,け,0
232,123,け,0
232,124,け,0
232,125,け,0
232,126,け,0
233,116,け,0
233,117,け,0
233,118,け,0
233,119,け,0
233,120,け,54.02000000001863
233,121,け,54.02000000001863
233,122,け,54.02000000001863
233,123,け,0
233,124,け,0
233,125,け,0
233,126,け,0
234,116,け,0
234,117,け,0
234,118,け,0
234,119,け,0
234,120,け,54.02000000001863
234,121,け,54.02000000001863
234,122,け,54.02000000001863
234,123,け,0
234,124,け,0
234,125,け,0
234,126,け,0
235,116,け,0
235,117,け,0
235,118,け,0
235,119,け,0
235,120,け,89.56000000001222
235,121,け,89.56000000001222
235,122,け,89.56000000001222
235,123,け,0
235,124,け,0
235,125,け,0
235,126,け,0
236,116,け,0
236,117,け,0
236,118,け,0
236,119,け,0
236,120,け,35.5399999999936
236,121,け,35.5399999999936
236,122,け,35.5399999999936
236,123,け,0
236,124,け,0
236,125,け,0
236,126,け,0
237,116,け,0
237,117,け,0
237,118,け,0
237,119,け,0
237,120,け,35.5399999999936
237,121,け,35.5399999999936
237,122,け,35.5399999999936
237,123,け,0
237,124,け,0
237,125,け,0
237,126,け,0
237,116,さ,0
237,117,さ,0
237,118,さ,0
237,119,さ,0
237,120,さ,35.5399999999936
237,121,さ,35.5399999999936
237,122,さ,35.5399999999936
237,123,さ,0
237,124,さ,0
237,125,さ,0
237,126,さ,0
238,116,さ,0
238,117,さ,0
238,118,さ,0
238,119,さ,0
238,120,さ,0
238,121,さ,0
238,122,さ,0
238,123,さ,0
238,124,さ,0
238,125,さ,0
238,126,さ,0
239,116,さ,0
239,117,さ,0
239,118,さ,0
239,119,さ,0
239,120,さ,0
239,121,さ,0
239,122,さ,0
239,123,さ,0
239,124,さ,0
239,125,さ,0
239,126,さ,0
240,116,さ,0
240,117,さ,0
240,118,さ,0
240,119,さ,0
240,120,さ,30.44999999999709
240,121,さ,30.44999999999709
240,122,さ,30.44999999999709
240,123,さ,0
240,124,さ,0
240,125,さ,0
240,126,さ,0
241,116,さ,0
241,117,さ,0
241,118,さ,0
241,119,さ,0
241,120,さ,60.69000000000233
241,121,さ,60.69000000000233
241,122,さ,60.69000000000233
241,123,さ,0
241,124,さ,0
241,125,さ,0
241,126,さ,0
242,116,さ,0
242,117,さ,0
242,118,さ,0
242,119,さ,0
242,120,さ,126.84000000001106
242,121,さ,126.84000000001106
242,122,さ,126.84000000001106
242,123,さ,0
242,124,さ,0
242,125,さ,0
242,126,さ,0
243,116,さ,0
243,117,さ,0
243,118,さ,0
243,119,さ,0
243,120,さ,186.47000000000116
243,121,さ,186.47000000000116
243,122,さ,186.47000000000116
243,123,さ,0
243,124,さ,0
243,125,さ,0
243,126,さ,0
244,116,さ,0
244,117,さ,0
244,118,さ,0
244,119,さ,0
244,120,さ,195.72999999999593
244,121,さ,195.72999999999593
244,122,さ,195.72999999999593
244,123,さ,0
244,124,さ,0
244,125,さ,0
244,126,さ,0
244,116,を,0
244,117,を,0
244,118,を,0
244,119,を,0
244,120,を,195.72999999999593
244,121,を,195.72999999999593
244,122,を,195.72999999999593
244,123,を,0
244,124,を,0
244,125,を,0
244,126,を,0
245,116,を,0
245,117,を,0
245,118,を,0
245,119,を,0
245,120,を,161.11999999999534
245,121,を,161.11999999999534
245,122,を,161.11999999999534
245,123,を,0
245,124,を,0
245,125,を,0
245,126,を,0
246,116,を,0
246,117,を,0
246,118,を,0
246,119,を,0
246,120,を,101.6200000000099
246,121,を,101.6200000000099
246,122,を,101.6200000000099
246,123,を,0
246,124,を,0
246,125,を,0
246,126,を,0
247,116,を,0
247,117,を,0
247,118,を,0
247,119,を,0
247,120,を,62.120000000009895
247,121,を,62.120000000009895
247,122,を,62.120000000009895
247,123,を,0
247,124,を,0
247,125,を,0
247,126,を,0
248,116,を,0
248,117,を,0
248,118,を,0
248,119,を,0
248,120,を,79.04000000000815
248,121,を,79.04000000000815
248,122,を,79.04000000000815
248,123,を,0
248,124,を,0
248,125,を,0
248,126,を,0
249,116,を,0
249,117,を,0
249,118,を,0
249,119,を,0
249,120,を,48.4600000000064
249,121,を,48.4600000000064
249,122,を,48.4600000000064
249,123,を,0
249,124,を,0
249,125,を,0
249,126,を,0
250,116,を,0
250,117,を,0
250,118,を,0
250,119,を,0
250,120,を,112.9600000000064
250,121,を,112.9600000000064
250,122,を,112.9600000000064
250,123,を,0
250,124,を,0
250,125,を,0
250,126,を,0
251,116,を,0
251,117,を,0
251,118,を,0
251,119,を,0
251,120,を,128.24999999998545
251,121,を,128.24999999998545
251,122,を,128.24999999998545
251,123,を,0
251,124,を,0
251,125,を,0
251,126,を,0
251,116,取,0
251,117,取,0
251,118,取,0
251,119,取,0
251,120,取,128.24999999998545
251,121,取,128.24999999998545
251,122,取,128.24999999998545
251,123,取,0
251,124,取,0
251,125,取,0
251,126,取,0
252,116,取,0
252,117,取,0
252,118,取,0
252,119,取,0
252,120,取,155.80999999998312
252,121,取,155.80999999998312
252,122,取,155.80999999998312
252,123,取,0
252,124,取,0
252,125,取,0
252,126,取,0
253,116,取,0
253,117,取,0
253,118,取,0
253,119,取,0
253,120,取,126.68999999998778
253,121,取,126.68999999998778
253,122,取,126.68999999998778
253,123,取,0
253,124,取,0
253,125,取,0
253,126,取,0
254,116,取,0
254,117,取,0
254,118,取,0
254,119,取,0
254,120,取,62.94000000000233
254,121,取,62.94000000000233
254,122,取,62.94000000000233
254,123,取,0
254,124,取,0
254,125,取,0
254,126,取,0
255,116,取,0
255,117,取,0
255,118,取,0
255,119,取,0
255,120,取,35.38000000000466
255,121,取,35.38000000000466
255,122,取,35.38000000000466
255,123,取,0
255,124,取,0
255,125,取,0
255,126,取,0
256,116,取,0
256,117,取,0
256,118,取,0
256,119,取,0
256,120,取,0
256,121,取,0
256,122,取,0
256,123,取,0
256,124,取,0
256,125,取,0
256,126,取,0
257,116,取,0
257,117,取,0
257,118,取,0
257,119,取,0
257,120,取,0
257,121,取,0
257,122,取,0
257,123,取,0
257,124,取,0
257,125,取,0
257,126,取,0
258,116,取,0
258,117,取,0
258,118,取,0
258,119,取,0
258,120,取,0
258,121,取,0
258,122,取,0
258,123,取,0
258,124,取,0
258,125,取,0
258,126,取,0
62,126,り,0
62,127,り,0
62,128,り,0
62,129,り,0
62,130,り,0
62,131,り,0
62,132,り,0
62,133,り,0
62,134,り,0
62,135,り,0
62,136,り,0
63,126,り,0
63,127,り,0
63,128,り,0
63,129,り,0
63,130,り,0
63,131,り,0
63,132,り,0
63,133,り,0
63,134,り,0
63,135,り,0
63,136,り,0
64,126,り,0
64,127,り,0
64,128,り,0
64,129,り,0
64,130,り,59.0399999999936
64,131,り,59.0399999999936
64,132,り,59.0399999999936
64,133,り,0
64,134,り,0
64,135,り,0
64,136,り,0
65,126,り,0
65,127,り,0
65,128,り,0
65,129,り,0
65,130,り,177.5899999999965
65,131,り,177.5899999999965
65,132,り,177.5899999999965
65,133,り,0
65,134,り,0
65,135,り,0
65,136,り,0
66,126,り,0
66,127,り,0
66,128,り,0
66,129,り,0
66,130,り,302.4400000000023
66,131,り,302.4400000000023
66,132,り,302.4400000000023
66,133,り,0
66,134,り,0
66,135,り,0
66,136,り,0
67,126,り,0
67,127,り,0
67,128,り,0
67,129,り,0
67,130,り,968.7700000000186
67,131,り,968.7700000000186
67,132,り,968.7700000000186
67,133,り,0
67,134,り,0
67,135,り,0
67,136,り,0
68,126,り,0
68,127,り,0
68,128,り,0
68,129,り,0
68,130,り,1518.8600000000151
68,131,り,1518.8600000000151
68,132,り,1518.8600000000151
68,133,り,0
68,134,り,0
68,135,り,0
68,136,り,0
69,126,り,0
69,127,り,0
69,128,り,0
69,129,り,0
69,130,り,1487.8699999999953
69,131,り,1487.8699999999953
69,132,り,1487.8699999999953
69,133,り,0
69,134,り,0
69,135,り,0
69,136,り,0
69,126,戻,0
69,127,戻,0
69,128,戻,0
69,129,戻,0
69,130,戻,1487.8699999999953
69,131,戻,1487.8699999999953
69,132,戻,1487.8699999999953
69,133,戻,0
69,134,戻,0
69,135,戻,0
69,136,戻,0
70,126,戻,0
70,127,戻,0
70,128,戻,0
70,129,戻,0
70,130,戻,796.9399999999878
70,131,戻,796.9399999999878
70,132,戻,796.9399999999878
70,133,戻,0
70,134,戻,0
70,135,戻,0
70,136,戻,0
71,126,戻,0
71,127,戻,0
71,128,戻,0
71,129,戻,0
71,130,戻,162.0399999999936
71,131,戻,162.0399999999936
71,132,戻,162.0399999999936
71,133,戻,0
71,134,戻,0
71,135,戻,0
71,136,戻,0
72,126,戻,0
72,127,戻,0
72,128,戻,0
72,129,戻,0
72,130,戻,150.64000000001397
72,131,戻,150.64000000001397
72,132,戻,150.64000000001397
72,133,戻,0
72,134,戻,0
72,135,戻,0
72,136,戻,0
73,126,戻,0
73,127,戻,0
73,128,戻,0
73,129,戻,0
73,130,戻,384.39000000001397
73,131,戻,384.39000000001397
73,132,戻,384.39000000001397
73,133,戻,0
73,134,戻,0
73,135,戻,0
73,136,戻,0
74,126,戻,0
74,127,戻,0
74,128,戻,0
74,129,戻,0
74,130,戻,447.8899999999994
74,131,戻,447.8899999999994
74,132,戻,447.8899999999994
74,133,戻,0
74,134,戻,0
74,135,戻,0
74,136,戻,0
75,126,戻,0
75,127,戻,0
75,128,戻,0
75,129,戻,0
75,130,戻,588.4100000000035
75,131,戻,588.4100000000035
75,132,戻,588.4100000000035
75,133,戻,0
75,134,戻,0
75,135,戻,0
75,136,戻,0
75,126,し,0
75,127,し,0
75,128,し,0
75,129,し,0
75,130,し,588.4100000000035
75,131,し,588.4100000000035
75,132,し,588.4100000000035
75,133,し,0
75,134,し,0
75,135,し,0
75,136,し,0
76,126,し,0
76,127,し,0
76,128,し,0
76,129,し,0
76,130,し,366.1499999999942
76,131,し,366.1499999999942
76,132,し,366.1499999999942
76,133,し,0
76,134,し,0
76,135,し,0
76,136,し,0
77,126,し,0
77,127,し,0
77,128,し,0
77,129,し,0
77,130,し,384.4499999999971
77,131,し,384.4499999999971
77,132,し,384.4499999999971
77,133,し,0
77,134,し,0
77,135,し,0
77,136,し,0
78,126,し,0
78,127,し,0
78,128,し,0
78,129,し,0
78,130,し,1433.1199999999808
78,131,し,1433.1199999999808
78,132,し,1433.1199999999808
78,133,し,0
78,134,し,0
78,135,し,0
78,136,し,0
79,126,し,0
79,127,し,0
79,128,し,0
79,129,し,0
79,130,し,1519.7799999999843
79,131,し,1519.7799999999843
79,132,し,1519.7799999999843
79,133,し,0
79,134,し,0
79,135,し,0
79,136,し,0
80,126,し,0
80,127,し,0
80,128,し,0
80,129,し,0
80,130,し,1527.1699999999983
80,131,し,1527.1699999999983
80,132,し,1527.1699999999983
80,133,し,0
80,134,し,0
80,135,し,0
80,136,し,0
81,126,し,0
81,127,し,0
81,128,し,0
81,129,し,0
81,130,し,499.99000000000524
81,131,し,499.99000000000524
81,132,し,499.99000000000524
81,133,し,0
81,134,し,0
81,135,し,0
81,136,し,0
82,126,し,0
82,127,し,0
82,128,し,0
82,129,し,0
82,130,し,639.7500000000146
82,131,し,639.7500000000146
82,132,し,639.7500000000146
82,133,し,0
82,134,し,0
82,135,し,0
82,136,し,0
82,126,た,0
82,127,た,0
82,128,た,0
82,129,た,0
82,130,た,639.7500000000146
82,131,た,639.7500000000146
82,132,た,639.7500000000146
82,133,た,0
82,134,た,0
82,135,た,0
82,136,た,0
83,126,た,0
83,127,た,0
83,128,た,0
83,129,た,0
83,130,た,729.8600000000006
83,131,た,729.8600000000006
83,132,た,729.8600000000006
83,133,た,0
83,134,た,0
83,135,た,0
83,136,た,0
84,126,た,0
84,127,た,0
84,128,た,0
84,129,た,0
84,130,た,853.5500000000029
84,131,た,853.5500000000029
84,132,た,853.5500000000029
84,133,た,0
84,134,た,0
84,135,た,0
84,136,た,0
85,126,た,0
85,127,た,0
85,128,た,0
85,129,た,0
85,130,た,871.1299999999901
85,131,た,871.1299999999901
85,132,た,871.1299999999901
85,133,た,0
85,134,た,0
85,135,た,0
85,136,た,0
86,126,た,0
86,127,た,0
86,128,た,0
86,129,た,0
86,130,た,959.3699999999953
86,131,た,959.3699999999953
86,132,た,959.3699999999953
86,133,た,0
86,134,た,0
86,135,た,0
86,136,た,0
87,126,た,0
87,127,た,0
87,128,た,0
87,129,た,0
87,130,た,1046.679999999993
87,131,た,1046.679999999993
87,132,た,1046.679999999993
87,133,た,0
87,134,た,0
87,135,た,0
87,136,た,0
88,126,た,0
88,127,た,0
88,128,た,0
88,129,た,0
88,130,た,890.820000000007
88,131,た,890.820000000007
88,132,た,890.820000000007
88,133,た,0
88,134,た,0
88,135,た,0
88,136,た,0
89,126,た,0
89,127,た,0
89,128,た,0
89,129,た,0
89,130,た,797.3899999999994
89,131,た,797.3899999999994
89,132,た,797.3899999999994
89,133,た,0
89,134,た,0
89,135,た,0
89,136,た,0
89,126,。,0
89,127,。,0
89,128,。,0
89,129,。,0
89,130,。,797.3899999999994
89,131,。,797.3899999999994
89,132,。,797.3899999999994
89,133,。,0
89,134,。,0
89,135,。,0
89,136,。,0
90,126,。,0
90,127,。,0
90,128,。,0
90,129,。,0
90,130,。,406.0899999999965
90,131,。,406.0899999999965
90,132,。,406.0899999999965
90,133,。,0
90,134,。,0
90,135,。,0
90,136,。,0
91,126,。,0
91,127,。,0
91,128,。,0
91,129,。,0
91,130,。,369.3099999999977
91,131,。,369.3099999999977
91,132,。,369.3099999999977
91,133,。,0
91,134,。,0
91,135,。,0
91,136,。,0
92,126,。,0
92,127,。,0
92,128,。,0
92,129,。,0
92,130,。,161.4600000000064
92,131,。,161.4600000000064
92,132,。,161.4600000000064
92,133,。,0
92,134,。,0
92,135,。,0
92,136,。,0
93,126,。,0
93,127,。,0
93,128,。,0
93,129,。,0
93,130,。,97.29000000000815
93,131,。,97.29000000000815
93,132,。,97.29000000000815
93,133,。,0
93,134,。,0
93,135,。,0
93,136,。,0
94,126,。,0
94,127,。,0
94,128,。,0
94,129,。,0
94,130,。,0
94,131,。,0
94,132,。,0
94,133,。,0
94,134,。,0
94,135,。,0
94,136,。,0
95,126,。,0
95,127,。,0
95,128,。,0
95,129,。,0
95,130,。,0
95,131,。,0
95,132,。,0
95,133,。,0
95,134,。,0
95,135,。,0
95,136,。,0
96,126,。,0
96,127,。,0
96,128,。,0
96,129,。,0
96,130,。,0
96,131,。,0
96,132,。,0
96,133,。,0
96,134,。,0
96,135,。,0
96,136,。,0
